Exercise,Type,Group,Muscle,Male Wood I,Male Wood II,Male Wood III,Male Wood IV,Male Wood V,Male Bronze I,Male Bronze II,Male Bronze III,Male Bronze IV,Male Bronze V,Male Silver I,Male Silver II,Male Silver III,Male Silver IV,Male Silver V,Male Gold I,Male Gold II,Male Gold III,Male Gold IV,Male Gold V,Male Platinum I,Male Platinum II,Male Platinum III,Male Platinum IV,Male Platinum V,Male Emerald I,Male Emerald II,Male Emerald III,Male Emerald IV,Male Emerald V,Male Sapphire I,Male Sapphire II,Male Sapphire III,Male Sapphire IV,Male Sapphire V,Male Ruby I,Male Ruby II,Male Ruby III,Male Ruby IV,Male Ruby V,Male Diamond I,Male Diamond II,Male Diamond III,Male Diamond IV,Male Diamond V,Male Blue Gem,Female Wood I,Female Wood II,Female Wood III,Female Wood IV,Female Wood V,Female Bronze I,Female Bronze II,Female Bronze III,Female Bronze IV,Female Bronze V,Female Silver I,Female Silver II,Female Silver III,Female Silver IV,Female Silver V,Female Gold I,Female Gold II,Female Gold III,Female Gold IV,Female Gold V,Female Platinum I,Female Platinum II,Female Platinum III,Female Platinum IV,Female Platinum V,Female Emerald I,Female Emerald II,Female Emerald III,Female Emerald IV,Female Emerald V,Female Sapphire I,Female Sapphire II,Female Sapphire III,Female Sapphire IV,Female Sapphire V,Female Ruby I,Female Ruby II,Female Ruby III,Female Ruby IV,Female Ruby V,Female Diamond I,Female Diamond II,Female Diamond III,Female Diamond IV,Female Diamond V,Female Blue Gem
Bench Press,B,Push,Chest,37.5,41.25,45.0,48.75,52.5,56.25,60.0,63.75,67.5,71.25,75.0,76.5,78.75,80.25,82.5,84.0,86.25,88.5,90.0,92.25,93.75,95.25,97.5,99.0,101.25,103.5,105.0,107.25,108.75,111.0,112.5,114.75,117.75,120.0,122.25,125.25,127.5,129.75,132.75,135.0,137.25,140.25,142.5,144.75,147.75,150.0,18.0,19.2,20.4,21.6,22.8,24.0,25.2,26.4,27.6,28.8,30.0,31.8,33.0,34.2,36.0,37.2,39.0,40.8,42.0,43.2,45.0,47.4,49.2,51.0,53.4,55.8,57.6,60.0,61.8,63.6,66.0,67.2,69.0,70.2,71.4,73.2,74.4,75.6,77.4,78.6,79.8,81.6,82.8,84.0,85.8,87.0
Incline Bench Press,B,Push,Chest,37.5,39.75,41.25,42.75,45.0,46.5,48.75,51.0,52.5,54.0,56.25,58.5,60.0,61.5,63.75,66.0,67.5,69.75,71.25,72.75,75.0,78.75,82.5,86.25,90.0,93.75,97.5,101.25,105.0,108.75,112.5,114.0,114.75,116.25,117.75,118.5,120.0,121.5,122.25,123.75,125.25,126.0,127.5,129.0,129.75,131.25,15.0,16.2,16.8,17.4,18.6,19.8,20.4,21.6,22.2,23.4,24.0,25.8,27.0,28.8,30.0,31.8,33.0,34.2,36.0,37.2,39.0,40.8,42.6,44.4,46.2,48.0,49.8,51.6,53.4,55.2,57.0,58.2,59.4,60.6,61.8,63.0,64.2,65.4,66.6,67.8,69.0,70.2,71.4,72.6,73.8,75.0
Dumbbell Bench Press,D,Push,Chest,30.0,32.25,34.5,36.75,39.0,41.25,43.5,45.75,48.0,50.25,52.5,54.75,57.0,59.25,61.5,63.75,66.0,68.25,70.5,72.75,75.0,78.0,81.0,84.0,87.0,90.0,93.0,96.0,99.0,102.0,105.0,107.25,108.75,111.0,113.25,114.75,117.0,119.25,120.75,123.0,125.25,126.75,129.0,131.25,132.75,135.0,13.8,15.0,16.2,17.4,18.6,19.8,21.0,22.2,23.4,24.6,25.8,27.6,28.8,30.0,31.8,33.0,34.2,36.0,37.2,38.4,40.2,42.0,43.8,46.2,48.0,49.8,52.2,54.0,55.8,58.2,60.0,61.2,62.4,64.2,65.4,66.6,67.8,69.6,70.8,72.0,73.2,74.4,76.2,77.4,78.6,79.8
Incline Dumbbell Press,D,Push,Chest,28.5,30.75,32.25,34.5,36.75,39.0,40.5,42.75,45.0,46.5,48.75,51.0,53.25,55.5,57.75,60.0,62.25,64.5,66.75,69.0,71.25,73.5,76.5,78.75,81.75,84.0,87.0,90.0,92.25,95.25,97.5,99.75,101.25,103.5,105.75,107.25,109.5,111.75,113.25,115.5,117.75,119.25,121.5,123.75,125.25,127.5,12.6,13.8,15.0,16.8,18.0,19.2,20.4,21.6,23.4,24.6,25.8,27.0,28.8,30.0,31.8,33.0,34.2,36.0,37.2,39.0,40.2,42.0,43.2,45.0,46.2,48.0,49.8,51.0,52.8,54.0,55.8,57.0,58.8,60.0,61.2,62.4,64.2,65.4,66.6,67.8,69.6,70.8,72.0,73.2,75.0,76.2
Machine Chest Press,M,Push,Chest,30.75,32.25,33.75,35.25,36.75,38.25,39.75,41.25,42.75,44.25,45.75,47.25,48.75,50.25,51.75,53.25,54.75,56.25,57.75,59.25,60.75,63.75,66.75,69.75,72.75,75.75,78.75,81.75,84.75,87.75,91.5,93.0,95.25,97.5,99.0,101.25,103.5,105.0,107.25,109.5,111.75,113.25,115.5,117.75,119.25,121.5,12.0,13.2,14.4,15.6,16.8,18.0,19.2,20.4,21.6,22.8,24.6,25.8,27.0,28.2,29.4,30.6,31.8,33.0,34.2,35.4,36.6,38.4,39.6,41.4,43.2,45.0,46.8,48.6,49.8,51.6,53.4,54.6,55.8,57.0,58.2,59.4,60.0,61.2,62.4,63.6,64.8,66.0,67.2,68.4,69.6,70.8
Overhead Press,B,Push,Shoulders,26.25,27.75,29.25,30.75,32.25,33.75,35.25,36.75,38.25,39.75,41.25,43.5,45.0,46.5,48.75,51.0,52.5,54.75,56.25,58.5,60.0,62.25,63.75,66.0,67.5,69.75,71.25,73.5,75.0,77.25,78.75,80.25,81.75,83.25,84.75,86.25,87.75,89.25,90.75,92.25,93.75,95.25,96.75,98.25,99.75,101.25,12.0,12.6,13.8,14.4,15.6,16.8,17.4,18.0,19.2,19.8,21.0,21.6,22.8,23.4,24.6,25.2,26.4,27.6,28.2,28.8,30.0,31.2,32.4,33.6,34.8,36.0,37.2,38.4,39.6,40.8,42.0,43.2,43.8,45.0,46.2,46.8,48.0,49.2,49.8,51.0,52.2,52.8,54.0,55.2,55.8,57.0
Dumbbell Shoulder Press,D,Push,Shoulders,21.0,22.5,23.25,24.75,25.5,27.0,28.5,29.25,30.75,31.5,33.0,34.5,36.0,36.75,38.25,39.75,41.25,42.75,43.5,45.0,46.5,48.0,49.5,51.0,52.5,54.0,55.5,57.0,58.5,60.0,61.5,63.0,63.75,65.25,66.75,68.25,69.0,70.5,72.0,73.5,74.25,75.75,77.25,78.75,79.5,81.0,9.6,10.2,10.8,12.0,12.6,13.2,13.8,14.4,15.6,16.2,16.8,17.4,18.0,19.2,19.8,20.4,21.0,21.6,22.8,23.4,24.0,25.2,25.8,27.0,27.6,28.8,30.0,30.6,31.8,32.4,33.6,34.2,35.4,36.0,36.6,37.8,38.4,39.0,40.2,40.8,41.4,42.6,43.2,43.8,45.0,45.6
Machine Shoulder Press,M,Push,Shoulders,21.0,22.5,24.0,24.75,26.25,27.0,28.5,30.0,30.75,32.25,33.75,35.25,36.75,38.25,39.75,41.25,42.75,44.25,45.75,47.25,48.75,50.25,51.75,53.25,54.75,56.25,57.75,59.25,60.75,62.25,63.75,65.25,66.0,67.5,69.0,69.75,71.25,72.0,73.5,75.0,75.75,77.25,78.75,79.5,81.0,81.75,9.6,10.2,11.4,12.0,12.6,13.2,13.8,15.0,15.6,16.2,16.8,18.0,18.6,19.2,19.8,20.4,21.6,22.2,22.8,23.4,24.6,25.2,26.4,27.0,28.2,29.4,30.0,31.2,31.8,33.0,34.2,34.8,35.4,36.6,37.2,37.8,39.0,39.6,40.2,41.4,42.0,43.2,43.8,44.4,45.6,46.2
Weighted Dip,W,Push,Triceps,78.0,80.25,82.5,84.0,86.25,88.5,90.75,93.0,94.5,96.75,99.0,101.25,104.25,106.5,108.75,111.0,114.0,116.25,118.5,121.5,123.75,126.75,129.75,132.75,135.75,138.0,141.0,144.0,147.0,150.0,153.0,155.25,156.75,159.0,161.25,163.5,165.0,167.25,169.5,171.75,173.25,175.5,177.75,180.0,181.5,183.75,45.0,46.2,48.0,49.2,50.4,51.6,53.4,54.6,55.8,57.6,58.8,60.6,62.4,64.2,66.0,67.8,69.6,71.4,73.2,75.0,76.8,78.6,81.0,82.8,85.2,87.0,88.8,91.2,93.0,95.4,97.2,98.4,100.2,101.4,103.2,104.4,105.6,107.4,108.6,110.4,111.6,112.8,114.6,115.8,117.6,118.8
Lateral Raise,D,Push,Shoulders,6.0,6.75,6.76,7.5,8.25,8.26,9.0,9.75,10.5,10.51,11.25,12.0,12.75,13.5,14.25,15.0,15.75,16.5,17.25,18.0,18.75,19.5,20.25,21.0,21.75,22.5,23.25,24.0,24.75,25.5,26.25,27.0,27.75,28.5,29.25,30.0,30.75,31.5,32.25,33.0,33.75,34.5,35.25,36.0,36.75,37.5,2.4,2.41,3.0,3.01,3.6,3.61,3.62,4.2,4.21,4.8,4.81,5.4,5.41,6.0,6.6,6.61,7.2,7.8,8.4,8.41,9.0,9.6,9.61,10.2,10.8,10.81,11.4,12.0,12.6,12.61,13.2,13.8,13.81,14.4,15.0,15.01,15.6,16.2,16.21,16.8,17.4,17.41,18.0,18.6,18.61,19.2
Cable Fly,M,Push,Chest,17.25,18.0,19.5,21.0,22.5,24.0,24.75,26.25,27.75,29.25,30.75,32.25,33.75,35.25,36.75,39.0,40.5,42.0,43.5,45.75,47.25,49.5,51.0,53.25,55.5,57.75,59.25,61.5,63.75,65.25,67.5,69.0,70.5,71.25,72.75,74.25,75.75,77.25,78.0,79.5,81.0,82.5,84.0,84.75,86.25,87.75,8.4,9.0,9.6,10.8,11.4,12.0,13.2,13.8,14.4,15.6,16.2,17.4,18.6,19.2,20.4,21.6,22.8,24.0,24.6,25.8,27.0,28.2,29.4,30.0,31.2,32.4,33.6,34.8,35.4,36.6,37.8,38.4,39.0,40.2,40.8,41.4,42.0,42.6,43.8,44.4,45.0,45.6,46.2,47.4,48.0,48.6
Pec Deck,M,Push,Chest,17.25,18.0,19.5,21.0,22.5,24.0,24.75,26.25,27.75,29.25,30.75,32.25,33.75,35.25,36.75,39.0,40.5,42.0,43.5,45.75,47.25,49.5,51.0,53.25,55.5,57.75,59.25,61.5,63.75,65.25,67.5,69.0,70.5,71.25,72.75,74.25,75.75,77.25,78.0,79.5,81.0,82.5,84.0,84.75,86.25,87.75,8.4,9.0,9.6,10.8,11.4,12.0,13.2,13.8,14.4,15.6,16.2,17.4,18.6,19.2,20.4,21.6,22.8,24.0,24.6,25.8,27.0,28.2,29.4,30.0,31.2,32.4,33.6,34.8,35.4,36.6,37.8,38.4,39.0,40.2,40.8,41.4,42.0,42.6,43.8,44.4,45.0,45.6,46.2,47.4,48.0,48.6
Tricep Pushdown,M,Push,Triceps,18.75,20.25,21.75,23.25,24.75,26.25,27.75,29.25,30.75,32.25,33.75,35.25,37.5,39.75,41.25,42.75,45.0,46.5,48.75,50.25,52.5,54.75,57.75,60.0,63.0,66.0,68.25,71.25,73.5,76.5,78.75,80.25,82.5,84.0,85.5,87.75,89.25,90.75,93.0,94.5,96.0,98.25,99.75,101.25,103.5,105.0,9.0,9.6,10.2,10.8,11.4,12.0,12.6,13.2,13.8,14.4,15.0,16.2,17.4,18.6,19.8,21.0,22.2,23.4,24.6,25.8,27.0,28.2,30.0,31.8,33.0,34.2,36.0,37.2,39.0,40.2,42.0,43.2,43.8,45.0,46.2,46.8,48.0,49.2,49.8,51.0,52.2,52.8,54.0,55.2,55.8,57.0
Skull Crusher,B,Push,Triceps,18.75,20.25,21.75,23.25,24.75,26.25,27.75,29.25,30.75,32.25,33.75,35.25,37.5,39.75,41.25,42.75,45.0,46.5,48.75,50.25,52.5,54.75,57.75,60.0,63.0,66.0,68.25,71.25,73.5,76.5,78.75,80.25,82.5,84.0,85.5,87.75,89.25,90.75,93.0,94.5,96.0,98.25,99.75,101.25,103.5,105.0,9.0,9.6,10.2,10.8,11.4,12.0,12.6,13.2,13.8,14.4,15.0,16.2,17.4,18.6,19.8,21.0,22.2,23.4,24.6,25.8,27.0,28.2,30.0,31.8,33.0,34.2,36.0,37.2,39.0,40.2,42.0,43.2,43.8,45.0,46.2,46.8,48.0,49.2,49.8,51.0,52.2,52.8,54.0,55.2,55.8,57.0
Overhead Tricep Extension,B,Push,Triceps,18.75,20.25,21.75,23.25,24.75,26.25,27.75,29.25,30.75,32.25,33.75,35.25,37.5,39.75,41.25,42.75,45.0,46.5,48.75,50.25,52.5,54.75,57.75,60.0,63.0,66.0,68.25,71.25,73.5,76.5,78.75,80.25,82.5,84.0,85.5,87.75,89.25,90.75,93.0,94.5,96.0,98.25,99.75,101.25,103.5,105.0,9.0,9.6,10.2,10.8,11.4,12.0,12.6,13.2,13.8,14.4,15.0,16.2,17.4,18.6,19.8,21.0,22.2,23.4,24.6,25.8,27.0,28.2,30.0,31.8,33.0,34.2,36.0,37.2,39.0,40.2,42.0,43.2,43.8,45.0,46.2,46.8,48.0,49.2,49.8,51.0,52.2,52.8,54.0,55.2,55.8,57.0
Dumbbell Chest Fly,D,Push,Chest,18.75,20.25,21.75,23.25,24.75,26.25,27.75,29.25,30.75,32.25,33.75,35.25,37.5,39.75,41.25,42.75,45.0,46.5,48.75,50.25,52.5,54.75,57.0,59.25,61.5,63.75,66.0,68.25,70.5,72.75,75.0,76.5,78.0,79.5,81.0,82.5,84.0,85.5,87.0,88.5,90.0,91.5,93.0,94.5,96.0,97.5,9.0,9.6,10.8,12.0,12.6,13.2,14.4,15.6,16.2,16.8,18.0,19.2,20.4,21.6,22.8,24.0,25.2,26.4,27.6,28.8,30.0,31.2,32.4,33.6,34.8,36.0,37.2,38.4,39.6,40.8,42.0,42.6,43.8,44.4,45.0,46.2,46.8,47.4,48.6,49.2,49.8,51.0,51.6,52.2,53.4,54.0
Incline Dumbbell Fly,D,Push,Chest,18.75,20.25,21.75,23.25,24.75,26.25,27.75,29.25,30.75,32.25,33.75,35.25,37.5,39.75,41.25,42.75,45.0,46.5,48.75,50.25,52.5,54.75,57.0,59.25,61.5,63.75,66.0,68.25,70.5,72.75,75.0,76.5,78.0,79.5,81.0,82.5,84.0,85.5,87.0,88.5,90.0,91.5,93.0,94.5,96.0,97.5,9.0,9.6,10.8,12.0,12.6,13.2,14.4,15.6,16.2,16.8,18.0,19.2,20.4,21.6,22.8,24.0,25.2,26.4,27.6,28.8,30.0,31.2,32.4,33.6,34.8,36.0,37.2,38.4,39.6,40.8,42.0,42.6,43.8,44.4,45.0,46.2,46.8,47.4,48.6,49.2,49.8,51.0,51.6,52.2,53.4,54.0
Push-Up,U,Push,Chest,15.0,16.5,18.0,19.5,21.0,22.5,24.0,25.5,27.0,28.5,30.0,32.25,33.75,36.0,37.5,39.75,41.25,42.75,45.0,46.5,48.75,51.0,53.25,55.5,57.75,60.0,62.25,64.5,66.75,69.0,71.25,72.75,75.0,76.5,78.0,80.25,81.75,83.25,85.5,87.0,88.5,90.75,92.25,93.75,96.0,97.5,7.2,7.8,9.0,9.6,10.2,10.8,12.0,12.6,13.2,14.4,15.0,16.2,17.4,18.6,19.8,21.0,22.2,23.4,24.6,25.8,27.0,28.2,30.0,31.8,33.0,34.2,36.0,37.2,39.0,40.2,42.0,43.2,44.4,45.6,46.8,48.0,49.2,50.4,51.6,52.8,54.0,55.2,56.4,57.6,58.8,60.0
Deadlift,B,Pull,Legs,75.0,78.75,82.5,86.25,90.0,93.75,97.5,101.25,105.0,108.75,112.5,116.25,120.0,123.75,127.5,131.25,135.0,138.75,142.5,146.25,150.0,153.75,157.5,161.25,165.0,168.75,172.5,176.25,180.0,183.75,187.5,191.25,195.0,198.75,202.5,206.25,210.0,213.75,217.5,221.25,225.0,228.75,232.5,236.25,240.0,243.75,45.0,46.8,48.0,49.2,51.0,52.8,54.0,55.8,57.0,58.2,60.0,63.0,66.0,69.0,72.0,75.0,78.0,81.0,84.0,87.0,90.0,93.0,96.0,99.0,102.0,105.0,108.0,111.0,114.0,117.0,120.0,121.8,124.2,126.0,127.8,130.2,132.0,133.8,136.2,138.0,139.8,142.2,144.0,145.8,148.2,150.0
Barbell Row,B,Pull,Back,37.5,39.75,41.25,42.75,45.0,46.5,48.75,51.0,52.5,54.0,56.25,58.5,60.0,61.5,63.75,66.0,67.5,69.75,71.25,72.75,75.0,78.75,82.5,86.25,90.0,93.75,97.5,101.25,105.0,108.75,112.5,114.0,114.75,116.25,117.75,118.5,120.0,121.5,122.25,123.75,125.25,126.0,127.5,129.0,129.75,131.25,21.0,21.6,22.8,23.4,24.6,25.2,26.4,27.6,28.2,28.8,30.0,31.8,33.0,34.2,36.0,37.2,39.0,40.8,42.0,43.2,45.0,46.8,48.0,49.2,51.0,52.8,54.0,55.8,57.0,58.2,60.0,61.2,62.4,63.6,64.8,66.0,67.2,68.4,69.6,70.8,72.0,73.2,74.4,75.6,76.8,78.0
Dumbbell Row,D,Pull,Back,37.5,39.75,41.25,42.75,45.0,46.5,48.75,51.0,52.5,54.0,56.25,58.5,60.0,61.5,63.75,66.0,67.5,69.75,71.25,72.75,75.0,78.75,82.5,86.25,90.0,93.75,97.5,101.25,105.0,108.75,112.5,114.0,114.75,116.25,117.75,118.5,120.0,121.5,122.25,123.75,125.25,126.0,127.5,129.0,129.75,131.25,21.0,21.6,22.8,23.4,24.6,25.2,26.4,27.6,28.2,28.8,30.0,31.8,33.0,34.2,36.0,37.2,39.0,40.8,42.0,43.2,45.0,46.8,48.0,49.2,51.0,52.8,54.0,55.8,57.0,58.2,60.0,61.2,62.4,63.6,64.8,66.0,67.2,68.4,69.6,70.8,72.0,73.2,74.4,75.6,76.8,78.0
Pull-Up,U,Pull,Back,72.0,73.5,75.0,76.5,78.0,79.5,81.75,83.25,84.75,86.25,87.75,89.25,91.5,93.0,95.25,96.75,98.25,100.5,102.0,104.25,105.75,108.0,110.25,111.75,114.0,116.25,118.5,120.75,122.25,124.5,126.75,128.25,129.75,131.25,132.0,133.5,135.0,136.5,138.0,139.5,141.0,142.5,143.25,144.75,146.25,147.75,43.8,45.0,46.2,47.4,48.6,49.2,50.4,51.6,52.8,54.0,55.2,56.4,57.6,58.8,60.0,61.2,63.0,64.2,65.4,66.6,67.8,69.6,70.8,72.6,73.8,75.6,76.8,78.6,79.8,81.6,82.8,84.0,85.2,85.8,87.0,88.2,88.8,90.0,91.2,91.8,93.0,94.2,94.8,96.0,97.2,97.8
Chin-Up,U,Pull,Back,73.5,75.0,76.5,78.0,79.5,81.0,83.25,84.75,86.25,87.75,89.25,90.75,93.0,94.5,96.75,98.25,99.75,102.0,103.5,105.75,107.25,109.5,111.0,113.25,115.5,117.0,119.25,121.5,123.75,125.25,127.5,129.0,130.5,131.25,132.75,134.25,135.75,137.25,138.0,139.5,141.0,142.5,144.0,144.75,146.25,147.75,45.0,46.2,47.4,48.0,49.2,50.4,51.6,52.8,53.4,54.6,55.8,57.0,58.2,60.0,61.2,62.4,63.6,64.8,66.6,67.8,69.0,70.2,72.0,73.2,75.0,76.2,78.0,79.2,81.0,82.8,84.0,85.2,85.8,87.0,88.2,88.8,90.0,91.2,91.8,93.0,94.2,94.8,96.0,97.2,97.8,99.0
Lat Pulldown,M,Pull,Back,37.5,39.75,41.25,42.75,45.0,46.5,48.75,51.0,52.5,54.0,56.25,58.5,60.0,61.5,63.75,66.0,67.5,69.75,71.25,72.75,75.0,78.75,82.5,86.25,90.0,93.75,97.5,101.25,105.0,108.75,112.5,114.0,114.75,116.25,117.75,118.5,120.0,121.5,122.25,123.75,125.25,126.0,127.5,129.0,129.75,131.25,21.0,21.6,22.8,23.4,24.6,25.2,26.4,27.6,28.2,28.8,30.0,31.8,33.0,34.2,36.0,37.2,39.0,40.8,42.0,43.2,45.0,46.2,47.4,48.6,49.8,51.0,52.2,53.4,54.6,55.8,57.0,58.2,59.4,60.6,61.8,63.0,64.2,65.4,66.6,67.8,69.0,70.2,71.4,72.6,73.8,75.0
Seated Cable Row,M,Pull,Back,37.5,39.75,41.25,42.75,45.0,46.5,48.75,51.0,52.5,54.0,56.25,58.5,60.0,61.5,63.75,66.0,67.5,69.75,71.25,72.75,75.0,78.75,82.5,86.25,90.0,93.75,97.5,101.25,105.0,108.75,112.5,114.0,114.75,116.25,117.75,118.5,120.0,121.5,122.25,123.75,125.25,126.0,127.5,129.0,129.75,131.25,21.0,21.6,22.8,23.4,24.6,25.2,26.4,27.6,28.2,28.8,30.0,31.8,33.0,34.2,36.0,37.2,39.0,40.8,42.0,43.2,45.0,46.8,48.0,49.2,51.0,52.8,54.0,55.8,57.0,58.2,60.0,61.2,62.4,63.6,64.8,66.0,67.2,68.4,69.6,70.8,72.0,73.2,74.4,75.6,76.8,78.0
T-Bar Row,B,Pull,Back,37.5,39.75,41.25,42.75,45.0,46.5,48.75,51.0,52.5,54.0,56.25,58.5,60.0,61.5,63.75,66.0,67.5,69.75,71.25,72.75,75.0,78.75,82.5,86.25,90.0,93.75,97.5,101.25,105.0,108.75,112.5,114.0,114.75,116.25,117.75,118.5,120.0,121.5,122.25,123.75,125.25,126.0,127.5,129.0,129.75,131.25,21.0,21.6,22.8,23.4,24.6,25.2,26.4,27.6,28.2,28.8,30.0,31.8,33.0,34.2,36.0,37.2,39.0,40.8,42.0,43.2,45.0,46.8,48.0,49.2,51.0,52.8,54.0,55.8,57.0,58.2,60.0,61.2,62.4,63.6,64.8,66.0,67.2,68.4,69.6,70.8,72.0,73.2,74.4,75.6,76.8,78.0
Face Pull,M,Pull,Back,6.75,7.5,8.25,9.0,9.75,10.5,10.51,11.25,12.0,12.75,13.5,14.25,15.75,16.5,17.25,18.75,19.5,20.25,21.75,22.5,24.0,24.75,25.5,27.0,27.75,28.5,30.0,30.75,31.5,33.0,33.75,34.5,35.25,36.75,37.5,38.25,39.0,39.75,41.25,42.0,42.75,43.5,44.25,45.75,46.5,47.25,2.4,3.0,3.01,3.6,3.61,4.2,4.21,4.8,4.81,5.4,5.41,6.0,6.6,7.2,7.8,8.4,9.0,10.2,10.8,11.4,12.0,12.6,13.2,13.8,14.4,15.6,16.2,16.8,17.4,18.0,19.2,19.21,19.8,20.4,21.0,21.6,22.2,22.8,23.4,24.0,24.6,24.61,25.2,25.8,26.4,27.0
Rear Delt Fly,D,Pull,Shoulders,7.5,8.25,9.0,9.75,10.5,11.25,12.0,12.75,13.5,14.25,15.0,15.75,17.25,18.0,19.5,21.0,21.75,22.5,24.0,24.75,26.25,27.0,28.5,29.25,30.75,31.5,33.0,34.5,35.25,36.0,37.5,38.25,39.75,40.5,41.25,42.75,43.5,44.25,45.75,46.5,47.25,48.75,49.5,50.25,51.75,52.5,3.0,3.6,3.61,4.2,4.21,4.8,4.81,5.4,5.41,6.0,6.01,6.6,7.2,8.4,9.0,9.6,10.2,10.8,12.0,12.6,13.2,13.8,15.0,15.6,16.2,16.8,18.0,18.6,19.2,20.4,21.0,21.6,22.2,22.8,23.4,24.0,24.6,25.2,25.8,26.4,27.0,27.6,28.2,28.8,29.4,30.0
Barbell Shrug,B,Pull,Shoulders,37.5,41.25,45.0,48.75,52.5,56.25,60.0,63.75,67.5,71.25,75.0,76.5,78.75,80.25,82.5,84.0,86.25,88.5,90.0,92.25,93.75,95.25,97.5,99.0,101.25,103.5,105.0,107.25,108.75,111.0,112.5,114.75,117.75,120.0,122.25,125.25,127.5,129.75,132.75,135.0,137.25,140.25,142.5,144.75,147.75,150.0,18.0,19.2,20.4,21.6,22.8,24.0,25.2,26.4,27.6,28.8,30.0,31.8,33.0,34.2,36.0,37.2,39.0,40.8,42.0,43.2,45.0,47.4,49.2,51.0,53.4,55.8,57.6,60.0,61.8,63.6,66.0,67.2,69.0,70.2,71.4,73.2,74.4,75.6,77.4,78.6,79.8,81.6,82.8,84.0,85.8,87.0
Dumbbell Shrug,D,Pull,Shoulders,37.5,41.25,45.0,48.75,52.5,56.25,60.0,63.75,67.5,71.25,75.0,76.5,78.75,80.25,82.5,84.0,86.25,88.5,90.0,92.25,93.75,95.25,97.5,99.0,101.25,103.5,105.0,107.25,108.75,111.0,112.5,114.75,117.75,120.0,122.25,125.25,127.5,129.75,132.75,135.0,137.25,140.25,142.5,144.75,147.75,150.0,18.0,19.2,20.4,21.6,22.8,24.0,25.2,26.4,27.6,28.8,30.0,31.8,33.0,34.2,36.0,37.2,39.0,40.8,42.0,43.2,45.0,47.4,49.2,51.0,53.4,55.8,57.6,60.0,61.8,63.6,66.0,67.2,69.0,70.2,71.4,73.2,74.4,75.6,77.4,78.6,79.8,81.6,82.8,84.0,85.8,87.0
Reverse Pec Deck,M,Pull,Shoulders,17.25,18.0,19.5,21.0,22.5,24.0,24.75,26.25,27.75,29.25,30.75,32.25,33.75,35.25,36.75,39.0,40.5,42.0,43.5,45.75,47.25,49.5,51.0,53.25,55.5,57.75,59.25,61.5,63.75,65.25,67.5,69.0,70.5,71.25,72.75,74.25,75.75,77.25,78.0,79.5,81.0,82.5,84.0,84.75,86.25,87.75,8.4,9.0,9.6,10.8,11.4,12.0,13.2,13.8,14.4,15.6,16.2,17.4,18.6,19.2,20.4,21.6,22.8,24.0,24.6,25.8,27.0,28.2,29.4,30.0,31.2,32.4,33.6,34.8,35.4,36.6,37.8,38.4,39.0,40.2,40.8,41.4,42.0,42.6,43.8,44.4,45.0,45.6,46.2,47.4,48.0,48.6
Barbell Curl,B,Pull,Biceps,18.75,20.25,21.0,21.75,23.25,24.75,25.5,27.0,27.75,29.25,30.0,31.5,33.0,34.5,36.0,37.5,39.0,40.5,42.0,43.5,45.0,46.5,48.0,49.5,51.0,52.5,54.0,55.5,57.0,58.5,60.0,61.5,62.25,63.75,65.25,66.0,67.5,69.0,69.75,71.25,72.75,73.5,75.0,76.5,77.25,78.75,6.0,7.2,7.8,9.0,9.6,10.2,11.4,12.6,13.2,13.8,15.0,16.2,16.8,17.4,18.6,19.8,20.4,21.6,22.2,23.4,24.0,25.2,25.8,27.0,27.6,28.8,29.4,30.6,31.2,32.4,33.0,33.6,34.8,35.4,36.0,37.2,37.8,38.4,39.6,40.2,40.8,42.0,42.6,43.2,44.4,45.0
Dumbbell Curl,D,Pull,Biceps,7.5,8.25,8.26,9.0,9.01,9.02,9.75,10.5,10.51,10.52,11.25,12.0,13.5,15.0,15.75,16.5,18.0,19.5,20.25,21.0,22.5,23.25,24.0,24.75,25.5,26.25,27.0,27.75,28.5,29.25,30.0,30.75,31.5,32.25,33.0,33.75,34.5,35.25,36.0,36.75,37.5,38.25,39.0,39.75,40.5,41.25,3.0,3.6,3.61,4.2,4.21,4.8,4.81,5.4,5.41,6.0,6.01,6.6,7.2,7.8,8.4,9.0,9.6,10.2,10.8,11.4,12.0,12.6,13.2,13.8,14.4,15.0,15.6,16.2,16.8,17.4,18.0,18.6,18.61,19.2,19.8,19.81,20.4,21.0,21.01,21.6,22.2,22.21,22.8,23.4,23.41,24.0
Hammer Curl,D,Pull,Biceps,7.5,8.25,8.26,9.0,9.01,9.02,9.75,10.5,10.51,10.52,11.25,12.0,13.5,15.0,15.75,16.5,18.0,19.5,20.25,21.0,22.5,23.25,24.0,24.75,25.5,26.25,27.0,27.75,28.5,29.25,30.0,30.75,31.5,32.25,33.0,33.75,34.5,35.25,36.0,36.75,37.5,38.25,39.0,39.75,40.5,41.25,3.0,3.6,3.61,4.2,4.21,4.8,4.81,5.4,5.41,6.0,6.01,6.6,7.2,7.8,8.4,9.0,9.6,10.2,10.8,11.4,12.0,12.6,13.2,13.8,14.4,15.0,15.6,16.2,16.8,17.4,18.0,18.6,18.61,19.2,19.8,19.81,20.4,21.0,21.01,21.6,22.2,22.21,22.8,23.4,23.41,24.0
Preacher Curl,B,Pull,Biceps,18.75,20.25,21.0,21.75,23.25,24.75,25.5,27.0,27.75,29.25,30.0,31.5,33.0,34.5,36.0,37.5,39.0,40.5,42.0,43.5,45.0,46.5,48.0,49.5,51.0,52.5,54.0,55.5,57.0,58.5,60.0,61.5,62.25,63.75,65.25,66.0,67.5,69.0,69.75,71.25,72.75,73.5,75.0,76.5,77.25,78.75,6.0,7.2,7.8,9.0,9.6,10.2,11.4,12.6,13.2,13.8,15.0,16.2,16.8,17.4,18.6,19.8,20.4,21.6,22.2,23.4,24.0,25.2,25.8,27.0,27.6,28.8,29.4,30.6,31.2,32.4,33.0,33.6,34.8,35.4,36.0,37.2,37.8,38.4,39.6,40.2,40.8,42.0,42.6,43.2,44.4,45.0
Cable Curl,M,Pull,Biceps,17.25,18.0,18.75,20.25,21.0,21.75,23.25,24.0,24.75,26.25,27.0,28.5,30.0,30.75,32.25,33.75,35.25,36.75,37.5,39.0,40.5,42.0,43.5,44.25,45.75,47.25,48.75,50.25,51.0,52.5,54.0,54.75,56.25,57.75,58.5,59.25,60.75,61.5,63.0,63.75,65.25,66.75,67.5,68.25,69.75,70.5,5.4,6.0,7.2,7.8,8.4,9.6,10.2,10.8,12.0,12.6,13.8,14.4,15.0,16.2,16.8,17.4,18.6,19.2,19.8,21.0,21.6,22.2,23.4,24.0,24.6,25.8,26.4,27.0,28.2,28.8,29.4,30.6,31.2,31.8,32.4,33.6,34.2,34.8,35.4,36.0,36.6,37.8,38.4,39.0,39.6,40.8
Squat,B,Legs,Legs,56.25,60.0,63.75,67.5,71.25,75.0,78.75,82.5,86.25,90.0,93.75,97.5,101.25,105.0,108.75,112.5,116.25,120.0,123.75,127.5,131.25,135.0,138.75,142.5,146.25,150.0,153.75,157.5,161.25,165.0,168.75,171.0,174.0,176.25,178.5,181.5,183.75,186.0,189.0,191.25,193.5,196.5,198.75,201.0,204.0,206.25,30.0,31.8,33.0,34.2,36.0,37.2,39.0,40.8,42.0,43.2,45.0,48.0,51.0,54.0,57.0,60.0,63.0,66.0,69.0,72.0,75.0,78.0,81.0,84.0,87.0,90.0,93.0,96.0,99.0,102.0,105.0,106.8,109.2,111.0,112.8,115.2,117.0,118.8,121.2,123.0,124.8,127.2,129.0,130.8,133.2,135.0
Front Squat,B,Legs,Legs,56.25,60.0,63.75,67.5,71.25,75.0,78.75,82.5,86.25,90.0,93.75,97.5,101.25,105.0,108.75,112.5,116.25,120.0,123.75,127.5,131.25,135.0,138.75,142.5,146.25,150.0,153.75,157.5,161.25,165.0,168.75,171.0,174.0,176.25,178.5,181.5,183.75,186.0,189.0,191.25,193.5,196.5,198.75,201.0,204.0,206.25,30.0,31.8,33.0,34.2,36.0,37.2,39.0,40.8,42.0,43.2,45.0,48.0,51.0,54.0,57.0,60.0,63.0,66.0,69.0,72.0,75.0,78.0,81.0,84.0,87.0,90.0,93.0,96.0,99.0,102.0,105.0,106.8,109.2,111.0,112.8,115.2,117.0,118.8,121.2,123.0,124.8,127.2,129.0,130.8,133.2,135.0
Leg Press,M,Legs,Legs,93.75,99.0,105.0,111.0,116.25,121.5,127.5,132.75,138.75,144.75,150.0,156.0,161.25,167.25,172.5,178.5,183.75,189.0,195.0,200.25,206.25,216.0,225.0,234.0,243.75,253.5,262.5,271.5,281.25,291.0,300.0,306.0,312.75,318.75,324.75,331.5,337.5,343.5,350.25,356.25,362.25,369.0,375.0,381.0,387.75,393.75,45.0,49.2,54.0,58.2,63.0,67.2,72.0,76.2,81.0,85.8,90.0,94.2,99.0,103.8,108.0,112.8,117.0,121.2,126.0,130.2,135.0,141.0,147.0,153.0,159.0,165.0,171.0,177.0,183.0,189.0,195.0,199.8,205.2,210.0,214.8,220.2,225.0,229.8,235.2,240.0,244.8,250.2,255.0,259.8,265.2,270.0
Hack Squat,M,Legs,Legs,56.25,60.0,63.75,67.5,71.25,75.0,78.75,82.5,86.25,90.0,93.75,99.0,105.0,111.0,116.25,121.5,127.5,132.75,138.75,144.75,150.0,156.0,161.25,167.25,172.5,178.5,183.75,189.0,195.0,200.25,206.25,211.5,216.0,221.25,226.5,231.0,236.25,241.5,246.0,251.25,256.5,261.0,266.25,271.5,276.0,281.25,30.0,31.8,33.0,34.2,36.0,37.2,39.0,40.8,42.0,43.2,45.0,49.2,54.0,58.2,63.0,67.2,72.0,76.2,81.0,85.8,90.0,94.2,99.0,103.8,108.0,112.8,117.0,121.2,126.0,130.2,135.0,138.0,141.0,144.0,147.0,150.0,153.0,156.0,159.0,162.0,165.0,168.0,171.0,174.0,177.0,180.0
Bulgarian Split Squat,B,Legs,Legs,56.25,60.0,63.75,67.5,71.25,75.0,78.75,82.5,86.25,90.0,93.75,97.5,101.25,105.0,108.75,112.5,116.25,120.0,123.75,127.5,131.25,135.0,138.75,142.5,146.25,150.0,153.75,157.5,161.25,165.0,168.75,171.0,174.0,176.25,178.5,181.5,183.75,186.0,189.0,191.25,193.5,196.5,198.75,201.0,204.0,206.25,30.0,31.8,33.0,34.2,36.0,37.2,39.0,40.8,42.0,43.2,45.0,48.0,51.0,54.0,57.0,60.0,63.0,66.0,69.0,72.0,75.0,78.0,81.0,84.0,87.0,90.0,93.0,96.0,99.0,102.0,105.0,106.8,109.2,111.0,112.8,115.2,117.0,118.8,121.2,123.0,124.8,127.2,129.0,130.8,133.2,135.0
Barbell Lunge,B,Legs,Legs,37.5,41.25,45.0,48.75,52.5,56.25,60.0,63.75,67.5,71.25,75.0,76.5,78.75,80.25,82.5,84.0,86.25,88.5,90.0,92.25,93.75,95.25,97.5,99.0,101.25,103.5,105.0,107.25,108.75,111.0,112.5,114.75,117.75,120.0,122.25,125.25,127.5,129.75,132.75,135.0,137.25,140.25,142.5,144.75,147.75,150.0,18.0,19.2,20.4,21.6,22.8,24.0,25.2,26.4,27.6,28.8,30.0,31.8,33.0,34.2,36.0,37.2,39.0,40.8,42.0,43.2,45.0,47.4,49.2,51.0,53.4,55.8,57.6,60.0,61.8,63.6,66.0,67.2,69.0,70.2,71.4,73.2,74.4,75.6,77.4,78.6,79.8,81.6,82.8,84.0,85.8,87.0
Walking Lunge,D,Legs,Legs,37.5,41.25,45.0,48.75,52.5,56.25,60.0,63.75,67.5,71.25,75.0,76.5,78.75,80.25,82.5,84.0,86.25,88.5,90.0,92.25,93.75,95.25,97.5,99.0,101.25,103.5,105.0,107.25,108.75,111.0,112.5,114.75,117.75,120.0,122.25,125.25,127.5,129.75,132.75,135.0,137.25,140.25,142.5,144.75,147.75,150.0,18.0,19.2,20.4,21.6,22.8,24.0,25.2,26.4,27.6,28.8,30.0,31.8,33.0,34.2,36.0,37.2,39.0,40.8,42.0,43.2,45.0,47.4,49.2,51.0,53.4,55.8,57.6,60.0,61.8,63.6,66.0,67.2,69.0,70.2,71.4,73.2,74.4,75.6,77.4,78.6,79.8,81.6,82.8,84.0,85.8,87.0
Romanian Deadlift,B,Legs,Legs,56.25,58.5,60.0,61.5,63.75,66.0,67.5,69.75,71.25,72.75,75.0,78.75,82.5,86.25,90.0,93.75,97.5,101.25,105.0,108.75,112.5,116.25,120.0,123.75,127.5,131.25,135.0,138.75,142.5,146.25,150.0,153.75,157.5,161.25,165.0,168.75,172.5,176.25,180.0,183.75,187.5,191.25,195.0,198.75,202.5,206.25,30.0,31.8,33.0,34.2,36.0,37.2,39.0,40.8,42.0,43.2,45.0,46.8,48.0,49.2,51.0,52.8,54.0,55.8,57.0,58.2,60.0,63.0,66.0,69.0,72.0,75.0,78.0,81.0,84.0,87.0,90.0,91.8,94.2,96.0,97.8,100.2,102.0,103.8,106.2,108.0,109.8,112.2,114.0,115.8,118.2,120.0
Hip Thrust,B,Legs,Glutes,37.5,42.75,48.75,54.0,60.0,66.0,71.25,76.5,82.5,88.5,93.75,97.5,101.25,105.0,108.75,112.5,116.25,120.0,123.75,127.5,131.25,138.75,146.25,153.75,161.25,168.75,176.25,183.75,191.25,198.75,206.25,211.5,216.0,221.25,226.5,231.0,236.25,241.5,246.0,251.25,256.5,261.0,266.25,271.5,276.0,281.25,30.0,33.0,36.0,39.0,42.0,45.0,48.0,51.0,54.0,57.0,60.0,64.2,69.0,73.8,78.0,82.8,87.0,91.2,96.0,100.8,105.0,109.2,114.0,118.8,123.0,127.2,132.0,136.2,141.0,145.2,150.0,153.0,156.0,159.0,162.0,165.0,168.0,171.0,174.0,177.0,180.0,183.0,186.0,189.0,192.0,195.0
Leg Extension,M,Legs,Legs,37.5,41.25,45.0,48.75,52.5,56.25,60.0,63.75,67.5,71.25,75.0,76.5,78.75,80.25,82.5,84.0,86.25,88.5,90.0,92.25,93.75,97.5,101.25,105.0,108.75,112.5,116.25,120.0,123.75,127.5,131.25,135.0,138.75,142.5,146.25,150.0,153.75,157.5,161.25,165.0,168.75,172.5,176.25,180.0,183.75,187.5,15.0,16.8,18.0,19.8,21.0,22.8,24.0,25.2,27.0,28.2,30.0,33.0,36.0,39.0,42.0,45.0,48.0,51.0,54.0,57.0,60.0,61.2,63.0,64.2,66.0,67.2,69.0,70.8,72.0,73.8,75.0,76.8,79.2,81.0,82.8,85.2,87.0,88.8,91.2,93.0,94.8,97.2,99.0,100.8,103.2,105.0
Leg Curl,M,Legs,Legs,17.25,18.75,20.25,21.75,24.0,25.5,27.0,28.5,30.75,32.25,33.75,35.25,36.75,39.0,40.5,42.0,43.5,45.75,47.25,48.75,51.0,54.0,57.75,60.75,63.75,67.5,71.25,74.25,78.0,81.0,84.0,87.0,89.25,91.5,93.0,95.25,97.5,99.75,102.0,105.0,107.25,109.5,111.0,113.25,115.5,117.75,10.8,12.0,13.2,13.8,15.0,16.2,17.4,18.6,19.2,20.4,21.6,22.8,24.0,25.8,27.0,28.2,29.4,31.2,32.4,33.6,34.8,36.6,38.4,40.2,41.4,43.2,45.0,46.2,48.0,49.8,51.0,52.8,54.0,55.2,56.4,57.6,58.8,60.0,61.2,62.4,63.6,65.4,66.6,67.8,69.0,70.2
Standing Calf Raise,M,Legs,Legs,33.75,36.75,40.5,43.5,47.25,51.0,54.0,57.75,60.75,63.75,67.5,72.75,77.25,82.5,87.75,93.0,97.5,102.75,108.0,113.25,117.75,123.0,128.25,133.5,138.0,143.25,148.5,153.75,159.0,163.5,168.75,171.75,175.5,178.5,182.25,186.0,189.0,192.0,195.75,198.75,202.5,206.25,209.25,212.25,216.0,219.0,19.2,21.0,23.4,25.2,27.6,29.4,31.8,34.2,36.0,38.4,40.8,43.2,46.2,48.6,51.0,54.0,57.0,59.4,62.4,64.8,67.2,70.2,73.2,75.6,78.0,81.0,84.0,86.4,88.8,91.8,94.2,97.2,100.2,102.6,105.0,108.0,110.4,113.4,116.4,118.8,121.2,124.2,127.2,129.6,132.6,135.0
Seated Calf Raise,M,Legs,Legs,33.75,36.75,40.5,43.5,47.25,51.0,54.0,57.75,60.75,63.75,67.5,72.75,77.25,82.5,87.75,93.0,97.5,102.75,108.0,113.25,117.75,123.0,128.25,133.5,138.0,143.25,148.5,153.75,159.0,163.5,168.75,171.75,175.5,178.5,182.25,186.0,189.0,192.0,195.75,198.75,202.5,206.25,209.25,212.25,216.0,219.0,19.2,21.0,23.4,25.2,27.6,29.4,31.8,34.2,36.0,38.4,40.8,43.2,46.2,48.6,51.0,54.0,57.0,59.4,62.4,64.8,67.2,70.2,73.2,75.6,78.0,81.0,84.0,86.4,88.8,91.8,94.2,97.2,100.2,102.6,105.0,108.0,110.4,113.4,116.4,118.8,121.2,124.2,127.2,129.6,132.6,135.0
Hip Abduction Machine,M,Legs,Glutes,30.75,32.25,33.75,35.25,36.75,38.25,39.75,41.25,42.75,44.25,45.75,47.25,48.75,50.25,51.75,53.25,54.75,56.25,57.75,59.25,60.75,63.75,66.75,69.75,72.75,75.75,78.75,81.75,84.75,87.75,91.5,93.0,95.25,97.5,99.0,101.25,103.5,105.0,107.25,109.5,111.75,113.25,115.5,117.75,119.25,121.5,12.0,13.2,14.4,15.6,16.8,18.0,19.2,20.4,21.6,22.8,24.6,25.8,27.0,28.2,29.4,30.6,31.8,33.0,34.2,35.4,36.6,38.4,39.6,41.4,43.2,45.0,46.8,48.6,49.8,51.6,53.4,54.6,55.8,57.0,58.2,59.4,60.0,61.2,62.4,63.6,64.8,66.0,67.2,68.4,69.6,70.8
Hip Adduction Machine,M,Legs,Glutes,30.75,32.25,33.75,35.25,36.75,38.25,39.75,41.25,42.75,44.25,45.75,47.25,48.75,50.25,51.75,53.25,54.75,56.25,57.75,59.25,60.75,63.75,66.75,69.75,72.75,75.75,78.75,81.75,84.75,87.75,91.5,93.0,95.25,97.5,99.0,101.25,103.5,105.0,107.25,109.5,111.75,113.25,115.5,117.75,119.25,121.5,12.0,13.2,14.4,15.6,16.8,18.0,19.2,20.4,21.6,22.8,24.6,25.8,27.0,28.2,29.4,30.6,31.8,33.0,34.2,35.4,36.6,38.4,39.6,41.4,43.2,45.0,46.8,48.6,49.8,51.6,53.4,54.6,55.8,57.0,58.2,59.4,60.0,61.2,62.4,63.6,64.8,66.0,67.2,68.4,69.6,70.8
Step-Up,D,Legs,Legs,37.5,41.25,45.0,48.75,52.5,56.25,60.0,63.75,67.5,71.25,75.0,76.5,78.75,80.25,82.5,84.0,86.25,88.5,90.0,92.25,93.75,95.25,97.5,99.0,101.25,103.5,105.0,107.25,108.75,111.0,112.5,114.75,117.75,120.0,122.25,125.25,127.5,129.75,132.75,135.0,137.25,140.25,142.5,144.75,147.75,150.0,18.0,19.2,20.4,21.6,22.8,24.0,25.2,26.4,27.6,28.8,30.0,31.8,33.0,34.2,36.0,37.2,39.0,40.8,42.0,43.2,45.0,47.4,49.2,51.0,53.4,55.8,57.6,60.0,61.8,63.6,66.0,67.2,69.0,70.2,71.4,73.2,74.4,75.6,77.4,78.6,79.8,81.6,82.8,84.0,85.8,87.0
Hanging Leg Raise,U,Core,Core,15.0,16.5,18.0,19.5,21.0,22.5,24.0,25.5,27.0,28.5,30.0,32.25,33.75,36.0,37.5,39.75,41.25,42.75,45.0,46.5,48.75,51.0,53.25,55.5,57.75,60.0,62.25,64.5,66.75,69.0,71.25,72.75,75.0,76.5,78.0,80.25,81.75,83.25,85.5,87.0,88.5,90.75,92.25,93.75,96.0,97.5,7.2,7.8,9.0,9.6,10.2,10.8,12.0,12.6,13.2,14.4,15.0,16.2,17.4,18.6,19.8,21.0,22.2,23.4,24.6,25.8,27.0,28.2,30.0,31.8,33.0,34.2,36.0,37.2,39.0,40.2,42.0,43.2,44.4,45.6,46.8,48.0,49.2,50.4,51.6,52.8,54.0,55.2,56.4,57.6,58.8,60.0
Cable Crunch,M,Core,Core,15.0,16.5,18.0,19.5,21.0,22.5,24.0,25.5,27.0,28.5,30.0,32.25,33.75,36.0,37.5,39.75,41.25,42.75,45.0,46.5,48.75,51.0,53.25,55.5,57.75,60.0,62.25,64.5,66.75,69.0,71.25,72.75,75.0,76.5,78.0,80.25,81.75,83.25,85.5,87.0,88.5,90.75,92.25,93.75,96.0,97.5,7.2,7.8,9.0,9.6,10.2,10.8,12.0,12.6,13.2,14.4,15.0,16.2,17.4,18.6,19.8,21.0,22.2,23.4,24.6,25.8,27.0,28.2,30.0,31.8,33.0,34.2,36.0,37.2,39.0,40.2,42.0,43.2,44.4,45.6,46.8,48.0,49.2,50.4,51.6,52.8,54.0,55.2,56.4,57.6,58.8,60.0
Ab Wheel,U,Core,Core,15.0,16.5,18.0,19.5,21.0,22.5,24.0,25.5,27.0,28.5,30.0,32.25,33.75,36.0,37.5,39.75,41.25,42.75,45.0,46.5,48.75,51.0,53.25,55.5,57.75,60.0,62.25,64.5,66.75,69.0,71.25,72.75,75.0,76.5,78.0,80.25,81.75,83.25,85.5,87.0,88.5,90.75,92.25,93.75,96.0,97.5,7.2,7.8,9.0,9.6,10.2,10.8,12.0,12.6,13.2,14.4,15.0,16.2,17.4,18.6,19.8,21.0,22.2,23.4,24.6,25.8,27.0,28.2,30.0,31.8,33.0,34.2,36.0,37.2,39.0,40.2,42.0,43.2,44.4,45.6,46.8,48.0,49.2,50.4,51.6,52.8,54.0,55.2,56.4,57.6,58.8,60.0
Plank,U,Core,Core,15.0,16.5,18.0,19.5,21.0,22.5,24.0,25.5,27.0,28.5,30.0,32.25,33.75,36.0,37.5,39.75,41.25,42.75,45.0,46.5,48.75,51.0,53.25,55.5,57.75,60.0,62.25,64.5,66.75,69.0,71.25,72.75,75.0,76.5,78.0,80.25,81.75,83.25,85.5,87.0,88.5,90.75,92.25,93.75,96.0,97.5,7.2,7.8,9.0,9.6,10.2,10.8,12.0,12.6,13.2,14.4,15.0,16.2,17.4,18.6,19.8,21.0,22.2,23.4,24.6,25.8,27.0,28.2,30.0,31.8,33.0,34.2,36.0,37.2,39.0,40.2,42.0,43.2,44.4,45.6,46.8,48.0,49.2,50.4,51.6,52.8,54.0,55.2,56.4,57.6,58.8,60.0
Dumbbell Lateral Raise,D,Push,Shoulders,6.0,6.75,6.76,7.5,8.25,8.26,9.0,9.75,10.5,10.51,11.25,12.0,12.75,13.5,14.25,15.0,15.75,16.5,17.25,18.0,18.75,19.5,20.25,21.0,21.75,22.5,23.25,24.0,24.75,25.5,26.25,27.0,27.75,28.5,29.25,30.0,30.75,31.5,32.25,33.0,33.75,34.5,35.25,36.0,36.75,37.5,2.4,2.41,3.0,3.01,3.6,3.61,3.62,4.2,4.21,4.8,4.81,5.4,5.41,6.0,6.6,6.61,7.2,7.8,8.4,8.41,9.0,9.6,9.61,10.2,10.8,10.81,11.4,12.0,12.6,12.61,13.2,13.8,13.81,14.4,15.0,15.01,15.6,16.2,16.21,16.8,17.4,17.41,18.0,18.6,18.61,19.2
Seated Dumbbell Lateral Raise,D,Push,Shoulders,6.0,6.75,6.76,7.5,8.25,8.26,9.0,9.75,10.5,10.51,11.25,12.0,12.75,13.5,14.25,15.0,15.75,16.5,17.25,18.0,18.75,19.5,20.25,21.0,21.75,22.5,23.25,24.0,24.75,25.5,26.25,27.0,27.75,28.5,29.25,30.0,30.75,31.5,32.25,33.0,33.75,34.5,35.25,36.0,36.75,37.5,2.4,2.41,3.0,3.01,3.6,3.61,3.62,4.2,4.21,4.8,4.81,5.4,5.41,6.0,6.6,6.61,7.2,7.8,8.4,8.41,9.0,9.6,9.61,10.2,10.8,10.81,11.4,12.0,12.6,12.61,13.2,13.8,13.81,14.4,15.0,15.01,15.6,16.2,16.21,16.8,17.4,17.41,18.0,18.6,18.61,19.2
Leaning Dumbbell Lateral Raise,D,Push,Shoulders,6.0,6.75,6.76,7.5,8.25,8.26,9.0,9.75,10.5,10.51,11.25,12.0,12.75,13.5,14.25,15.0,15.75,16.5,17.25,18.0,18.75,19.5,20.25,21.0,21.75,22.5,23.25,24.0,24.75,25.5,26.25,27.0,27.75,28.5,29.25,30.0,30.75,31.5,32.25,33.0,33.75,34.5,35.25,36.0,36.75,37.5,2.4,2.41,3.0,3.01,3.6,3.61,3.62,4.2,4.21,4.8,4.81,5.4,5.41,6.0,6.6,6.61,7.2,7.8,8.4,8.41,9.0,9.6,9.61,10.2,10.8,10.81,11.4,12.0,12.6,12.61,13.2,13.8,13.81,14.4,15.0,15.01,15.6,16.2,16.21,16.8,17.4,17.41,18.0,18.6,18.61,19.2
Cable Lateral Raise,M,Push,Shoulders,5.25,6.0,6.01,6.75,7.5,7.51,8.25,9.0,9.01,9.75,10.5,10.51,11.25,12.0,12.75,13.5,14.25,15.0,15.75,16.5,17.25,17.26,18.0,18.75,19.5,20.25,21.0,21.75,22.5,23.25,24.0,24.01,24.75,25.5,26.25,27.0,27.75,28.5,29.25,30.0,30.75,30.76,31.5,32.25,33.0,33.75,2.4,2.41,2.42,3.0,3.01,3.02,3.6,3.61,3.62,4.2,4.21,4.8,4.81,5.4,6.0,6.01,6.6,7.2,7.21,7.8,8.4,8.41,9.0,9.01,9.6,10.2,10.21,10.8,11.4,11.41,12.0,12.01,12.6,13.2,13.21,13.8,13.81,14.4,15.0,15.01,15.6,15.61,16.2,16.8,16.81,17.4
Single-Arm Cable Lateral Raise,M,Push,Shoulders,4.5,5.25,5.26,6.0,6.75,6.76,7.5,7.51,8.25,8.26,9.0,9.75,9.76,10.5,11.25,12.0,12.75,12.76,13.5,14.25,15.0,15.75,15.76,16.5,17.25,18.0,18.75,18.76,19.5,20.25,21.0,21.01,21.75,22.5,23.25,24.0,24.01,24.75,25.5,26.25,27.0,27.01,27.75,28.5,29.25,30.0,1.8,2.4,2.41,2.42,2.43,3.0,3.01,3.02,3.6,3.61,3.62,4.2,4.21,4.8,5.4,5.41,6.0,6.01,6.6,6.61,7.2,7.21,7.8,8.4,8.41,9.0,9.01,9.6,9.61,10.2,10.21,10.8,10.81,11.4,12.0,12.01,12.6,12.61,13.2,13.21,13.8,13.81,14.4,14.41,15.0,15.01
Behind-the-Body Cable Lateral Raise,M,Push,Shoulders,5.25,6.0,6.01,6.75,7.5,7.51,8.25,9.0,9.01,9.75,10.5,10.51,11.25,12.0,12.75,13.5,14.25,15.0,15.75,16.5,17.25,17.26,18.0,18.75,19.5,20.25,21.0,21.75,22.5,23.25,24.0,24.01,24.75,25.5,26.25,27.0,27.75,28.5,29.25,30.0,30.75,30.76,31.5,32.25,33.0,33.75,2.4,2.41,2.42,3.0,3.01,3.02,3.6,3.61,3.62,4.2,4.21,4.8,4.81,5.4,6.0,6.01,6.6,7.2,7.21,7.8,8.4,8.41,9.0,9.01,9.6,10.2,10.21,10.8,11.4,11.41,12.0,12.01,12.6,13.2,13.21,13.8,13.81,14.4,15.0,15.01,15.6,15.61,16.2,16.8,16.81,17.4
Machine Lateral Raise,M,Push,Shoulders,5.25,5.26,6.0,6.01,6.75,6.76,7.5,7.51,8.25,9.0,9.01,9.75,10.5,11.25,11.26,12.0,12.75,13.5,14.25,14.26,15.0,15.75,16.5,17.25,17.26,18.0,18.75,19.5,20.25,20.26,21.0,21.75,22.5,23.25,24.0,24.01,24.75,25.5,26.25,27.0,27.01,27.75,28.5,29.25,30.0,30.75,1.8,2.4,2.41,2.42,3.0,3.01,3.02,3.6,3.61,3.62,4.2,4.21,4.8,4.81,5.4,5.41,6.0,6.01,6.6,7.2,7.21,7.8,7.81,8.4,8.41,9.0,9.6,9.61,10.2,10.21,10.8,10.81,11.4,11.41,12.0,12.01,12.6,13.2,13.21,13.8,13.81,14.4,14.41,15.0,15.01,15.6
Lateral Raise Machine,M,Push,Shoulders,5.25,5.26,6.0,6.01,6.75,6.76,7.5,7.51,8.25,9.0,9.01,9.75,10.5,11.25,11.26,12.0,12.75,13.5,14.25,14.26,15.0,15.75,16.5,17.25,17.26,18.0,18.75,19.5,20.25,20.26,21.0,21.75,22.5,23.25,24.0,24.01,24.75,25.5,26.25,27.0,27.01,27.75,28.5,29.25,30.0,30.75,1.8,2.4,2.41,2.42,3.0,3.01,3.02,3.6,3.61,3.62,4.2,4.21,4.8,4.81,5.4,5.41,6.0,6.01,6.6,7.2,7.21,7.8,7.81,8.4,8.41,9.0,9.6,9.61,10.2,10.21,10.8,10.81,11.4,11.41,12.0,12.01,12.6,13.2,13.21,13.8,13.81,14.4,14.41,15.0,15.01,15.6
Dumbbell Front Raise,D,Push,Shoulders,6.0,6.75,6.76,7.5,8.25,8.26,9.0,9.75,10.5,10.51,11.25,12.0,12.75,13.5,14.25,15.0,15.75,16.5,17.25,18.0,18.75,19.5,20.25,21.0,21.75,22.5,23.25,24.0,24.75,25.5,26.25,27.0,27.75,28.5,29.25,30.0,30.75,31.5,32.25,33.0,33.75,34.5,35.25,36.0,36.75,37.5,2.4,2.41,3.0,3.01,3.6,3.61,3.62,4.2,4.21,4.8,4.81,5.4,5.41,6.0,6.6,6.61,7.2,7.8,8.4,8.41,9.0,9.6,9.61,10.2,10.8,10.81,11.4,12.0,12.6,12.61,13.2,13.8,13.81,14.4,15.0,15.01,15.6,16.2,16.21,16.8,17.4,17.41,18.0,18.6,18.61,19.2
Cable Front Raise,M,Push,Shoulders,5.25,6.0,6.01,6.75,7.5,7.51,8.25,9.0,9.01,9.75,10.5,10.51,11.25,12.0,12.75,13.5,14.25,15.0,15.75,16.5,17.25,17.26,18.0,18.75,19.5,20.25,21.0,21.75,22.5,23.25,24.0,24.01,24.75,25.5,26.25,27.0,27.75,28.5,29.25,30.0,30.75,30.76,31.5,32.25,33.0,33.75,2.4,2.41,2.42,3.0,3.01,3.02,3.6,3.61,3.62,4.2,4.21,4.8,4.81,5.4,6.0,6.01,6.6,7.2,7.21,7.8,8.4,8.41,9.0,9.01,9.6,10.2,10.21,10.8,11.4,11.41,12.0,12.01,12.6,13.2,13.21,13.8,13.81,14.4,15.0,15.01,15.6,15.61,16.2,16.8,16.81,17.4
Plate Front Raise,B,Push,Shoulders,6.0,6.75,6.76,7.5,8.25,8.26,9.0,9.75,10.5,10.51,11.25,12.0,12.75,13.5,14.25,15.0,15.75,16.5,17.25,18.0,18.75,19.5,20.25,21.0,21.75,22.5,23.25,24.0,24.75,25.5,26.25,27.0,27.75,28.5,29.25,30.0,30.75,31.5,32.25,33.0,33.75,34.5,35.25,36.0,36.75,37.5,2.4,2.41,3.0,3.01,3.6,3.61,3.62,4.2,4.21,4.8,4.81,5.4,5.41,6.0,6.6,6.61,7.2,7.8,8.4,8.41,9.0,9.6,9.61,10.2,10.8,10.81,11.4,12.0,12.6,12.61,13.2,13.8,13.81,14.4,15.0,15.01,15.6,16.2,16.21,16.8,17.4,17.41,18.0,18.6,18.61,19.2
Smith Machine Shoulder Press,M,Push,Shoulders,21.0,22.5,24.0,24.75,26.25,27.0,28.5,30.0,30.75,32.25,33.75,35.25,36.75,38.25,39.75,41.25,42.75,44.25,45.75,47.25,48.75,50.25,51.75,53.25,54.75,56.25,57.75,59.25,60.75,62.25,63.75,65.25,66.0,67.5,69.0,69.75,71.25,72.0,73.5,75.0,75.75,77.25,78.75,79.5,81.0,81.75,9.6,10.2,11.4,12.0,12.6,13.2,13.8,15.0,15.6,16.2,16.8,18.0,18.6,19.2,19.8,20.4,21.6,22.2,22.8,23.4,24.6,25.2,26.4,27.0,28.2,29.4,30.0,31.2,31.8,33.0,34.2,34.8,35.4,36.6,37.2,37.8,39.0,39.6,40.2,41.4,42.0,43.2,43.8,44.4,45.6,46.2
Arnold Press,D,Push,Shoulders,26.25,27.75,29.25,30.75,32.25,33.75,35.25,36.75,38.25,39.75,41.25,43.5,45.0,46.5,48.75,51.0,52.5,54.75,56.25,58.5,60.0,62.25,63.75,66.0,67.5,69.75,71.25,73.5,75.0,77.25,78.75,80.25,81.75,83.25,84.75,86.25,87.75,89.25,90.75,92.25,93.75,95.25,96.75,98.25,99.75,101.25,12.0,12.6,13.8,14.4,15.6,16.8,17.4,18.0,19.2,19.8,21.0,21.6,22.8,23.4,24.6,25.2,26.4,27.6,28.2,28.8,30.0,31.2,32.4,33.6,34.8,36.0,37.2,38.4,39.6,40.8,42.0,43.2,43.8,45.0,46.2,46.8,48.0,49.2,49.8,51.0,52.2,52.8,54.0,55.2,55.8,57.0
Seated Barbell Overhead Press,B,Push,Shoulders,26.25,27.75,29.25,30.75,32.25,33.75,35.25,36.75,38.25,39.75,41.25,43.5,45.0,46.5,48.75,51.0,52.5,54.75,56.25,58.5,60.0,62.25,63.75,66.0,67.5,69.75,71.25,73.5,75.0,77.25,78.75,80.25,81.75,83.25,84.75,86.25,87.75,89.25,90.75,92.25,93.75,95.25,96.75,98.25,99.75,101.25,12.0,12.6,13.8,14.4,15.6,16.8,17.4,18.0,19.2,19.8,21.0,21.6,22.8,23.4,24.6,25.2,26.4,27.6,28.2,28.8,30.0,31.2,32.4,33.6,34.8,36.0,37.2,38.4,39.6,40.8,42.0,43.2,43.8,45.0,46.2,46.8,48.0,49.2,49.8,51.0,52.2,52.8,54.0,55.2,55.8,57.0
Push Press,B,Push,Shoulders,26.25,27.75,29.25,30.75,32.25,33.75,35.25,36.75,38.25,39.75,41.25,43.5,45.0,46.5,48.75,51.0,52.5,54.75,56.25,58.5,60.0,62.25,63.75,66.0,67.5,69.75,71.25,73.5,75.0,77.25,78.75,80.25,81.75,83.25,84.75,86.25,87.75,89.25,90.75,92.25,93.75,95.25,96.75,98.25,99.75,101.25,12.0,12.6,13.8,14.4,15.6,16.8,17.4,18.0,19.2,19.8,21.0,21.6,22.8,23.4,24.6,25.2,26.4,27.6,28.2,28.8,30.0,31.2,32.4,33.6,34.8,36.0,37.2,38.4,39.6,40.8,42.0,43.2,43.8,45.0,46.2,46.8,48.0,49.2,49.8,51.0,52.2,52.8,54.0,55.2,55.8,57.0
Landmine Shoulder Press,B,Push,Shoulders,26.25,27.75,29.25,30.75,32.25,33.75,35.25,36.75,38.25,39.75,41.25,43.5,45.0,46.5,48.75,51.0,52.5,54.75,56.25,58.5,60.0,62.25,63.75,66.0,67.5,69.75,71.25,73.5,75.0,77.25,78.75,80.25,81.75,83.25,84.75,86.25,87.75,89.25,90.75,92.25,93.75,95.25,96.75,98.25,99.75,101.25,12.0,12.6,13.8,14.4,15.6,16.8,17.4,18.0,19.2,19.8,21.0,21.6,22.8,23.4,24.6,25.2,26.4,27.6,28.2,28.8,30.0,31.2,32.4,33.6,34.8,36.0,37.2,38.4,39.6,40.8,42.0,43.2,43.8,45.0,46.2,46.8,48.0,49.2,49.8,51.0,52.2,52.8,54.0,55.2,55.8,57.0
Single-Arm Landmine Press,B,Push,Shoulders,23.25,24.75,25.5,27.0,28.5,30.0,30.75,32.25,33.75,35.25,36.0,38.25,39.75,41.25,42.75,44.25,46.5,48.0,49.5,51.0,52.5,54.75,56.25,57.75,59.25,60.75,63.0,64.5,66.0,67.5,69.0,70.5,72.0,73.5,74.25,75.75,77.25,78.75,79.5,81.0,82.5,84.0,85.5,86.25,87.75,89.25,10.8,11.4,12.0,13.2,13.8,14.4,15.6,16.2,16.8,17.4,18.6,19.2,19.8,21.0,21.6,22.2,23.4,24.0,24.6,25.8,26.4,27.6,28.8,29.4,30.6,31.8,33.0,33.6,34.8,36.0,37.2,37.8,39.0,39.6,40.2,41.4,42.0,43.2,43.8,45.0,45.6,46.8,47.4,48.6,49.2,50.4
Cable Y Raise,M,Push,Shoulders,5.25,6.0,6.01,6.75,7.5,7.51,8.25,9.0,9.01,9.75,10.5,10.51,11.25,12.0,12.75,13.5,14.25,15.0,15.75,16.5,17.25,17.26,18.0,18.75,19.5,20.25,21.0,21.75,22.5,23.25,24.0,24.01,24.75,25.5,26.25,27.0,27.75,28.5,29.25,30.0,30.75,30.76,31.5,32.25,33.0,33.75,2.4,2.41,2.42,3.0,3.01,3.02,3.6,3.61,3.62,4.2,4.21,4.8,4.81,5.4,6.0,6.01,6.6,7.2,7.21,7.8,8.4,8.41,9.0,9.01,9.6,10.2,10.21,10.8,11.4,11.41,12.0,12.01,12.6,13.2,13.21,13.8,13.81,14.4,15.0,15.01,15.6,15.61,16.2,16.8,16.81,17.4
Incline Y Raise,D,Push,Shoulders,6.0,6.75,6.76,7.5,8.25,8.26,9.0,9.75,10.5,10.51,11.25,12.0,12.75,13.5,14.25,15.0,15.75,16.5,17.25,18.0,18.75,19.5,20.25,21.0,21.75,22.5,23.25,24.0,24.75,25.5,26.25,27.0,27.75,28.5,29.25,30.0,30.75,31.5,32.25,33.0,33.75,34.5,35.25,36.0,36.75,37.5,2.4,2.41,3.0,3.01,3.6,3.61,3.62,4.2,4.21,4.8,4.81,5.4,5.41,6.0,6.6,6.61,7.2,7.8,8.4,8.41,9.0,9.6,9.61,10.2,10.8,10.81,11.4,12.0,12.6,12.61,13.2,13.8,13.81,14.4,15.0,15.01,15.6,16.2,16.21,16.8,17.4,17.41,18.0,18.6,18.61,19.2
Prone Y Raise,D,Push,Shoulders,6.0,6.75,6.76,7.5,8.25,8.26,9.0,9.75,10.5,10.51,11.25,12.0,12.75,13.5,14.25,15.0,15.75,16.5,17.25,18.0,18.75,19.5,20.25,21.0,21.75,22.5,23.25,24.0,24.75,25.5,26.25,27.0,27.75,28.5,29.25,30.0,30.75,31.5,32.25,33.0,33.75,34.5,35.25,36.0,36.75,37.5,2.4,2.41,3.0,3.01,3.6,3.61,3.62,4.2,4.21,4.8,4.81,5.4,5.41,6.0,6.6,6.61,7.2,7.8,8.4,8.41,9.0,9.6,9.61,10.2,10.8,10.81,11.4,12.0,12.6,12.61,13.2,13.8,13.81,14.4,15.0,15.01,15.6,16.2,16.21,16.8,17.4,17.41,18.0,18.6,18.61,19.2
Reverse Cable Fly,M,Push,Shoulders,17.25,18.0,19.5,21.0,22.5,24.0,24.75,26.25,27.75,29.25,30.75,32.25,33.75,35.25,36.75,39.0,40.5,42.0,43.5,45.75,47.25,49.5,51.0,53.25,55.5,57.75,59.25,61.5,63.75,65.25,67.5,69.0,70.5,71.25,72.75,74.25,75.75,77.25,78.0,79.5,81.0,82.5,84.0,84.75,86.25,87.75,8.4,9.0,9.6,10.8,11.4,12.0,13.2,13.8,14.4,15.6,16.2,17.4,18.6,19.2,20.4,21.6,22.8,24.0,24.6,25.8,27.0,28.2,29.4,30.0,31.2,32.4,33.6,34.8,35.4,36.6,37.8,38.4,39.0,40.2,40.8,41.4,42.0,42.6,43.8,44.4,45.0,45.6,46.2,47.4,48.0,48.6
Cable Rear Delt Fly,M,Push,Shoulders,6.75,7.5,8.25,9.0,9.75,10.5,10.51,11.25,12.0,12.75,13.5,14.25,15.75,16.5,17.25,18.75,19.5,20.25,21.75,22.5,24.0,24.75,25.5,27.0,27.75,28.5,30.0,30.75,31.5,33.0,33.75,34.5,35.25,36.75,37.5,38.25,39.0,39.75,41.25,42.0,42.75,43.5,44.25,45.75,46.5,47.25,2.4,3.0,3.01,3.6,3.61,4.2,4.21,4.8,4.81,5.4,5.41,6.0,6.6,7.2,7.8,8.4,9.0,10.2,10.8,11.4,12.0,12.6,13.2,13.8,14.4,15.6,16.2,16.8,17.4,18.0,19.2,19.21,19.8,20.4,21.0,21.6,22.2,22.8,23.4,24.0,24.6,24.61,25.2,25.8,26.4,27.0
Single-Arm Cable Rear Delt Fly,M,Push,Shoulders,6.0,6.75,6.76,7.5,8.25,9.0,9.75,9.76,10.5,11.25,12.0,12.75,13.5,14.25,15.75,16.5,17.25,18.0,18.75,20.25,21.0,21.75,22.5,23.25,24.0,25.5,26.25,27.0,27.75,28.5,30.0,30.75,31.5,32.25,33.0,33.75,34.5,35.25,36.0,36.75,37.5,38.25,39.0,39.75,40.5,41.25,2.4,2.41,3.0,3.01,3.6,3.61,3.62,4.2,4.21,4.8,4.81,5.4,6.0,6.6,7.2,7.8,8.4,9.0,9.01,9.6,10.2,10.8,11.4,12.0,13.2,13.8,14.4,15.0,15.6,16.2,16.8,16.81,17.4,18.0,18.6,19.2,19.21,19.8,20.4,21.0,21.6,21.61,22.2,22.8,23.4,24.0
Chest-Supported Rear Delt Raise,D,Push,Shoulders,7.5,8.25,9.0,9.75,10.5,11.25,12.0,12.75,13.5,14.25,15.0,15.75,17.25,18.0,19.5,21.0,21.75,22.5,24.0,24.75,26.25,27.0,28.5,29.25,30.75,31.5,33.0,34.5,35.25,36.0,37.5,38.25,39.75,40.5,41.25,42.75,43.5,44.25,45.75,46.5,47.25,48.75,49.5,50.25,51.75,52.5,3.0,3.6,3.61,4.2,4.21,4.8,4.81,5.4,5.41,6.0,6.01,6.6,7.2,8.4,9.0,9.6,10.2,10.8,12.0,12.6,13.2,13.8,15.0,15.6,16.2,16.8,18.0,18.6,19.2,20.4,21.0,21.6,22.2,22.8,23.4,24.0,24.6,25.2,25.8,26.4,27.0,27.6,28.2,28.8,29.4,30.0
Bent-Over Dumbbell Rear Delt Raise,D,Push,Shoulders,7.5,8.25,9.0,9.75,10.5,11.25,12.0,12.75,13.5,14.25,15.0,15.75,17.25,18.0,19.5,21.0,21.75,22.5,24.0,24.75,26.25,27.0,28.5,29.25,30.75,31.5,33.0,34.5,35.25,36.0,37.5,38.25,39.75,40.5,41.25,42.75,43.5,44.25,45.75,46.5,47.25,48.75,49.5,50.25,51.75,52.5,3.0,3.6,3.61,4.2,4.21,4.8,4.81,5.4,5.41,6.0,6.01,6.6,7.2,8.4,9.0,9.6,10.2,10.8,12.0,12.6,13.2,13.8,15.0,15.6,16.2,16.8,18.0,18.6,19.2,20.4,21.0,21.6,22.2,22.8,23.4,24.0,24.6,25.2,25.8,26.4,27.0,27.6,28.2,28.8,29.4,30.0
Rear Delt Machine Fly,M,Push,Shoulders,6.0,6.75,7.5,8.25,8.26,9.0,9.75,10.5,11.25,11.26,12.0,12.75,14.25,15.0,15.75,16.5,17.25,18.75,19.5,20.25,21.0,22.5,23.25,24.0,24.75,25.5,27.0,27.75,28.5,29.25,30.75,31.5,32.25,33.0,33.75,34.5,35.25,36.0,36.75,37.5,38.25,39.0,39.75,41.25,42.0,42.75,2.4,2.41,3.0,3.01,3.6,3.61,4.2,4.21,4.22,4.8,4.81,5.4,6.0,6.6,7.2,7.8,8.4,9.0,9.6,10.2,10.8,11.4,12.0,12.6,13.2,13.8,14.4,15.0,15.6,16.2,16.8,17.4,18.0,18.6,19.2,19.21,19.8,20.4,21.0,21.6,21.61,22.2,22.8,23.4,24.0,24.6
Upright Row,D,Push,Shoulders,37.5,39.75,41.25,42.75,45.0,46.5,48.75,51.0,52.5,54.0,56.25,58.5,60.0,61.5,63.75,66.0,67.5,69.75,71.25,72.75,75.0,78.75,82.5,86.25,90.0,93.75,97.5,101.25,105.0,108.75,112.5,114.0,114.75,116.25,117.75,118.5,120.0,121.5,122.25,123.75,125.25,126.0,127.5,129.0,129.75,131.25,21.0,21.6,22.8,23.4,24.6,25.2,26.4,27.6,28.2,28.8,30.0,31.8,33.0,34.2,36.0,37.2,39.0,40.8,42.0,43.2,45.0,46.8,48.0,49.2,51.0,52.8,54.0,55.8,57.0,58.2,60.0,61.2,62.4,63.6,64.8,66.0,67.2,68.4,69.6,70.8,72.0,73.2,74.4,75.6,76.8,78.0
Cable Upright Row,M,Push,Shoulders,33.75,35.25,36.75,39.0,40.5,42.0,43.5,45.75,47.25,48.75,51.0,52.5,54.0,55.5,57.75,59.25,60.75,62.25,63.75,66.0,67.5,71.25,74.25,78.0,81.0,84.0,87.75,91.5,94.5,98.25,101.25,102.0,103.5,105.0,105.75,107.25,108.0,109.5,110.25,111.0,112.5,114.0,114.75,115.5,117.0,117.75,19.2,19.8,20.4,21.6,22.2,22.8,24.0,24.6,25.2,26.4,27.0,28.2,29.4,31.2,32.4,33.6,34.8,36.6,37.8,39.0,40.8,42.0,43.2,44.4,46.2,47.4,48.6,49.8,51.0,52.8,54.0,55.2,56.4,57.0,58.2,59.4,60.6,61.8,62.4,63.6,64.8,66.0,67.2,67.8,69.0,70.2
Smith Machine Shrug,M,Push,Shoulders,30.75,32.25,33.75,35.25,36.75,38.25,39.75,41.25,42.75,44.25,45.75,47.25,48.75,50.25,51.75,53.25,54.75,56.25,57.75,59.25,60.75,63.75,66.75,69.75,72.75,75.75,78.75,81.75,84.75,87.75,91.5,93.0,95.25,97.5,99.0,101.25,103.5,105.0,107.25,109.5,111.75,113.25,115.5,117.75,119.25,121.5,12.0,13.2,14.4,15.6,16.8,18.0,19.2,20.4,21.6,22.8,24.6,25.8,27.0,28.2,29.4,30.6,31.8,33.0,34.2,35.4,36.6,38.4,39.6,41.4,43.2,45.0,46.8,48.6,49.8,51.6,53.4,54.6,55.8,57.0,58.2,59.4,60.0,61.2,62.4,63.6,64.8,66.0,67.2,68.4,69.6,70.8
Dumbbell Bicep Curl,D,Pull,Biceps,7.5,8.25,8.26,9.0,9.01,9.02,9.75,10.5,10.51,10.52,11.25,12.0,13.5,15.0,15.75,16.5,18.0,19.5,20.25,21.0,22.5,23.25,24.0,24.75,25.5,26.25,27.0,27.75,28.5,29.25,30.0,30.75,31.5,32.25,33.0,33.75,34.5,35.25,36.0,36.75,37.5,38.25,39.0,39.75,40.5,41.25,3.0,3.6,3.61,4.2,4.21,4.8,4.81,5.4,5.41,6.0,6.01,6.6,7.2,7.8,8.4,9.0,9.6,10.2,10.8,11.4,12.0,12.6,13.2,13.8,14.4,15.0,15.6,16.2,16.8,17.4,18.0,18.6,18.61,19.2,19.8,19.81,20.4,21.0,21.01,21.6,22.2,22.21,22.8,23.4,23.41,24.0
Alternating Dumbbell Curl,D,Pull,Biceps,6.75,6.76,7.5,7.51,8.25,8.26,8.27,9.0,9.01,9.75,9.76,11.25,12.0,12.75,13.5,15.0,15.75,16.5,18.0,18.75,19.5,20.25,21.0,21.75,22.5,23.25,24.0,24.75,24.76,25.5,26.25,27.0,27.75,28.5,29.25,30.0,30.01,30.75,31.5,32.25,33.0,33.75,34.5,35.25,36.0,36.01,2.4,3.0,3.01,3.6,3.61,4.2,4.21,4.22,4.8,4.81,5.4,6.0,6.6,6.61,7.2,7.8,8.4,9.0,9.6,10.2,10.8,10.81,11.4,12.0,12.6,13.2,13.8,14.4,15.0,15.6,15.61,16.2,16.8,16.81,17.4,17.41,18.0,18.6,18.61,19.2,19.21,19.8,19.81,20.4,21.0,21.01
Seated Dumbbell Curl,D,Pull,Biceps,7.5,8.25,8.26,9.0,9.01,9.02,9.75,10.5,10.51,10.52,11.25,12.0,13.5,15.0,15.75,16.5,18.0,19.5,20.25,21.0,22.5,23.25,24.0,24.75,25.5,26.25,27.0,27.75,28.5,29.25,30.0,30.75,31.5,32.25,33.0,33.75,34.5,35.25,36.0,36.75,37.5,38.25,39.0,39.75,40.5,41.25,3.0,3.6,3.61,4.2,4.21,4.8,4.81,5.4,5.41,6.0,6.01,6.6,7.2,7.8,8.4,9.0,9.6,10.2,10.8,11.4,12.0,12.6,13.2,13.8,14.4,15.0,15.6,16.2,16.8,17.4,18.0,18.6,18.61,19.2,19.8,19.81,20.4,21.0,21.01,21.6,22.2,22.21,22.8,23.4,23.41,24.0
Incline Dumbbell Curl,D,Pull,Biceps,7.5,8.25,8.26,9.0,9.01,9.02,9.75,10.5,10.51,10.52,11.25,12.0,13.5,15.0,15.75,16.5,18.0,19.5,20.25,21.0,22.5,23.25,24.0,24.75,25.5,26.25,27.0,27.75,28.5,29.25,30.0,30.75,31.5,32.25,33.0,33.75,34.5,35.25,36.0,36.75,37.5,38.25,39.0,39.75,40.5,41.25,3.0,3.6,3.61,4.2,4.21,4.8,4.81,5.4,5.41,6.0,6.01,6.6,7.2,7.8,8.4,9.0,9.6,10.2,10.8,11.4,12.0,12.6,13.2,13.8,14.4,15.0,15.6,16.2,16.8,17.4,18.0,18.6,18.61,19.2,19.8,19.81,20.4,21.0,21.01,21.6,22.2,22.21,22.8,23.4,23.41,24.0
Spider Curl,D,Pull,Biceps,7.5,8.25,8.26,9.0,9.01,9.02,9.75,10.5,10.51,10.52,11.25,12.0,13.5,15.0,15.75,16.5,18.0,19.5,20.25,21.0,22.5,23.25,24.0,24.75,25.5,26.25,27.0,27.75,28.5,29.25,30.0,30.75,31.5,32.25,33.0,33.75,34.5,35.25,36.0,36.75,37.5,38.25,39.0,39.75,40.5,41.25,3.0,3.6,3.61,4.2,4.21,4.8,4.81,5.4,5.41,6.0,6.01,6.6,7.2,7.8,8.4,9.0,9.6,10.2,10.8,11.4,12.0,12.6,13.2,13.8,14.4,15.0,15.6,16.2,16.8,17.4,18.0,18.6,18.61,19.2,19.8,19.81,20.4,21.0,21.01,21.6,22.2,22.21,22.8,23.4,23.41,24.0
Concentration Curl,D,Pull,Biceps,7.5,8.25,8.26,9.0,9.01,9.02,9.75,10.5,10.51,10.52,11.25,12.0,13.5,15.0,15.75,16.5,18.0,19.5,20.25,21.0,22.5,23.25,24.0,24.75,25.5,26.25,27.0,27.75,28.5,29.25,30.0,30.75,31.5,32.25,33.0,33.75,34.5,35.25,36.0,36.75,37.5,38.25,39.0,39.75,40.5,41.25,3.0,3.6,3.61,4.2,4.21,4.8,4.81,5.4,5.41,6.0,6.01,6.6,7.2,7.8,8.4,9.0,9.6,10.2,10.8,11.4,12.0,12.6,13.2,13.8,14.4,15.0,15.6,16.2,16.8,17.4,18.0,18.6,18.61,19.2,19.8,19.81,20.4,21.0,21.01,21.6,22.2,22.21,22.8,23.4,23.41,24.0
Cross-Body Hammer Curl,D,Pull,Biceps,7.5,8.25,8.26,9.0,9.01,9.02,9.75,10.5,10.51,10.52,11.25,12.0,13.5,15.0,15.75,16.5,18.0,19.5,20.25,21.0,22.5,23.25,24.0,24.75,25.5,26.25,27.0,27.75,28.5,29.25,30.0,30.75,31.5,32.25,33.0,33.75,34.5,35.25,36.0,36.75,37.5,38.25,39.0,39.75,40.5,41.25,3.0,3.6,3.61,4.2,4.21,4.8,4.81,5.4,5.41,6.0,6.01,6.6,7.2,7.8,8.4,9.0,9.6,10.2,10.8,11.4,12.0,12.6,13.2,13.8,14.4,15.0,15.6,16.2,16.8,17.4,18.0,18.6,18.61,19.2,19.8,19.81,20.4,21.0,21.01,21.6,22.2,22.21,22.8,23.4,23.41,24.0
Rope Hammer Curl,D,Pull,Biceps,7.5,8.25,8.26,9.0,9.01,9.02,9.75,10.5,10.51,10.52,11.25,12.0,13.5,15.0,15.75,16.5,18.0,19.5,20.25,21.0,22.5,23.25,24.0,24.75,25.5,26.25,27.0,27.75,28.5,29.25,30.0,30.75,31.5,32.25,33.0,33.75,34.5,35.25,36.0,36.75,37.5,38.25,39.0,39.75,40.5,41.25,3.0,3.6,3.61,4.2,4.21,4.8,4.81,5.4,5.41,6.0,6.01,6.6,7.2,7.8,8.4,9.0,9.6,10.2,10.8,11.4,12.0,12.6,13.2,13.8,14.4,15.0,15.6,16.2,16.8,17.4,18.0,18.6,18.61,19.2,19.8,19.81,20.4,21.0,21.01,21.6,22.2,22.21,22.8,23.4,23.41,24.0
Cable Bicep Curl,M,Pull,Biceps,17.25,18.0,18.75,20.25,21.0,21.75,23.25,24.0,24.75,26.25,27.0,28.5,30.0,30.75,32.25,33.75,35.25,36.75,37.5,39.0,40.5,42.0,43.5,44.25,45.75,47.25,48.75,50.25,51.0,52.5,54.0,54.75,56.25,57.75,58.5,59.25,60.75,61.5,63.0,63.75,65.25,66.75,67.5,68.25,69.75,70.5,5.4,6.0,7.2,7.8,8.4,9.6,10.2,10.8,12.0,12.6,13.8,14.4,15.0,16.2,16.8,17.4,18.6,19.2,19.8,21.0,21.6,22.2,23.4,24.0,24.6,25.8,26.4,27.0,28.2,28.8,29.4,30.6,31.2,31.8,32.4,33.6,34.2,34.8,35.4,36.0,36.6,37.8,38.4,39.0,39.6,40.8
Single-Arm Cable Curl,M,Pull,Biceps,15.0,15.75,16.5,17.25,18.75,19.5,20.25,21.0,21.75,23.25,24.0,24.75,26.25,27.0,28.5,30.0,30.75,32.25,33.0,34.5,35.25,36.75,38.25,39.0,40.5,41.25,42.75,44.25,45.0,46.5,47.25,48.75,49.5,50.25,51.75,52.5,53.25,54.75,55.5,56.25,57.75,58.5,59.25,60.75,61.5,62.25,4.8,5.4,6.0,6.6,7.8,8.4,9.0,9.6,10.2,11.4,12.0,12.6,13.2,13.8,15.0,15.6,16.2,16.8,17.4,18.6,19.2,19.8,20.4,21.0,21.6,22.8,23.4,24.0,24.6,25.2,26.4,27.0,27.6,28.2,28.8,29.4,30.0,30.6,31.2,31.8,32.4,33.0,33.6,34.2,34.8,35.4
Bayesian Cable Curl,M,Pull,Biceps,17.25,18.0,18.75,20.25,21.0,21.75,23.25,24.0,24.75,26.25,27.0,28.5,30.0,30.75,32.25,33.75,35.25,36.75,37.5,39.0,40.5,42.0,43.5,44.25,45.75,47.25,48.75,50.25,51.0,52.5,54.0,54.75,56.25,57.75,58.5,59.25,60.75,61.5,63.0,63.75,65.25,66.75,67.5,68.25,69.75,70.5,5.4,6.0,7.2,7.8,8.4,9.6,10.2,10.8,12.0,12.6,13.8,14.4,15.0,16.2,16.8,17.4,18.6,19.2,19.8,21.0,21.6,22.2,23.4,24.0,24.6,25.8,26.4,27.0,28.2,28.8,29.4,30.6,31.2,31.8,32.4,33.6,34.2,34.8,35.4,36.0,36.6,37.8,38.4,39.0,39.6,40.8
High Cable Curl,M,Pull,Biceps,17.25,18.0,18.75,20.25,21.0,21.75,23.25,24.0,24.75,26.25,27.0,28.5,30.0,30.75,32.25,33.75,35.25,36.75,37.5,39.0,40.5,42.0,43.5,44.25,45.75,47.25,48.75,50.25,51.0,52.5,54.0,54.75,56.25,57.75,58.5,59.25,60.75,61.5,63.0,63.75,65.25,66.75,67.5,68.25,69.75,70.5,5.4,6.0,7.2,7.8,8.4,9.6,10.2,10.8,12.0,12.6,13.8,14.4,15.0,16.2,16.8,17.4,18.6,19.2,19.8,21.0,21.6,22.2,23.4,24.0,24.6,25.8,26.4,27.0,28.2,28.8,29.4,30.6,31.2,31.8,32.4,33.6,34.2,34.8,35.4,36.0,36.6,37.8,38.4,39.0,39.6,40.8
Low Cable Curl,M,Pull,Biceps,17.25,18.0,18.75,20.25,21.0,21.75,23.25,24.0,24.75,26.25,27.0,28.5,30.0,30.75,32.25,33.75,35.25,36.75,37.5,39.0,40.5,42.0,43.5,44.25,45.75,47.25,48.75,50.25,51.0,52.5,54.0,54.75,56.25,57.75,58.5,59.25,60.75,61.5,63.0,63.75,65.25,66.75,67.5,68.25,69.75,70.5,5.4,6.0,7.2,7.8,8.4,9.6,10.2,10.8,12.0,12.6,13.8,14.4,15.0,16.2,16.8,17.4,18.6,19.2,19.8,21.0,21.6,22.2,23.4,24.0,24.6,25.8,26.4,27.0,28.2,28.8,29.4,30.6,31.2,31.8,32.4,33.6,34.2,34.8,35.4,36.0,36.6,37.8,38.4,39.0,39.6,40.8
EZ-Bar Curl,B,Pull,Biceps,18.75,20.25,21.0,21.75,23.25,24.75,25.5,27.0,27.75,29.25,30.0,31.5,33.0,34.5,36.0,37.5,39.0,40.5,42.0,43.5,45.0,46.5,48.0,49.5,51.0,52.5,54.0,55.5,57.0,58.5,60.0,61.5,62.25,63.75,65.25,66.0,67.5,69.0,69.75,71.25,72.75,73.5,75.0,76.5,77.25,78.75,6.0,7.2,7.8,9.0,9.6,10.2,11.4,12.6,13.2,13.8,15.0,16.2,16.8,17.4,18.6,19.8,20.4,21.6,22.2,23.4,24.0,25.2,25.8,27.0,27.6,28.8,29.4,30.6,31.2,32.4,33.0,33.6,34.8,35.4,36.0,37.2,37.8,38.4,39.6,40.2,40.8,42.0,42.6,43.2,44.4,45.0
Preacher Curl Machine,M,Pull,Biceps,15.0,16.5,17.25,18.0,18.75,19.5,21.0,21.75,22.5,23.25,24.0,25.5,27.0,27.75,29.25,30.75,31.5,33.0,33.75,35.25,36.75,37.5,39.0,39.75,41.25,42.75,43.5,45.0,46.5,47.25,48.75,49.5,51.0,51.75,52.5,54.0,54.75,55.5,57.0,57.75,58.5,60.0,60.75,61.5,63.0,63.75,4.8,5.4,6.6,7.2,7.8,8.4,9.0,10.2,10.8,11.4,12.0,13.2,13.8,14.4,15.0,15.6,16.8,17.4,18.0,18.6,19.2,20.4,21.0,21.6,22.2,23.4,24.0,24.6,25.2,25.8,27.0,27.6,28.2,28.8,29.4,30.0,30.6,31.2,31.8,32.4,33.0,33.6,34.8,35.4,36.0,36.6
Machine Biceps Curl,M,Pull,Biceps,15.0,16.5,17.25,18.0,18.75,19.5,21.0,21.75,22.5,23.25,24.0,25.5,27.0,27.75,29.25,30.75,31.5,33.0,33.75,35.25,36.75,37.5,39.0,39.75,41.25,42.75,43.5,45.0,46.5,47.25,48.75,49.5,51.0,51.75,52.5,54.0,54.75,55.5,57.0,57.75,58.5,60.0,60.75,61.5,63.0,63.75,4.8,5.4,6.6,7.2,7.8,8.4,9.0,10.2,10.8,11.4,12.0,13.2,13.8,14.4,15.0,15.6,16.8,17.4,18.0,18.6,19.2,20.4,21.0,21.6,22.2,23.4,24.0,24.6,25.2,25.8,27.0,27.6,28.2,28.8,29.4,30.0,30.6,31.2,31.8,32.4,33.0,33.6,34.8,35.4,36.0,36.6
Selectorized Biceps Curl,M,Pull,Biceps,15.0,16.5,17.25,18.0,18.75,19.5,21.0,21.75,22.5,23.25,24.0,25.5,27.0,27.75,29.25,30.75,31.5,33.0,33.75,35.25,36.75,37.5,39.0,39.75,41.25,42.75,43.5,45.0,46.5,47.25,48.75,49.5,51.0,51.75,52.5,54.0,54.75,55.5,57.0,57.75,58.5,60.0,60.75,61.5,63.0,63.75,4.8,5.4,6.6,7.2,7.8,8.4,9.0,10.2,10.8,11.4,12.0,13.2,13.8,14.4,15.0,15.6,16.8,17.4,18.0,18.6,19.2,20.4,21.0,21.6,22.2,23.4,24.0,24.6,25.2,25.8,27.0,27.6,28.2,28.8,29.4,30.0,30.6,31.2,31.8,32.4,33.0,33.6,34.8,35.4,36.0,36.6
Plate-Loaded Biceps Curl,M,Pull,Biceps,15.0,16.5,17.25,18.0,18.75,19.5,21.0,21.75,22.5,23.25,24.0,25.5,27.0,27.75,29.25,30.75,31.5,33.0,33.75,35.25,36.75,37.5,39.0,39.75,41.25,42.75,43.5,45.0,46.5,47.25,48.75,49.5,51.0,51.75,52.5,54.0,54.75,55.5,57.0,57.75,58.5,60.0,60.75,61.5,63.0,63.75,4.8,5.4,6.6,7.2,7.8,8.4,9.0,10.2,10.8,11.4,12.0,13.2,13.8,14.4,15.0,15.6,16.8,17.4,18.0,18.6,19.2,20.4,21.0,21.6,22.2,23.4,24.0,24.6,25.2,25.8,27.0,27.6,28.2,28.8,29.4,30.0,30.6,31.2,31.8,32.4,33.0,33.6,34.8,35.4,36.0,36.6
Reverse Curl,D,Pull,Biceps,7.5,8.25,8.26,9.0,9.01,9.02,9.75,10.5,10.51,10.52,11.25,12.0,13.5,15.0,15.75,16.5,18.0,19.5,20.25,21.0,22.5,23.25,24.0,24.75,25.5,26.25,27.0,27.75,28.5,29.25,30.0,30.75,31.5,32.25,33.0,33.75,34.5,35.25,36.0,36.75,37.5,38.25,39.0,39.75,40.5,41.25,3.0,3.6,3.61,4.2,4.21,4.8,4.81,5.4,5.41,6.0,6.01,6.6,7.2,7.8,8.4,9.0,9.6,10.2,10.8,11.4,12.0,12.6,13.2,13.8,14.4,15.0,15.6,16.2,16.8,17.4,18.0,18.6,18.61,19.2,19.8,19.81,20.4,21.0,21.01,21.6,22.2,22.21,22.8,23.4,23.41,24.0
EZ-Bar Reverse Curl,B,Pull,Biceps,18.75,20.25,21.0,21.75,23.25,24.75,25.5,27.0,27.75,29.25,30.0,31.5,33.0,34.5,36.0,37.5,39.0,40.5,42.0,43.5,45.0,46.5,48.0,49.5,51.0,52.5,54.0,55.5,57.0,58.5,60.0,61.5,62.25,63.75,65.25,66.0,67.5,69.0,69.75,71.25,72.75,73.5,75.0,76.5,77.25,78.75,6.0,7.2,7.8,9.0,9.6,10.2,11.4,12.6,13.2,13.8,15.0,16.2,16.8,17.4,18.6,19.8,20.4,21.6,22.2,23.4,24.0,25.2,25.8,27.0,27.6,28.8,29.4,30.6,31.2,32.4,33.0,33.6,34.8,35.4,36.0,37.2,37.8,38.4,39.6,40.2,40.8,42.0,42.6,43.2,44.4,45.0
Zottman Curl,D,Pull,Biceps,7.5,8.25,8.26,9.0,9.01,9.02,9.75,10.5,10.51,10.52,11.25,12.0,13.5,15.0,15.75,16.5,18.0,19.5,20.25,21.0,22.5,23.25,24.0,24.75,25.5,26.25,27.0,27.75,28.5,29.25,30.0,30.75,31.5,32.25,33.0,33.75,34.5,35.25,36.0,36.75,37.5,38.25,39.0,39.75,40.5,41.25,3.0,3.6,3.61,4.2,4.21,4.8,4.81,5.4,5.41,6.0,6.01,6.6,7.2,7.8,8.4,9.0,9.6,10.2,10.8,11.4,12.0,12.6,13.2,13.8,14.4,15.0,15.6,16.2,16.8,17.4,18.0,18.6,18.61,19.2,19.8,19.81,20.4,21.0,21.01,21.6,22.2,22.21,22.8,23.4,23.41,24.0
Drag Curl,D,Pull,Biceps,7.5,8.25,8.26,9.0,9.01,9.02,9.75,10.5,10.51,10.52,11.25,12.0,13.5,15.0,15.75,16.5,18.0,19.5,20.25,21.0,22.5,23.25,24.0,24.75,25.5,26.25,27.0,27.75,28.5,29.25,30.0,30.75,31.5,32.25,33.0,33.75,34.5,35.25,36.0,36.75,37.5,38.25,39.0,39.75,40.5,41.25,3.0,3.6,3.61,4.2,4.21,4.8,4.81,5.4,5.41,6.0,6.01,6.6,7.2,7.8,8.4,9.0,9.6,10.2,10.8,11.4,12.0,12.6,13.2,13.8,14.4,15.0,15.6,16.2,16.8,17.4,18.0,18.6,18.61,19.2,19.8,19.81,20.4,21.0,21.01,21.6,22.2,22.21,22.8,23.4,23.41,24.0
21s Biceps Curl,D,Pull,Biceps,7.5,8.25,8.26,9.0,9.01,9.02,9.75,10.5,10.51,10.52,11.25,12.0,13.5,15.0,15.75,16.5,18.0,19.5,20.25,21.0,22.5,23.25,24.0,24.75,25.5,26.25,27.0,27.75,28.5,29.25,30.0,30.75,31.5,32.25,33.0,33.75,34.5,35.25,36.0,36.75,37.5,38.25,39.0,39.75,40.5,41.25,3.0,3.6,3.61,4.2,4.21,4.8,4.81,5.4,5.41,6.0,6.01,6.6,7.2,7.8,8.4,9.0,9.6,10.2,10.8,11.4,12.0,12.6,13.2,13.8,14.4,15.0,15.6,16.2,16.8,17.4,18.0,18.6,18.61,19.2,19.8,19.81,20.4,21.0,21.01,21.6,22.2,22.21,22.8,23.4,23.41,24.0
Resistance Band Curl,D,Pull,Biceps,7.5,8.25,8.26,9.0,9.01,9.02,9.75,10.5,10.51,10.52,11.25,12.0,13.5,15.0,15.75,16.5,18.0,19.5,20.25,21.0,22.5,23.25,24.0,24.75,25.5,26.25,27.0,27.75,28.5,29.25,30.0,30.75,31.5,32.25,33.0,33.75,34.5,35.25,36.0,36.75,37.5,38.25,39.0,39.75,40.5,41.25,3.0,3.6,3.61,4.2,4.21,4.8,4.81,5.4,5.41,6.0,6.01,6.6,7.2,7.8,8.4,9.0,9.6,10.2,10.8,11.4,12.0,12.6,13.2,13.8,14.4,15.0,15.6,16.2,16.8,17.4,18.0,18.6,18.61,19.2,19.8,19.81,20.4,21.0,21.01,21.6,22.2,22.21,22.8,23.4,23.41,24.0
Cable Triceps Pushdown,M,Push,Triceps,17.25,18.0,19.5,21.0,22.5,24.0,24.75,26.25,27.75,29.25,30.75,32.25,33.75,35.25,36.75,39.0,40.5,42.0,43.5,45.75,47.25,49.5,51.75,54.0,57.0,59.25,61.5,63.75,66.0,68.25,70.5,72.75,74.25,75.75,77.25,78.75,80.25,81.75,83.25,84.75,87.0,88.5,90.0,91.5,93.0,94.5,8.4,8.41,9.0,9.6,10.2,10.8,11.4,12.0,12.6,13.2,13.8,14.4,15.6,16.8,18.0,19.2,19.8,21.0,22.2,23.4,24.6,25.8,27.0,28.2,29.4,31.2,32.4,33.6,34.8,36.6,37.8,39.0,39.6,40.8,41.4,42.0,43.2,43.8,45.0,46.2,46.8,47.4,48.6,49.2,50.4,51.0
Rope Triceps Pushdown,M,Push,Triceps,17.25,18.0,19.5,21.0,22.5,24.0,24.75,26.25,27.75,29.25,30.75,32.25,33.75,35.25,36.75,39.0,40.5,42.0,43.5,45.75,47.25,49.5,51.75,54.0,57.0,59.25,61.5,63.75,66.0,68.25,70.5,72.75,74.25,75.75,77.25,78.75,80.25,81.75,83.25,84.75,87.0,88.5,90.0,91.5,93.0,94.5,8.4,8.41,9.0,9.6,10.2,10.8,11.4,12.0,12.6,13.2,13.8,14.4,15.6,16.8,18.0,19.2,19.8,21.0,22.2,23.4,24.6,25.8,27.0,28.2,29.4,31.2,32.4,33.6,34.8,36.6,37.8,39.0,39.6,40.8,41.4,42.0,43.2,43.8,45.0,46.2,46.8,47.4,48.6,49.2,50.4,51.0
Straight-Bar Pushdown,M,Push,Triceps,17.25,18.0,19.5,21.0,22.5,24.0,24.75,26.25,27.75,29.25,30.75,32.25,33.75,35.25,36.75,39.0,40.5,42.0,43.5,45.75,47.25,49.5,51.75,54.0,57.0,59.25,61.5,63.75,66.0,68.25,70.5,72.75,74.25,75.75,77.25,78.75,80.25,81.75,83.25,84.75,87.0,88.5,90.0,91.5,93.0,94.5,8.4,8.41,9.0,9.6,10.2,10.8,11.4,12.0,12.6,13.2,13.8,14.4,15.6,16.8,18.0,19.2,19.8,21.0,22.2,23.4,24.6,25.8,27.0,28.2,29.4,31.2,32.4,33.6,34.8,36.6,37.8,39.0,39.6,40.8,41.4,42.0,43.2,43.8,45.0,46.2,46.8,47.4,48.6,49.2,50.4,51.0
V-Bar Pushdown,M,Push,Triceps,17.25,18.0,19.5,21.0,22.5,24.0,24.75,26.25,27.75,29.25,30.75,32.25,33.75,35.25,36.75,39.0,40.5,42.0,43.5,45.75,47.25,49.5,51.75,54.0,57.0,59.25,61.5,63.75,66.0,68.25,70.5,72.75,74.25,75.75,77.25,78.75,80.25,81.75,83.25,84.75,87.0,88.5,90.0,91.5,93.0,94.5,8.4,8.41,9.0,9.6,10.2,10.8,11.4,12.0,12.6,13.2,13.8,14.4,15.6,16.8,18.0,19.2,19.8,21.0,22.2,23.4,24.6,25.8,27.0,28.2,29.4,31.2,32.4,33.6,34.8,36.6,37.8,39.0,39.6,40.8,41.4,42.0,43.2,43.8,45.0,46.2,46.8,47.4,48.6,49.2,50.4,51.0
Single-Arm Cable Pushdown,M,Push,Triceps,15.0,15.75,17.25,18.75,19.5,21.0,21.75,23.25,24.0,25.5,27.0,28.5,30.0,31.5,33.0,34.5,35.25,36.75,38.25,39.75,41.25,43.5,45.75,48.0,50.25,51.75,54.0,56.25,58.5,60.0,62.25,63.75,65.25,66.75,68.25,69.0,70.5,72.0,73.5,75.0,76.5,78.0,78.75,80.25,81.75,83.25,7.2,7.8,7.81,8.4,9.0,9.6,10.2,10.21,10.8,11.4,12.0,12.6,13.8,15.0,15.6,16.8,17.4,18.6,19.2,20.4,21.6,22.8,24.0,25.2,26.4,27.6,28.2,29.4,30.6,31.8,33.0,34.2,34.8,35.4,36.6,37.2,37.8,39.0,39.6,40.2,41.4,42.0,42.6,43.8,44.4,45.0
Reverse-Grip Pushdown,M,Push,Triceps,17.25,18.0,19.5,21.0,22.5,24.0,24.75,26.25,27.75,29.25,30.75,32.25,33.75,35.25,36.75,39.0,40.5,42.0,43.5,45.75,47.25,49.5,51.75,54.0,57.0,59.25,61.5,63.75,66.0,68.25,70.5,72.75,74.25,75.75,77.25,78.75,80.25,81.75,83.25,84.75,87.0,88.5,90.0,91.5,93.0,94.5,8.4,8.41,9.0,9.6,10.2,10.8,11.4,12.0,12.6,13.2,13.8,14.4,15.6,16.8,18.0,19.2,19.8,21.0,22.2,23.4,24.6,25.8,27.0,28.2,29.4,31.2,32.4,33.6,34.8,36.6,37.8,39.0,39.6,40.8,41.4,42.0,43.2,43.8,45.0,46.2,46.8,47.4,48.6,49.2,50.4,51.0
Overhead Cable Triceps Extension,M,Push,Triceps,17.25,18.0,19.5,21.0,22.5,24.0,24.75,26.25,27.75,29.25,30.75,32.25,33.75,35.25,36.75,39.0,40.5,42.0,43.5,45.75,47.25,49.5,51.75,54.0,57.0,59.25,61.5,63.75,66.0,68.25,70.5,72.75,74.25,75.75,77.25,78.75,80.25,81.75,83.25,84.75,87.0,88.5,90.0,91.5,93.0,94.5,8.4,8.41,9.0,9.6,10.2,10.8,11.4,12.0,12.6,13.2,13.8,14.4,15.6,16.8,18.0,19.2,19.8,21.0,22.2,23.4,24.6,25.8,27.0,28.2,29.4,31.2,32.4,33.6,34.8,36.6,37.8,39.0,39.6,40.8,41.4,42.0,43.2,43.8,45.0,46.2,46.8,47.4,48.6,49.2,50.4,51.0
Rope Overhead Triceps Extension,M,Push,Triceps,17.25,18.0,19.5,21.0,22.5,24.0,24.75,26.25,27.75,29.25,30.75,32.25,33.75,35.25,36.75,39.0,40.5,42.0,43.5,45.75,47.25,49.5,51.75,54.0,57.0,59.25,61.5,63.75,66.0,68.25,70.5,72.75,74.25,75.75,77.25,78.75,80.25,81.75,83.25,84.75,87.0,88.5,90.0,91.5,93.0,94.5,8.4,8.41,9.0,9.6,10.2,10.8,11.4,12.0,12.6,13.2,13.8,14.4,15.6,16.8,18.0,19.2,19.8,21.0,22.2,23.4,24.6,25.8,27.0,28.2,29.4,31.2,32.4,33.6,34.8,36.6,37.8,39.0,39.6,40.8,41.4,42.0,43.2,43.8,45.0,46.2,46.8,47.4,48.6,49.2,50.4,51.0
Single-Arm Overhead Cable Extension,M,Push,Triceps,30.0,31.5,33.0,34.5,36.0,36.75,38.25,39.75,41.25,42.75,44.25,45.75,47.25,48.75,50.25,51.75,53.25,54.75,56.25,57.75,59.25,62.25,65.25,68.25,71.25,74.25,77.25,80.25,83.25,86.25,89.25,90.75,93.0,95.25,96.75,99.0,101.25,102.75,105.0,107.25,108.75,111.0,112.5,114.75,117.0,118.5,12.0,13.2,14.4,15.6,16.8,18.0,19.2,20.4,21.6,22.8,24.0,25.2,26.4,27.6,28.8,29.4,30.6,31.8,33.0,34.2,35.4,37.2,39.0,40.8,42.0,43.8,45.6,47.4,49.2,50.4,52.2,53.4,54.6,55.8,56.4,57.6,58.8,60.0,61.2,62.4,63.6,64.2,65.4,66.6,67.8,69.0
Cable Skull Crusher,M,Push,Triceps,17.25,18.0,19.5,21.0,22.5,24.0,24.75,26.25,27.75,29.25,30.75,32.25,33.75,35.25,36.75,39.0,40.5,42.0,43.5,45.75,47.25,49.5,51.75,54.0,57.0,59.25,61.5,63.75,66.0,68.25,70.5,72.75,74.25,75.75,77.25,78.75,80.25,81.75,83.25,84.75,87.0,88.5,90.0,91.5,93.0,94.5,8.4,8.41,9.0,9.6,10.2,10.8,11.4,12.0,12.6,13.2,13.8,14.4,15.6,16.8,18.0,19.2,19.8,21.0,22.2,23.4,24.6,25.8,27.0,28.2,29.4,31.2,32.4,33.6,34.8,36.6,37.8,39.0,39.6,40.8,41.4,42.0,43.2,43.8,45.0,46.2,46.8,47.4,48.6,49.2,50.4,51.0
EZ-Bar Skull Crusher,B,Push,Triceps,18.75,20.25,21.75,23.25,24.75,26.25,27.75,29.25,30.75,32.25,33.75,35.25,37.5,39.75,41.25,42.75,45.0,46.5,48.75,50.25,52.5,54.75,57.75,60.0,63.0,66.0,68.25,71.25,73.5,76.5,78.75,80.25,82.5,84.0,85.5,87.75,89.25,90.75,93.0,94.5,96.0,98.25,99.75,101.25,103.5,105.0,9.0,9.6,10.2,10.8,11.4,12.0,12.6,13.2,13.8,14.4,15.0,16.2,17.4,18.6,19.8,21.0,22.2,23.4,24.6,25.8,27.0,28.2,30.0,31.8,33.0,34.2,36.0,37.2,39.0,40.2,42.0,43.2,43.8,45.0,46.2,46.8,48.0,49.2,49.8,51.0,52.2,52.8,54.0,55.2,55.8,57.0
Dumbbell Skull Crusher,D,Push,Triceps,18.75,20.25,21.75,23.25,24.75,26.25,27.75,29.25,30.75,32.25,33.75,35.25,37.5,39.75,41.25,42.75,45.0,46.5,48.75,50.25,52.5,54.75,57.75,60.0,63.0,66.0,68.25,71.25,73.5,76.5,78.75,80.25,82.5,84.0,85.5,87.75,89.25,90.75,93.0,94.5,96.0,98.25,99.75,101.25,103.5,105.0,9.0,9.6,10.2,10.8,11.4,12.0,12.6,13.2,13.8,14.4,15.0,16.2,17.4,18.6,19.8,21.0,22.2,23.4,24.6,25.8,27.0,28.2,30.0,31.8,33.0,34.2,36.0,37.2,39.0,40.2,42.0,43.2,43.8,45.0,46.2,46.8,48.0,49.2,49.8,51.0,52.2,52.8,54.0,55.2,55.8,57.0
Lying Triceps Extension,M,Push,Triceps,17.25,18.0,19.5,21.0,22.5,24.0,24.75,26.25,27.75,29.25,30.75,32.25,33.75,35.25,36.75,39.0,40.5,42.0,43.5,45.75,47.25,49.5,51.75,54.0,57.0,59.25,61.5,63.75,66.0,68.25,70.5,72.75,74.25,75.75,77.25,78.75,80.25,81.75,83.25,84.75,87.0,88.5,90.0,91.5,93.0,94.5,8.4,8.41,9.0,9.6,10.2,10.8,11.4,12.0,12.6,13.2,13.8,14.4,15.6,16.8,18.0,19.2,19.8,21.0,22.2,23.4,24.6,25.8,27.0,28.2,29.4,31.2,32.4,33.6,34.8,36.6,37.8,39.0,39.6,40.8,41.4,42.0,43.2,43.8,45.0,46.2,46.8,47.4,48.6,49.2,50.4,51.0
Seated Dumbbell Overhead Extension,D,Push,Triceps,37.5,41.25,45.0,48.75,52.5,56.25,60.0,63.75,67.5,71.25,75.0,76.5,78.75,80.25,82.5,84.0,86.25,88.5,90.0,92.25,93.75,95.25,97.5,99.0,101.25,103.5,105.0,107.25,108.75,111.0,112.5,114.75,117.75,120.0,122.25,125.25,127.5,129.75,132.75,135.0,137.25,140.25,142.5,144.75,147.75,150.0,18.0,19.2,20.4,21.6,22.8,24.0,25.2,26.4,27.6,28.8,30.0,31.8,33.0,34.2,36.0,37.2,39.0,40.8,42.0,43.2,45.0,47.4,49.2,51.0,53.4,55.8,57.6,60.0,61.8,63.6,66.0,67.2,69.0,70.2,71.4,73.2,74.4,75.6,77.4,78.6,79.8,81.6,82.8,84.0,85.8,87.0
Single-Dumbbell Overhead Extension,D,Push,Triceps,37.5,41.25,45.0,48.75,52.5,56.25,60.0,63.75,67.5,71.25,75.0,76.5,78.75,80.25,82.5,84.0,86.25,88.5,90.0,92.25,93.75,95.25,97.5,99.0,101.25,103.5,105.0,107.25,108.75,111.0,112.5,114.75,117.75,120.0,122.25,125.25,127.5,129.75,132.75,135.0,137.25,140.25,142.5,144.75,147.75,150.0,18.0,19.2,20.4,21.6,22.8,24.0,25.2,26.4,27.6,28.8,30.0,31.8,33.0,34.2,36.0,37.2,39.0,40.8,42.0,43.2,45.0,47.4,49.2,51.0,53.4,55.8,57.6,60.0,61.8,63.6,66.0,67.2,69.0,70.2,71.4,73.2,74.4,75.6,77.4,78.6,79.8,81.6,82.8,84.0,85.8,87.0
Cable Kickback,M,Push,Triceps,17.25,18.0,19.5,21.0,22.5,24.0,24.75,26.25,27.75,29.25,30.75,32.25,33.75,35.25,36.75,39.0,40.5,42.0,43.5,45.75,47.25,49.5,51.75,54.0,57.0,59.25,61.5,63.75,66.0,68.25,70.5,72.75,74.25,75.75,77.25,78.75,80.25,81.75,83.25,84.75,87.0,88.5,90.0,91.5,93.0,94.5,8.4,8.41,9.0,9.6,10.2,10.8,11.4,12.0,12.6,13.2,13.8,14.4,15.6,16.8,18.0,19.2,19.8,21.0,22.2,23.4,24.6,25.8,27.0,28.2,29.4,31.2,32.4,33.6,34.8,36.6,37.8,39.0,39.6,40.8,41.4,42.0,43.2,43.8,45.0,46.2,46.8,47.4,48.6,49.2,50.4,51.0
Dumbbell Triceps Kickback,D,Push,Triceps,18.75,20.25,21.75,23.25,24.75,26.25,27.75,29.25,30.75,32.25,33.75,35.25,37.5,39.75,41.25,42.75,45.0,46.5,48.75,50.25,52.5,54.75,57.75,60.0,63.0,66.0,68.25,71.25,73.5,76.5,78.75,80.25,82.5,84.0,85.5,87.75,89.25,90.75,93.0,94.5,96.0,98.25,99.75,101.25,103.5,105.0,9.0,9.6,10.2,10.8,11.4,12.0,12.6,13.2,13.8,14.4,15.0,16.2,17.4,18.6,19.8,21.0,22.2,23.4,24.6,25.8,27.0,28.2,30.0,31.8,33.0,34.2,36.0,37.2,39.0,40.2,42.0,43.2,43.8,45.0,46.2,46.8,48.0,49.2,49.8,51.0,52.2,52.8,54.0,55.2,55.8,57.0
Assisted Dip,W,Push,Triceps,15.0,16.5,18.0,19.5,21.0,22.5,24.0,25.5,27.0,28.5,30.0,32.25,33.75,36.0,37.5,39.75,41.25,42.75,45.0,46.5,48.75,51.0,53.25,55.5,57.75,60.0,62.25,64.5,66.75,69.0,71.25,72.75,75.0,76.5,78.0,80.25,81.75,83.25,85.5,87.0,88.5,90.75,92.25,93.75,96.0,97.5,7.2,7.8,9.0,9.6,10.2,10.8,12.0,12.6,13.2,14.4,15.0,16.2,17.4,18.6,19.8,21.0,22.2,23.4,24.6,25.8,27.0,28.2,30.0,31.8,33.0,34.2,36.0,37.2,39.0,40.2,42.0,43.2,44.4,45.6,46.8,48.0,49.2,50.4,51.6,52.8,54.0,55.2,56.4,57.6,58.8,60.0
Bench Dip,U,Push,Triceps,15.0,16.5,18.0,19.5,21.0,22.5,24.0,25.5,27.0,28.5,30.0,32.25,33.75,36.0,37.5,39.75,41.25,42.75,45.0,46.5,48.75,51.0,53.25,55.5,57.75,60.0,62.25,64.5,66.75,69.0,71.25,72.75,75.0,76.5,78.0,80.25,81.75,83.25,85.5,87.0,88.5,90.75,92.25,93.75,96.0,97.5,7.2,7.8,9.0,9.6,10.2,10.8,12.0,12.6,13.2,14.4,15.0,16.2,17.4,18.6,19.8,21.0,22.2,23.4,24.6,25.8,27.0,28.2,30.0,31.8,33.0,34.2,36.0,37.2,39.0,40.2,42.0,43.2,44.4,45.6,46.8,48.0,49.2,50.4,51.6,52.8,54.0,55.2,56.4,57.6,58.8,60.0
JM Press,B,Push,Triceps,18.75,20.25,21.75,23.25,24.75,26.25,27.75,29.25,30.75,32.25,33.75,35.25,37.5,39.75,41.25,42.75,45.0,46.5,48.75,50.25,52.5,54.75,57.75,60.0,63.0,66.0,68.25,71.25,73.5,76.5,78.75,80.25,82.5,84.0,85.5,87.75,89.25,90.75,93.0,94.5,96.0,98.25,99.75,101.25,103.5,105.0,9.0,9.6,10.2,10.8,11.4,12.0,12.6,13.2,13.8,14.4,15.0,16.2,17.4,18.6,19.8,21.0,22.2,23.4,24.6,25.8,27.0,28.2,30.0,31.8,33.0,34.2,36.0,37.2,39.0,40.2,42.0,43.2,43.8,45.0,46.2,46.8,48.0,49.2,49.8,51.0,52.2,52.8,54.0,55.2,55.8,57.0
Tate Press,D,Push,Triceps,18.75,20.25,21.75,23.25,24.75,26.25,27.75,29.25,30.75,32.25,33.75,35.25,37.5,39.75,41.25,42.75,45.0,46.5,48.75,50.25,52.5,54.75,57.75,60.0,63.0,66.0,68.25,71.25,73.5,76.5,78.75,80.25,82.5,84.0,85.5,87.75,89.25,90.75,93.0,94.5,96.0,98.25,99.75,101.25,103.5,105.0,9.0,9.6,10.2,10.8,11.4,12.0,12.6,13.2,13.8,14.4,15.0,16.2,17.4,18.6,19.8,21.0,22.2,23.4,24.6,25.8,27.0,28.2,30.0,31.8,33.0,34.2,36.0,37.2,39.0,40.2,42.0,43.2,43.8,45.0,46.2,46.8,48.0,49.2,49.8,51.0,52.2,52.8,54.0,55.2,55.8,57.0
Flat Dumbbell Fly,D,Push,Chest,18.75,20.25,21.75,23.25,24.75,26.25,27.75,29.25,30.75,32.25,33.75,35.25,37.5,39.75,41.25,42.75,45.0,46.5,48.75,50.25,52.5,54.75,57.0,59.25,61.5,63.75,66.0,68.25,70.5,72.75,75.0,76.5,78.0,79.5,81.0,82.5,84.0,85.5,87.0,88.5,90.0,91.5,93.0,94.5,96.0,97.5,9.0,9.6,10.8,12.0,12.6,13.2,14.4,15.6,16.2,16.8,18.0,19.2,20.4,21.6,22.8,24.0,25.2,26.4,27.6,28.8,30.0,31.2,32.4,33.6,34.8,36.0,37.2,38.4,39.6,40.8,42.0,42.6,43.8,44.4,45.0,46.2,46.8,47.4,48.6,49.2,49.8,51.0,51.6,52.2,53.4,54.0
Cable Chest Fly,M,Push,Chest,17.25,18.0,19.5,21.0,22.5,24.0,24.75,26.25,27.75,29.25,30.75,32.25,33.75,35.25,36.75,39.0,40.5,42.0,43.5,45.75,47.25,49.5,51.0,53.25,55.5,57.75,59.25,61.5,63.75,65.25,67.5,69.0,70.5,71.25,72.75,74.25,75.75,77.25,78.0,79.5,81.0,82.5,84.0,84.75,86.25,87.75,8.4,9.0,9.6,10.8,11.4,12.0,13.2,13.8,14.4,15.6,16.2,17.4,18.6,19.2,20.4,21.6,22.8,24.0,24.6,25.8,27.0,28.2,29.4,30.0,31.2,32.4,33.6,34.8,35.4,36.6,37.8,38.4,39.0,40.2,40.8,41.4,42.0,42.6,43.8,44.4,45.0,45.6,46.2,47.4,48.0,48.6
Low-to-High Cable Fly,M,Push,Chest,17.25,18.0,19.5,21.0,22.5,24.0,24.75,26.25,27.75,29.25,30.75,32.25,33.75,35.25,36.75,39.0,40.5,42.0,43.5,45.75,47.25,49.5,51.0,53.25,55.5,57.75,59.25,61.5,63.75,65.25,67.5,69.0,70.5,71.25,72.75,74.25,75.75,77.25,78.0,79.5,81.0,82.5,84.0,84.75,86.25,87.75,8.4,9.0,9.6,10.8,11.4,12.0,13.2,13.8,14.4,15.6,16.2,17.4,18.6,19.2,20.4,21.6,22.8,24.0,24.6,25.8,27.0,28.2,29.4,30.0,31.2,32.4,33.6,34.8,35.4,36.6,37.8,38.4,39.0,40.2,40.8,41.4,42.0,42.6,43.8,44.4,45.0,45.6,46.2,47.4,48.0,48.6
High-to-Low Cable Fly,M,Push,Chest,17.25,18.0,19.5,21.0,22.5,24.0,24.75,26.25,27.75,29.25,30.75,32.25,33.75,35.25,36.75,39.0,40.5,42.0,43.5,45.75,47.25,49.5,51.0,53.25,55.5,57.75,59.25,61.5,63.75,65.25,67.5,69.0,70.5,71.25,72.75,74.25,75.75,77.25,78.0,79.5,81.0,82.5,84.0,84.75,86.25,87.75,8.4,9.0,9.6,10.8,11.4,12.0,13.2,13.8,14.4,15.6,16.2,17.4,18.6,19.2,20.4,21.6,22.8,24.0,24.6,25.8,27.0,28.2,29.4,30.0,31.2,32.4,33.6,34.8,35.4,36.6,37.8,38.4,39.0,40.2,40.8,41.4,42.0,42.6,43.8,44.4,45.0,45.6,46.2,47.4,48.0,48.6
Standing Cable Press,M,Push,Chest,33.75,35.25,36.75,39.0,40.5,42.0,43.5,45.75,47.25,48.75,51.0,52.5,54.0,55.5,57.75,59.25,60.75,62.25,63.75,66.0,67.5,71.25,74.25,78.0,81.0,84.0,87.75,91.5,94.5,98.25,101.25,103.5,105.75,108.0,110.25,112.5,114.75,117.0,119.25,121.5,123.75,126.0,128.25,130.5,132.75,135.0,13.8,15.0,16.2,17.4,19.2,20.4,21.6,22.8,24.6,25.8,27.0,28.2,29.4,31.2,32.4,33.6,34.8,36.6,37.8,39.0,40.8,42.6,44.4,46.2,48.0,49.8,51.6,54.0,55.8,57.6,59.4,60.6,61.8,63.0,64.2,65.4,67.2,68.4,69.6,70.8,72.0,73.2,74.4,75.6,76.8,78.0
Single-Arm Cable Press,M,Push,Chest,30.0,31.5,33.0,34.5,36.0,36.75,38.25,39.75,41.25,42.75,44.25,45.75,47.25,48.75,50.25,51.75,53.25,54.75,56.25,57.75,59.25,62.25,65.25,68.25,71.25,74.25,77.25,80.25,83.25,86.25,89.25,90.75,93.0,95.25,96.75,99.0,101.25,102.75,105.0,107.25,108.75,111.0,112.5,114.75,117.0,118.5,12.0,13.2,14.4,15.6,16.8,18.0,19.2,20.4,21.6,22.8,24.0,25.2,26.4,27.6,28.8,29.4,30.6,31.8,33.0,34.2,35.4,37.2,39.0,40.8,42.0,43.8,45.6,47.4,49.2,50.4,52.2,53.4,54.6,55.8,56.4,57.6,58.8,60.0,61.2,62.4,63.6,64.2,65.4,66.6,67.8,69.0
Incline Cable Fly,M,Push,Chest,17.25,18.0,19.5,21.0,22.5,24.0,24.75,26.25,27.75,29.25,30.75,32.25,33.75,35.25,36.75,39.0,40.5,42.0,43.5,45.75,47.25,49.5,51.0,53.25,55.5,57.75,59.25,61.5,63.75,65.25,67.5,69.0,70.5,71.25,72.75,74.25,75.75,77.25,78.0,79.5,81.0,82.5,84.0,84.75,86.25,87.75,8.4,9.0,9.6,10.8,11.4,12.0,13.2,13.8,14.4,15.6,16.2,17.4,18.6,19.2,20.4,21.6,22.8,24.0,24.6,25.8,27.0,28.2,29.4,30.0,31.2,32.4,33.6,34.8,35.4,36.6,37.8,38.4,39.0,40.2,40.8,41.4,42.0,42.6,43.8,44.4,45.0,45.6,46.2,47.4,48.0,48.6
Decline Cable Fly,M,Push,Chest,17.25,18.0,19.5,21.0,22.5,24.0,24.75,26.25,27.75,29.25,30.75,32.25,33.75,35.25,36.75,39.0,40.5,42.0,43.5,45.75,47.25,49.5,51.0,53.25,55.5,57.75,59.25,61.5,63.75,65.25,67.5,69.0,70.5,71.25,72.75,74.25,75.75,77.25,78.0,79.5,81.0,82.5,84.0,84.75,86.25,87.75,8.4,9.0,9.6,10.8,11.4,12.0,13.2,13.8,14.4,15.6,16.2,17.4,18.6,19.2,20.4,21.6,22.8,24.0,24.6,25.8,27.0,28.2,29.4,30.0,31.2,32.4,33.6,34.8,35.4,36.6,37.8,38.4,39.0,40.2,40.8,41.4,42.0,42.6,43.8,44.4,45.0,45.6,46.2,47.4,48.0,48.6
Smith Machine Bench Press,M,Push,Chest,30.75,32.25,33.75,35.25,36.75,38.25,39.75,41.25,42.75,44.25,45.75,47.25,48.75,50.25,51.75,53.25,54.75,56.25,57.75,59.25,60.75,63.75,66.75,69.75,72.75,75.75,78.75,81.75,84.75,87.75,91.5,93.0,95.25,97.5,99.0,101.25,103.5,105.0,107.25,109.5,111.75,113.25,115.5,117.75,119.25,121.5,12.0,13.2,14.4,15.6,16.8,18.0,19.2,20.4,21.6,22.8,24.6,25.8,27.0,28.2,29.4,30.6,31.8,33.0,34.2,35.4,36.6,38.4,39.6,41.4,43.2,45.0,46.8,48.6,49.8,51.6,53.4,54.6,55.8,57.0,58.2,59.4,60.0,61.2,62.4,63.6,64.8,66.0,67.2,68.4,69.6,70.8
Smith Machine Incline Press,M,Push,Chest,30.75,32.25,33.75,35.25,36.75,38.25,39.75,41.25,42.75,44.25,45.75,47.25,48.75,50.25,51.75,53.25,54.75,56.25,57.75,59.25,60.75,63.75,66.75,69.75,72.75,75.75,78.75,81.75,84.75,87.75,91.5,93.0,95.25,97.5,99.0,101.25,103.5,105.0,107.25,109.5,111.75,113.25,115.5,117.75,119.25,121.5,12.0,13.2,14.4,15.6,16.8,18.0,19.2,20.4,21.6,22.8,24.6,25.8,27.0,28.2,29.4,30.6,31.8,33.0,34.2,35.4,36.6,38.4,39.6,41.4,43.2,45.0,46.8,48.6,49.8,51.6,53.4,54.6,55.8,57.0,58.2,59.4,60.0,61.2,62.4,63.6,64.8,66.0,67.2,68.4,69.6,70.8
Smith Machine Decline Press,M,Push,Chest,30.75,32.25,33.75,35.25,36.75,38.25,39.75,41.25,42.75,44.25,45.75,47.25,48.75,50.25,51.75,53.25,54.75,56.25,57.75,59.25,60.75,63.75,66.75,69.75,72.75,75.75,78.75,81.75,84.75,87.75,91.5,93.0,95.25,97.5,99.0,101.25,103.5,105.0,107.25,109.5,111.75,113.25,115.5,117.75,119.25,121.5,12.0,13.2,14.4,15.6,16.8,18.0,19.2,20.4,21.6,22.8,24.6,25.8,27.0,28.2,29.4,30.6,31.8,33.0,34.2,35.4,36.6,38.4,39.6,41.4,43.2,45.0,46.8,48.6,49.8,51.6,53.4,54.6,55.8,57.0,58.2,59.4,60.0,61.2,62.4,63.6,64.8,66.0,67.2,68.4,69.6,70.8
Decline Bench Press,B,Push,Chest,39.0,42.75,46.5,51.0,54.75,58.5,62.25,66.0,70.5,74.25,78.0,80.25,81.75,84.0,85.5,87.75,90.0,91.5,93.75,95.25,97.5,99.75,101.25,103.5,105.0,107.25,109.5,111.0,113.25,114.75,117.0,119.25,122.25,124.5,127.5,129.75,132.75,135.0,138.0,140.25,143.25,145.5,148.5,150.75,153.75,156.0,18.6,19.8,21.0,22.2,24.0,25.2,26.4,27.6,28.8,30.0,31.2,33.0,34.2,36.0,37.2,39.0,40.8,42.0,43.8,45.0,46.8,49.2,51.0,53.4,55.8,57.6,60.0,61.8,64.2,66.6,68.4,70.2,71.4,73.2,74.4,76.2,77.4,78.6,80.4,81.6,83.4,84.6,86.4,87.6,88.8,90.6
Incline Machine Chest Press,M,Push,Chest,30.75,32.25,33.75,35.25,36.75,38.25,39.75,41.25,42.75,44.25,45.75,47.25,48.75,50.25,51.75,53.25,54.75,56.25,57.75,59.25,60.75,63.75,66.75,69.75,72.75,75.75,78.75,81.75,84.75,87.75,91.5,93.0,95.25,97.5,99.0,101.25,103.5,105.0,107.25,109.5,111.75,113.25,115.5,117.75,119.25,121.5,12.0,13.2,14.4,15.6,16.8,18.0,19.2,20.4,21.6,22.8,24.6,25.8,27.0,28.2,29.4,30.6,31.8,33.0,34.2,35.4,36.6,38.4,39.6,41.4,43.2,45.0,46.8,48.6,49.8,51.6,53.4,54.6,55.8,57.0,58.2,59.4,60.0,61.2,62.4,63.6,64.8,66.0,67.2,68.4,69.6,70.8
Decline Machine Chest Press,M,Push,Chest,30.75,32.25,33.75,35.25,36.75,38.25,39.75,41.25,42.75,44.25,45.75,47.25,48.75,50.25,51.75,53.25,54.75,56.25,57.75,59.25,60.75,63.75,66.75,69.75,72.75,75.75,78.75,81.75,84.75,87.75,91.5,93.0,95.25,97.5,99.0,101.25,103.5,105.0,107.25,109.5,111.75,113.25,115.5,117.75,119.25,121.5,12.0,13.2,14.4,15.6,16.8,18.0,19.2,20.4,21.6,22.8,24.6,25.8,27.0,28.2,29.4,30.6,31.8,33.0,34.2,35.4,36.6,38.4,39.6,41.4,43.2,45.0,46.8,48.6,49.8,51.6,53.4,54.6,55.8,57.0,58.2,59.4,60.0,61.2,62.4,63.6,64.8,66.0,67.2,68.4,69.6,70.8
Plate-Loaded Chest Press,M,Push,Chest,30.75,32.25,33.75,35.25,36.75,38.25,39.75,41.25,42.75,44.25,45.75,47.25,48.75,50.25,51.75,53.25,54.75,56.25,57.75,59.25,60.75,63.75,66.75,69.75,72.75,75.75,78.75,81.75,84.75,87.75,91.5,93.0,95.25,97.5,99.0,101.25,103.5,105.0,107.25,109.5,111.75,113.25,115.5,117.75,119.25,121.5,12.0,13.2,14.4,15.6,16.8,18.0,19.2,20.4,21.6,22.8,24.6,25.8,27.0,28.2,29.4,30.6,31.8,33.0,34.2,35.4,36.6,38.4,39.6,41.4,43.2,45.0,46.8,48.6,49.8,51.6,53.4,54.6,55.8,57.0,58.2,59.4,60.0,61.2,62.4,63.6,64.8,66.0,67.2,68.4,69.6,70.8
Hammer Strength Chest Press,D,Push,Chest,37.5,41.25,45.0,48.75,52.5,56.25,60.0,63.75,67.5,71.25,75.0,76.5,78.75,80.25,82.5,84.0,86.25,88.5,90.0,92.25,93.75,95.25,97.5,99.0,101.25,103.5,105.0,107.25,108.75,111.0,112.5,114.75,117.75,120.0,122.25,125.25,127.5,129.75,132.75,135.0,137.25,140.25,142.5,144.75,147.75,150.0,18.0,19.2,20.4,21.6,22.8,24.0,25.2,26.4,27.6,28.8,30.0,31.8,33.0,34.2,36.0,37.2,39.0,40.8,42.0,43.2,45.0,47.4,49.2,51.0,53.4,55.8,57.6,60.0,61.8,63.6,66.0,67.2,69.0,70.2,71.4,73.2,74.4,75.6,77.4,78.6,79.8,81.6,82.8,84.0,85.8,87.0
Pec Fly Machine,M,Push,Chest,15.0,16.5,18.0,18.75,20.25,21.0,22.5,24.0,24.75,26.25,27.0,29.25,30.75,32.25,33.75,35.25,36.75,38.25,39.75,41.25,42.75,44.25,46.5,48.0,49.5,51.75,53.25,55.5,57.0,59.25,60.75,62.25,63.0,64.5,65.25,66.75,68.25,69.0,70.5,72.0,72.75,74.25,75.0,76.5,78.0,78.75,7.2,7.8,9.0,9.6,10.2,10.8,11.4,12.6,13.2,13.8,14.4,15.6,16.8,17.4,18.6,19.2,20.4,21.6,22.2,23.4,24.6,25.2,26.4,27.0,28.2,29.4,30.0,31.2,31.8,33.0,34.2,34.8,35.4,36.0,36.6,37.2,37.8,38.4,39.0,39.6,40.2,41.4,42.0,42.6,43.2,43.8
Assisted Chest Dip,W,Push,Chest,15.0,16.5,18.0,19.5,21.0,22.5,24.0,25.5,27.0,28.5,30.0,32.25,33.75,36.0,37.5,39.75,41.25,42.75,45.0,46.5,48.75,51.0,53.25,55.5,57.75,60.0,62.25,64.5,66.75,69.0,71.25,72.75,75.0,76.5,78.0,80.25,81.75,83.25,85.5,87.0,88.5,90.75,92.25,93.75,96.0,97.5,7.2,7.8,9.0,9.6,10.2,10.8,12.0,12.6,13.2,14.4,15.0,16.2,17.4,18.6,19.8,21.0,22.2,23.4,24.6,25.8,27.0,28.2,30.0,31.8,33.0,34.2,36.0,37.2,39.0,40.2,42.0,43.2,44.4,45.6,46.8,48.0,49.2,50.4,51.6,52.8,54.0,55.2,56.4,57.6,58.8,60.0
Deficit Push-Up,U,Push,Chest,15.0,16.5,18.0,19.5,21.0,22.5,24.0,25.5,27.0,28.5,30.0,32.25,33.75,36.0,37.5,39.75,41.25,42.75,45.0,46.5,48.75,51.0,53.25,55.5,57.75,60.0,62.25,64.5,66.75,69.0,71.25,72.75,75.0,76.5,78.0,80.25,81.75,83.25,85.5,87.0,88.5,90.75,92.25,93.75,96.0,97.5,7.2,7.8,9.0,9.6,10.2,10.8,12.0,12.6,13.2,14.4,15.0,16.2,17.4,18.6,19.8,21.0,22.2,23.4,24.6,25.8,27.0,28.2,30.0,31.8,33.0,34.2,36.0,37.2,39.0,40.2,42.0,43.2,44.4,45.6,46.8,48.0,49.2,50.4,51.6,52.8,54.0,55.2,56.4,57.6,58.8,60.0
Weighted Push-Up,W,Push,Chest,15.0,16.5,18.0,19.5,21.0,22.5,24.0,25.5,27.0,28.5,30.0,32.25,33.75,36.0,37.5,39.75,41.25,42.75,45.0,46.5,48.75,51.0,53.25,55.5,57.75,60.0,62.25,64.5,66.75,69.0,71.25,72.75,75.0,76.5,78.0,80.25,81.75,83.25,85.5,87.0,88.5,90.75,92.25,93.75,96.0,97.5,7.2,7.8,9.0,9.6,10.2,10.8,12.0,12.6,13.2,14.4,15.0,16.2,17.4,18.6,19.8,21.0,22.2,23.4,24.6,25.8,27.0,28.2,30.0,31.8,33.0,34.2,36.0,37.2,39.0,40.2,42.0,43.2,44.4,45.6,46.8,48.0,49.2,50.4,51.6,52.8,54.0,55.2,56.4,57.6,58.8,60.0
Ring Push-Up,U,Push,Chest,15.0,16.5,18.0,19.5,21.0,22.5,24.0,25.5,27.0,28.5,30.0,32.25,33.75,36.0,37.5,39.75,41.25,42.75,45.0,46.5,48.75,51.0,53.25,55.5,57.75,60.0,62.25,64.5,66.75,69.0,71.25,72.75,75.0,76.5,78.0,80.25,81.75,83.25,85.5,87.0,88.5,90.75,92.25,93.75,96.0,97.5,7.2,7.8,9.0,9.6,10.2,10.8,12.0,12.6,13.2,14.4,15.0,16.2,17.4,18.6,19.8,21.0,22.2,23.4,24.6,25.8,27.0,28.2,30.0,31.8,33.0,34.2,36.0,37.2,39.0,40.2,42.0,43.2,44.4,45.6,46.8,48.0,49.2,50.4,51.6,52.8,54.0,55.2,56.4,57.6,58.8,60.0
Ring Dip,U,Push,Chest,15.0,16.5,18.0,19.5,21.0,22.5,24.0,25.5,27.0,28.5,30.0,32.25,33.75,36.0,37.5,39.75,41.25,42.75,45.0,46.5,48.75,51.0,53.25,55.5,57.75,60.0,62.25,64.5,66.75,69.0,71.25,72.75,75.0,76.5,78.0,80.25,81.75,83.25,85.5,87.0,88.5,90.75,92.25,93.75,96.0,97.5,7.2,7.8,9.0,9.6,10.2,10.8,12.0,12.6,13.2,14.4,15.0,16.2,17.4,18.6,19.8,21.0,22.2,23.4,24.6,25.8,27.0,28.2,30.0,31.8,33.0,34.2,36.0,37.2,39.0,40.2,42.0,43.2,44.4,45.6,46.8,48.0,49.2,50.4,51.6,52.8,54.0,55.2,56.4,57.6,58.8,60.0
Svend Press,D,Push,Chest,37.5,41.25,45.0,48.75,52.5,56.25,60.0,63.75,67.5,71.25,75.0,76.5,78.75,80.25,82.5,84.0,86.25,88.5,90.0,92.25,93.75,95.25,97.5,99.0,101.25,103.5,105.0,107.25,108.75,111.0,112.5,114.75,117.75,120.0,122.25,125.25,127.5,129.75,132.75,135.0,137.25,140.25,142.5,144.75,147.75,150.0,18.0,19.2,20.4,21.6,22.8,24.0,25.2,26.4,27.6,28.8,30.0,31.8,33.0,34.2,36.0,37.2,39.0,40.8,42.0,43.2,45.0,47.4,49.2,51.0,53.4,55.8,57.6,60.0,61.8,63.6,66.0,67.2,69.0,70.2,71.4,73.2,74.4,75.6,77.4,78.6,79.8,81.6,82.8,84.0,85.8,87.0
Landmine Chest Press,B,Push,Chest,37.5,41.25,45.0,48.75,52.5,56.25,60.0,63.75,67.5,71.25,75.0,76.5,78.75,80.25,82.5,84.0,86.25,88.5,90.0,92.25,93.75,95.25,97.5,99.0,101.25,103.5,105.0,107.25,108.75,111.0,112.5,114.75,117.75,120.0,122.25,125.25,127.5,129.75,132.75,135.0,137.25,140.25,142.5,144.75,147.75,150.0,18.0,19.2,20.4,21.6,22.8,24.0,25.2,26.4,27.6,28.8,30.0,31.8,33.0,34.2,36.0,37.2,39.0,40.8,42.0,43.2,45.0,47.4,49.2,51.0,53.4,55.8,57.6,60.0,61.8,63.6,66.0,67.2,69.0,70.2,71.4,73.2,74.4,75.6,77.4,78.6,79.8,81.6,82.8,84.0,85.8,87.0
Neutral-Grip Lat Pulldown,M,Pull,Back,33.75,35.25,36.75,39.0,40.5,42.0,43.5,45.75,47.25,48.75,51.0,52.5,54.0,55.5,57.75,59.25,60.75,62.25,63.75,66.0,67.5,71.25,74.25,78.0,81.0,84.0,87.75,91.5,94.5,98.25,101.25,102.0,103.5,105.0,105.75,107.25,108.0,109.5,110.25,111.0,112.5,114.0,114.75,115.5,117.0,117.75,19.2,19.8,20.4,21.6,22.2,22.8,24.0,24.6,25.2,26.4,27.0,28.2,29.4,31.2,32.4,33.6,34.8,36.6,37.8,39.0,40.8,41.4,42.6,43.8,45.0,46.2,46.8,48.0,49.2,50.4,51.0,52.2,53.4,54.6,55.8,56.4,57.6,58.8,60.0,61.2,61.8,63.0,64.2,65.4,66.6,67.2
Wide-Grip Lat Pulldown,M,Pull,Back,33.75,35.25,36.75,39.0,40.5,42.0,43.5,45.75,47.25,48.75,51.0,52.5,54.0,55.5,57.75,59.25,60.75,62.25,63.75,66.0,67.5,71.25,74.25,78.0,81.0,84.0,87.75,91.5,94.5,98.25,101.25,102.0,103.5,105.0,105.75,107.25,108.0,109.5,110.25,111.0,112.5,114.0,114.75,115.5,117.0,117.75,19.2,19.8,20.4,21.6,22.2,22.8,24.0,24.6,25.2,26.4,27.0,28.2,29.4,31.2,32.4,33.6,34.8,36.6,37.8,39.0,40.8,41.4,42.6,43.8,45.0,46.2,46.8,48.0,49.2,50.4,51.0,52.2,53.4,54.6,55.8,56.4,57.6,58.8,60.0,61.2,61.8,63.0,64.2,65.4,66.6,67.2
Close-Grip Lat Pulldown,M,Pull,Back,31.5,33.0,35.25,36.75,38.25,39.75,41.25,42.75,44.25,45.75,47.25,49.5,51.0,52.5,54.0,55.5,57.0,58.5,60.0,61.5,63.75,66.75,69.75,72.75,76.5,79.5,82.5,85.5,88.5,92.25,95.25,96.0,97.5,98.25,99.75,100.5,101.25,102.75,103.5,105.0,105.75,106.5,108.0,108.75,110.25,111.0,18.0,18.6,19.2,19.8,21.0,21.6,22.2,22.8,24.0,24.6,25.2,26.4,28.2,29.4,30.6,31.8,33.0,34.2,35.4,36.6,37.8,39.0,40.2,41.4,42.0,43.2,44.4,45.0,46.2,47.4,48.0,49.2,50.4,51.0,52.2,53.4,54.6,55.2,56.4,57.6,58.2,59.4,60.6,61.2,62.4,63.6
Underhand Lat Pulldown,M,Pull,Back,33.75,35.25,36.75,39.0,40.5,42.0,43.5,45.75,47.25,48.75,51.0,52.5,54.0,55.5,57.75,59.25,60.75,62.25,63.75,66.0,67.5,71.25,74.25,78.0,81.0,84.0,87.75,91.5,94.5,98.25,101.25,102.0,103.5,105.0,105.75,107.25,108.0,109.5,110.25,111.0,112.5,114.0,114.75,115.5,117.0,117.75,19.2,19.8,20.4,21.6,22.2,22.8,24.0,24.6,25.2,26.4,27.0,28.2,29.4,31.2,32.4,33.6,34.8,36.6,37.8,39.0,40.8,41.4,42.6,43.8,45.0,46.2,46.8,48.0,49.2,50.4,51.0,52.2,53.4,54.6,55.8,56.4,57.6,58.8,60.0,61.2,61.8,63.0,64.2,65.4,66.6,67.2
Single-Arm Lat Pulldown,M,Pull,Back,30.0,31.5,33.0,34.5,36.0,36.75,38.25,39.75,41.25,42.75,44.25,45.75,47.25,48.75,50.25,51.75,53.25,54.75,56.25,57.75,59.25,62.25,65.25,68.25,71.25,74.25,77.25,80.25,83.25,86.25,89.25,90.0,90.75,92.25,93.0,93.75,95.25,96.0,96.75,98.25,99.0,99.75,101.25,102.0,102.75,104.25,16.8,17.4,18.0,18.6,19.2,20.4,21.0,21.6,22.2,22.8,24.0,25.2,26.4,27.6,28.8,29.4,30.6,31.8,33.0,34.2,35.4,36.6,37.8,38.4,39.6,40.2,41.4,42.0,43.2,44.4,45.0,46.2,46.8,48.0,49.2,49.8,51.0,51.6,52.8,53.4,54.6,55.8,56.4,57.6,58.2,59.4
Straight-Arm Cable Pulldown,M,Pull,Back,33.75,35.25,36.75,39.0,40.5,42.0,43.5,45.75,47.25,48.75,51.0,52.5,54.0,55.5,57.75,59.25,60.75,62.25,63.75,66.0,67.5,71.25,74.25,78.0,81.0,84.0,87.75,91.5,94.5,98.25,101.25,102.0,103.5,105.0,105.75,107.25,108.0,109.5,110.25,111.0,112.5,114.0,114.75,115.5,117.0,117.75,19.2,19.8,20.4,21.6,22.2,22.8,24.0,24.6,25.2,26.4,27.0,28.2,29.4,31.2,32.4,33.6,34.8,36.6,37.8,39.0,40.8,41.4,42.6,43.8,45.0,46.2,46.8,48.0,49.2,50.4,51.0,52.2,53.4,54.6,55.8,56.4,57.6,58.8,60.0,61.2,61.8,63.0,64.2,65.4,66.6,67.2
Rope Straight-Arm Pulldown,M,Pull,Back,33.75,35.25,36.75,39.0,40.5,42.0,43.5,45.75,47.25,48.75,51.0,52.5,54.0,55.5,57.75,59.25,60.75,62.25,63.75,66.0,67.5,71.25,74.25,78.0,81.0,84.0,87.75,91.5,94.5,98.25,101.25,102.0,103.5,105.0,105.75,107.25,108.0,109.5,110.25,111.0,112.5,114.0,114.75,115.5,117.0,117.75,19.2,19.8,20.4,21.6,22.2,22.8,24.0,24.6,25.2,26.4,27.0,28.2,29.4,31.2,32.4,33.6,34.8,36.6,37.8,39.0,40.8,41.4,42.6,43.8,45.0,46.2,46.8,48.0,49.2,50.4,51.0,52.2,53.4,54.6,55.8,56.4,57.6,58.8,60.0,61.2,61.8,63.0,64.2,65.4,66.6,67.2
Kneeling Cable Pulldown,M,Pull,Back,33.75,35.25,36.75,39.0,40.5,42.0,43.5,45.75,47.25,48.75,51.0,52.5,54.0,55.5,57.75,59.25,60.75,62.25,63.75,66.0,67.5,71.25,74.25,78.0,81.0,84.0,87.75,91.5,94.5,98.25,101.25,102.0,103.5,105.0,105.75,107.25,108.0,109.5,110.25,111.0,112.5,114.0,114.75,115.5,117.0,117.75,19.2,19.8,20.4,21.6,22.2,22.8,24.0,24.6,25.2,26.4,27.0,28.2,29.4,31.2,32.4,33.6,34.8,36.6,37.8,39.0,40.8,41.4,42.6,43.8,45.0,46.2,46.8,48.0,49.2,50.4,51.0,52.2,53.4,54.6,55.8,56.4,57.6,58.8,60.0,61.2,61.8,63.0,64.2,65.4,66.6,67.2
Machine Lat Pulldown,M,Pull,Back,30.75,32.25,33.75,35.25,36.75,38.25,39.75,41.25,42.75,44.25,45.75,47.25,48.75,50.25,51.75,53.25,54.75,56.25,57.75,59.25,60.75,63.75,66.75,69.75,72.75,75.75,78.75,81.75,84.75,87.75,91.5,92.25,93.0,94.5,95.25,96.0,97.5,98.25,99.0,100.5,101.25,102.0,103.5,104.25,105.0,106.5,16.8,18.0,18.6,19.2,19.8,20.4,21.6,22.2,22.8,23.4,24.6,25.8,27.0,28.2,29.4,30.6,31.8,33.0,34.2,35.4,36.6,37.2,38.4,39.6,40.2,41.4,42.0,43.2,44.4,45.0,46.2,47.4,48.0,49.2,49.8,51.0,52.2,52.8,54.0,55.2,55.8,57.0,57.6,58.8,60.0,60.6
Assisted Pull-Up Machine,M,Pull,Back,15.0,16.5,18.0,19.5,21.0,22.5,24.0,25.5,27.0,28.5,30.0,32.25,33.75,36.0,37.5,39.75,41.25,42.75,45.0,46.5,48.75,51.0,53.25,55.5,57.75,60.0,62.25,64.5,66.75,69.0,71.25,72.75,75.0,76.5,78.0,80.25,81.75,83.25,85.5,87.0,88.5,90.75,92.25,93.75,96.0,97.5,7.2,7.8,9.0,9.6,10.2,10.8,12.0,12.6,13.2,14.4,15.0,16.2,17.4,18.6,19.8,21.0,22.2,23.4,24.6,25.8,27.0,28.2,30.0,31.8,33.0,34.2,36.0,37.2,39.0,40.2,42.0,43.2,44.4,45.6,46.8,48.0,49.2,50.4,51.6,52.8,54.0,55.2,56.4,57.6,58.8,60.0
Chest-Supported Machine Row,M,Pull,Back,30.75,32.25,33.75,35.25,36.75,38.25,39.75,41.25,42.75,44.25,45.75,47.25,48.75,50.25,51.75,53.25,54.75,56.25,57.75,59.25,60.75,63.75,66.75,69.75,72.75,75.75,78.75,81.75,84.75,87.75,91.5,92.25,93.0,94.5,95.25,96.0,97.5,98.25,99.0,100.5,101.25,102.0,103.5,104.25,105.0,106.5,16.8,18.0,18.6,19.2,19.8,20.4,21.6,22.2,22.8,23.4,24.6,25.8,27.0,28.2,29.4,30.6,31.8,33.0,34.2,35.4,36.6,37.8,39.0,40.2,41.4,42.6,43.8,45.0,46.2,47.4,48.6,49.8,50.4,51.6,52.2,53.4,54.6,55.2,56.4,57.6,58.2,59.4,60.0,61.2,62.4,63.0
Plate-Loaded Row,M,Pull,Back,30.75,32.25,33.75,35.25,36.75,38.25,39.75,41.25,42.75,44.25,45.75,47.25,48.75,50.25,51.75,53.25,54.75,56.25,57.75,59.25,60.75,63.75,66.75,69.75,72.75,75.75,78.75,81.75,84.75,87.75,91.5,92.25,93.0,94.5,95.25,96.0,97.5,98.25,99.0,100.5,101.25,102.0,103.5,104.25,105.0,106.5,16.8,18.0,18.6,19.2,19.8,20.4,21.6,22.2,22.8,23.4,24.6,25.8,27.0,28.2,29.4,30.6,31.8,33.0,34.2,35.4,36.6,37.8,39.0,40.2,41.4,42.6,43.8,45.0,46.2,47.4,48.6,49.8,50.4,51.6,52.2,53.4,54.6,55.2,56.4,57.6,58.2,59.4,60.0,61.2,62.4,63.0
Chest-Supported T-Bar Row,M,Pull,Back,33.75,35.25,36.75,39.0,40.5,42.0,43.5,45.75,47.25,48.75,51.0,52.5,54.0,55.5,57.75,59.25,60.75,62.25,63.75,66.0,67.5,71.25,74.25,78.0,81.0,84.0,87.75,91.5,94.5,98.25,101.25,102.0,103.5,105.0,105.75,107.25,108.0,109.5,110.25,111.0,112.5,114.0,114.75,115.5,117.0,117.75,19.2,19.8,20.4,21.6,22.2,22.8,24.0,24.6,25.2,26.4,27.0,28.2,29.4,31.2,32.4,33.6,34.8,36.6,37.8,39.0,40.8,42.0,43.2,44.4,46.2,47.4,48.6,49.8,51.0,52.8,54.0,55.2,56.4,57.0,58.2,59.4,60.6,61.8,62.4,63.6,64.8,66.0,67.2,67.8,69.0,70.2
Landmine Row,B,Pull,Back,37.5,39.75,41.25,42.75,45.0,46.5,48.75,51.0,52.5,54.0,56.25,58.5,60.0,61.5,63.75,66.0,67.5,69.75,71.25,72.75,75.0,78.75,82.5,86.25,90.0,93.75,97.5,101.25,105.0,108.75,112.5,114.0,114.75,116.25,117.75,118.5,120.0,121.5,122.25,123.75,125.25,126.0,127.5,129.0,129.75,131.25,21.0,21.6,22.8,23.4,24.6,25.2,26.4,27.6,28.2,28.8,30.0,31.8,33.0,34.2,36.0,37.2,39.0,40.8,42.0,43.2,45.0,46.8,48.0,49.2,51.0,52.8,54.0,55.8,57.0,58.2,60.0,61.2,62.4,63.6,64.8,66.0,67.2,68.4,69.6,70.8,72.0,73.2,74.4,75.6,76.8,78.0
Meadows Row,M,Pull,Back,33.75,35.25,36.75,39.0,40.5,42.0,43.5,45.75,47.25,48.75,51.0,52.5,54.0,55.5,57.75,59.25,60.75,62.25,63.75,66.0,67.5,71.25,74.25,78.0,81.0,84.0,87.75,91.5,94.5,98.25,101.25,102.0,103.5,105.0,105.75,107.25,108.0,109.5,110.25,111.0,112.5,114.0,114.75,115.5,117.0,117.75,19.2,19.8,20.4,21.6,22.2,22.8,24.0,24.6,25.2,26.4,27.0,28.2,29.4,31.2,32.4,33.6,34.8,36.6,37.8,39.0,40.8,42.0,43.2,44.4,46.2,47.4,48.6,49.8,51.0,52.8,54.0,55.2,56.4,57.0,58.2,59.4,60.6,61.8,62.4,63.6,64.8,66.0,67.2,67.8,69.0,70.2
Single-Arm Cable Row,M,Pull,Back,30.0,31.5,33.0,34.5,36.0,36.75,38.25,39.75,41.25,42.75,44.25,45.75,47.25,48.75,50.25,51.75,53.25,54.75,56.25,57.75,59.25,62.25,65.25,68.25,71.25,74.25,77.25,80.25,83.25,86.25,89.25,90.0,90.75,92.25,93.0,93.75,95.25,96.0,96.75,98.25,99.0,99.75,101.25,102.0,102.75,104.25,16.8,17.4,18.0,18.6,19.2,20.4,21.0,21.6,22.2,22.8,24.0,25.2,26.4,27.6,28.8,29.4,30.6,31.8,33.0,34.2,35.4,36.6,37.8,39.0,40.2,41.4,42.6,43.8,45.0,46.2,47.4,48.6,49.2,50.4,51.6,52.2,53.4,54.0,55.2,55.8,57.0,58.2,58.8,60.0,60.6,61.8
Wide-Grip Seated Cable Row,M,Pull,Back,33.75,35.25,36.75,39.0,40.5,42.0,43.5,45.75,47.25,48.75,51.0,52.5,54.0,55.5,57.75,59.25,60.75,62.25,63.75,66.0,67.5,71.25,74.25,78.0,81.0,84.0,87.75,91.5,94.5,98.25,101.25,102.0,103.5,105.0,105.75,107.25,108.0,109.5,110.25,111.0,112.5,114.0,114.75,115.5,117.0,117.75,19.2,19.8,20.4,21.6,22.2,22.8,24.0,24.6,25.2,26.4,27.0,28.2,29.4,31.2,32.4,33.6,34.8,36.6,37.8,39.0,40.8,42.0,43.2,44.4,46.2,47.4,48.6,49.8,51.0,52.8,54.0,55.2,56.4,57.0,58.2,59.4,60.6,61.8,62.4,63.6,64.8,66.0,67.2,67.8,69.0,70.2
Close-Grip Seated Cable Row,M,Pull,Back,31.5,33.0,35.25,36.75,38.25,39.75,41.25,42.75,44.25,45.75,47.25,49.5,51.0,52.5,54.0,55.5,57.0,58.5,60.0,61.5,63.75,66.75,69.75,72.75,76.5,79.5,82.5,85.5,88.5,92.25,95.25,96.0,97.5,98.25,99.75,100.5,101.25,102.75,103.5,105.0,105.75,106.5,108.0,108.75,110.25,111.0,18.0,18.6,19.2,19.8,21.0,21.6,22.2,22.8,24.0,24.6,25.2,26.4,28.2,29.4,30.6,31.8,33.0,34.2,35.4,36.6,37.8,39.6,40.8,42.0,43.2,44.4,45.6,46.8,48.0,49.2,51.0,51.6,52.8,54.0,54.6,55.8,57.0,57.6,58.8,60.0,61.2,61.8,63.0,64.2,64.8,66.0
Neutral-Grip Seated Cable Row,M,Pull,Back,33.75,35.25,36.75,39.0,40.5,42.0,43.5,45.75,47.25,48.75,51.0,52.5,54.0,55.5,57.75,59.25,60.75,62.25,63.75,66.0,67.5,71.25,74.25,78.0,81.0,84.0,87.75,91.5,94.5,98.25,101.25,102.0,103.5,105.0,105.75,107.25,108.0,109.5,110.25,111.0,112.5,114.0,114.75,115.5,117.0,117.75,19.2,19.8,20.4,21.6,22.2,22.8,24.0,24.6,25.2,26.4,27.0,28.2,29.4,31.2,32.4,33.6,34.8,36.6,37.8,39.0,40.8,42.0,43.2,44.4,46.2,47.4,48.6,49.8,51.0,52.8,54.0,55.2,56.4,57.0,58.2,59.4,60.6,61.8,62.4,63.6,64.8,66.0,67.2,67.8,69.0,70.2
Underhand Seated Cable Row,M,Pull,Back,33.75,35.25,36.75,39.0,40.5,42.0,43.5,45.75,47.25,48.75,51.0,52.5,54.0,55.5,57.75,59.25,60.75,62.25,63.75,66.0,67.5,71.25,74.25,78.0,81.0,84.0,87.75,91.5,94.5,98.25,101.25,102.0,103.5,105.0,105.75,107.25,108.0,109.5,110.25,111.0,112.5,114.0,114.75,115.5,117.0,117.75,19.2,19.8,20.4,21.6,22.2,22.8,24.0,24.6,25.2,26.4,27.0,28.2,29.4,31.2,32.4,33.6,34.8,36.6,37.8,39.0,40.8,42.0,43.2,44.4,46.2,47.4,48.6,49.8,51.0,52.8,54.0,55.2,56.4,57.0,58.2,59.4,60.6,61.8,62.4,63.6,64.8,66.0,67.2,67.8,69.0,70.2
High Row Machine,M,Pull,Back,30.75,32.25,33.75,35.25,36.75,38.25,39.75,41.25,42.75,44.25,45.75,47.25,48.75,50.25,51.75,53.25,54.75,56.25,57.75,59.25,60.75,63.75,66.75,69.75,72.75,75.75,78.75,81.75,84.75,87.75,91.5,92.25,93.0,94.5,95.25,96.0,97.5,98.25,99.0,100.5,101.25,102.0,103.5,104.25,105.0,106.5,16.8,18.0,18.6,19.2,19.8,20.4,21.6,22.2,22.8,23.4,24.6,25.8,27.0,28.2,29.4,30.6,31.8,33.0,34.2,35.4,36.6,37.8,39.0,40.2,41.4,42.6,43.8,45.0,46.2,47.4,48.6,49.8,50.4,51.6,52.2,53.4,54.6,55.2,56.4,57.6,58.2,59.4,60.0,61.2,62.4,63.0
Iso-Lateral Row Machine,M,Pull,Back,30.75,32.25,33.75,35.25,36.75,38.25,39.75,41.25,42.75,44.25,45.75,47.25,48.75,50.25,51.75,53.25,54.75,56.25,57.75,59.25,60.75,63.75,66.75,69.75,72.75,75.75,78.75,81.75,84.75,87.75,91.5,92.25,93.0,94.5,95.25,96.0,97.5,98.25,99.0,100.5,101.25,102.0,103.5,104.25,105.0,106.5,16.8,18.0,18.6,19.2,19.8,20.4,21.6,22.2,22.8,23.4,24.6,25.8,27.0,28.2,29.4,30.6,31.8,33.0,34.2,35.4,36.6,37.8,39.0,40.2,41.4,42.6,43.8,45.0,46.2,47.4,48.6,49.8,50.4,51.6,52.2,53.4,54.6,55.2,56.4,57.6,58.2,59.4,60.0,61.2,62.4,63.0
Low Row Machine,M,Pull,Back,30.75,32.25,33.75,35.25,36.75,38.25,39.75,41.25,42.75,44.25,45.75,47.25,48.75,50.25,51.75,53.25,54.75,56.25,57.75,59.25,60.75,63.75,66.75,69.75,72.75,75.75,78.75,81.75,84.75,87.75,91.5,92.25,93.0,94.5,95.25,96.0,97.5,98.25,99.0,100.5,101.25,102.0,103.5,104.25,105.0,106.5,16.8,18.0,18.6,19.2,19.8,20.4,21.6,22.2,22.8,23.4,24.6,25.8,27.0,28.2,29.4,30.6,31.8,33.0,34.2,35.4,36.6,37.8,39.0,40.2,41.4,42.6,43.8,45.0,46.2,47.4,48.6,49.8,50.4,51.6,52.2,53.4,54.6,55.2,56.4,57.6,58.2,59.4,60.0,61.2,62.4,63.0
Smith Machine Bent-Over Row,M,Pull,Back,30.75,32.25,33.75,35.25,36.75,38.25,39.75,41.25,42.75,44.25,45.75,47.25,48.75,50.25,51.75,53.25,54.75,56.25,57.75,59.25,60.75,63.75,66.75,69.75,72.75,75.75,78.75,81.75,84.75,87.75,91.5,92.25,93.0,94.5,95.25,96.0,97.5,98.25,99.0,100.5,101.25,102.0,103.5,104.25,105.0,106.5,16.8,18.0,18.6,19.2,19.8,20.4,21.6,22.2,22.8,23.4,24.6,25.8,27.0,28.2,29.4,30.6,31.8,33.0,34.2,35.4,36.6,37.8,39.0,40.2,41.4,42.6,43.8,45.0,46.2,47.4,48.6,49.8,50.4,51.6,52.2,53.4,54.6,55.2,56.4,57.6,58.2,59.4,60.0,61.2,62.4,63.0
Pendlay Row,B,Pull,Back,37.5,39.75,41.25,42.75,45.0,46.5,48.75,51.0,52.5,54.0,56.25,58.5,60.0,61.5,63.75,66.0,67.5,69.75,71.25,72.75,75.0,78.75,82.5,86.25,90.0,93.75,97.5,101.25,105.0,108.75,112.5,114.0,114.75,116.25,117.75,118.5,120.0,121.5,122.25,123.75,125.25,126.0,127.5,129.0,129.75,131.25,21.0,21.6,22.8,23.4,24.6,25.2,26.4,27.6,28.2,28.8,30.0,31.8,33.0,34.2,36.0,37.2,39.0,40.8,42.0,43.2,45.0,46.8,48.0,49.2,51.0,52.8,54.0,55.8,57.0,58.2,60.0,61.2,62.4,63.6,64.8,66.0,67.2,68.4,69.6,70.8,72.0,73.2,74.4,75.6,76.8,78.0
Seal Row,M,Pull,Back,33.75,35.25,36.75,39.0,40.5,42.0,43.5,45.75,47.25,48.75,51.0,52.5,54.0,55.5,57.75,59.25,60.75,62.25,63.75,66.0,67.5,71.25,74.25,78.0,81.0,84.0,87.75,91.5,94.5,98.25,101.25,102.0,103.5,105.0,105.75,107.25,108.0,109.5,110.25,111.0,112.5,114.0,114.75,115.5,117.0,117.75,19.2,19.8,20.4,21.6,22.2,22.8,24.0,24.6,25.2,26.4,27.0,28.2,29.4,31.2,32.4,33.6,34.8,36.6,37.8,39.0,40.8,42.0,43.2,44.4,46.2,47.4,48.6,49.8,51.0,52.8,54.0,55.2,56.4,57.0,58.2,59.4,60.6,61.8,62.4,63.6,64.8,66.0,67.2,67.8,69.0,70.2
Chest-Supported Dumbbell Row,D,Pull,Back,37.5,39.75,41.25,42.75,45.0,46.5,48.75,51.0,52.5,54.0,56.25,58.5,60.0,61.5,63.75,66.0,67.5,69.75,71.25,72.75,75.0,78.75,82.5,86.25,90.0,93.75,97.5,101.25,105.0,108.75,112.5,114.0,114.75,116.25,117.75,118.5,120.0,121.5,122.25,123.75,125.25,126.0,127.5,129.0,129.75,131.25,21.0,21.6,22.8,23.4,24.6,25.2,26.4,27.6,28.2,28.8,30.0,31.8,33.0,34.2,36.0,37.2,39.0,40.8,42.0,43.2,45.0,46.8,48.0,49.2,51.0,52.8,54.0,55.8,57.0,58.2,60.0,61.2,62.4,63.6,64.8,66.0,67.2,68.4,69.6,70.8,72.0,73.2,74.4,75.6,76.8,78.0
Incline Bench Dumbbell Row,D,Pull,Back,37.5,39.75,41.25,42.75,45.0,46.5,48.75,51.0,52.5,54.0,56.25,58.5,60.0,61.5,63.75,66.0,67.5,69.75,71.25,72.75,75.0,78.75,82.5,86.25,90.0,93.75,97.5,101.25,105.0,108.75,112.5,114.0,114.75,116.25,117.75,118.5,120.0,121.5,122.25,123.75,125.25,126.0,127.5,129.0,129.75,131.25,21.0,21.6,22.8,23.4,24.6,25.2,26.4,27.6,28.2,28.8,30.0,31.8,33.0,34.2,36.0,37.2,39.0,40.8,42.0,43.2,45.0,46.8,48.0,49.2,51.0,52.8,54.0,55.8,57.0,58.2,60.0,61.2,62.4,63.6,64.8,66.0,67.2,68.4,69.6,70.8,72.0,73.2,74.4,75.6,76.8,78.0
Renegade Row,M,Pull,Back,33.75,35.25,36.75,39.0,40.5,42.0,43.5,45.75,47.25,48.75,51.0,52.5,54.0,55.5,57.75,59.25,60.75,62.25,63.75,66.0,67.5,71.25,74.25,78.0,81.0,84.0,87.75,91.5,94.5,98.25,101.25,102.0,103.5,105.0,105.75,107.25,108.0,109.5,110.25,111.0,112.5,114.0,114.75,115.5,117.0,117.75,19.2,19.8,20.4,21.6,22.2,22.8,24.0,24.6,25.2,26.4,27.0,28.2,29.4,31.2,32.4,33.6,34.8,36.6,37.8,39.0,40.8,42.0,43.2,44.4,46.2,47.4,48.6,49.8,51.0,52.8,54.0,55.2,56.4,57.0,58.2,59.4,60.6,61.8,62.4,63.6,64.8,66.0,67.2,67.8,69.0,70.2
Cable Pullover,M,Pull,Back,33.75,35.25,36.75,39.0,40.5,42.0,43.5,45.75,47.25,48.75,51.0,52.5,54.0,55.5,57.75,59.25,60.75,62.25,63.75,66.0,67.5,71.25,74.25,78.0,81.0,84.0,87.75,91.5,94.5,98.25,101.25,102.0,103.5,105.0,105.75,107.25,108.0,109.5,110.25,111.0,112.5,114.0,114.75,115.5,117.0,117.75,19.2,19.8,20.4,21.6,22.2,22.8,24.0,24.6,25.2,26.4,27.0,28.2,29.4,31.2,32.4,33.6,34.8,36.6,37.8,39.0,40.8,41.4,42.6,43.8,45.0,46.2,46.8,48.0,49.2,50.4,51.0,52.2,53.4,54.6,55.8,56.4,57.6,58.8,60.0,61.2,61.8,63.0,64.2,65.4,66.6,67.2
Dumbbell Pullover,D,Pull,Back,37.5,39.75,41.25,42.75,45.0,46.5,48.75,51.0,52.5,54.0,56.25,58.5,60.0,61.5,63.75,66.0,67.5,69.75,71.25,72.75,75.0,78.75,82.5,86.25,90.0,93.75,97.5,101.25,105.0,108.75,112.5,114.0,114.75,116.25,117.75,118.5,120.0,121.5,122.25,123.75,125.25,126.0,127.5,129.0,129.75,131.25,21.0,21.6,22.8,23.4,24.6,25.2,26.4,27.6,28.2,28.8,30.0,31.8,33.0,34.2,36.0,37.2,39.0,40.8,42.0,43.2,45.0,46.2,47.4,48.6,49.8,51.0,52.2,53.4,54.6,55.8,57.0,58.2,59.4,60.6,61.8,63.0,64.2,65.4,66.6,67.8,69.0,70.2,71.4,72.6,73.8,75.0
Machine Pullover,M,Pull,Back,30.75,32.25,33.75,35.25,36.75,38.25,39.75,41.25,42.75,44.25,45.75,47.25,48.75,50.25,51.75,53.25,54.75,56.25,57.75,59.25,60.75,63.75,66.75,69.75,72.75,75.75,78.75,81.75,84.75,87.75,91.5,92.25,93.0,94.5,95.25,96.0,97.5,98.25,99.0,100.5,101.25,102.0,103.5,104.25,105.0,106.5,16.8,18.0,18.6,19.2,19.8,20.4,21.6,22.2,22.8,23.4,24.6,25.8,27.0,28.2,29.4,30.6,31.8,33.0,34.2,35.4,36.6,37.2,38.4,39.6,40.2,41.4,42.0,43.2,44.4,45.0,46.2,47.4,48.0,49.2,49.8,51.0,52.2,52.8,54.0,55.2,55.8,57.0,57.6,58.8,60.0,60.6
Back Extension,M,Pull,Back,33.75,35.25,36.75,39.0,40.5,42.0,43.5,45.75,47.25,48.75,51.0,52.5,54.0,55.5,57.75,59.25,60.75,62.25,63.75,66.0,67.5,71.25,74.25,78.0,81.0,84.0,87.75,91.5,94.5,98.25,101.25,103.5,105.75,108.0,110.25,112.5,114.75,117.0,119.25,121.5,123.75,126.0,128.25,130.5,132.75,135.0,13.8,15.0,16.2,17.4,19.2,20.4,21.6,22.8,24.6,25.8,27.0,28.2,29.4,31.2,32.4,33.6,34.8,36.6,37.8,39.0,40.8,42.6,44.4,46.2,48.0,49.8,51.6,54.0,55.8,57.6,59.4,60.6,61.8,63.0,64.2,65.4,67.2,68.4,69.6,70.8,72.0,73.2,74.4,75.6,76.8,78.0
45-Degree Back Extension,M,Pull,Back,33.75,35.25,36.75,39.0,40.5,42.0,43.5,45.75,47.25,48.75,51.0,52.5,54.0,55.5,57.75,59.25,60.75,62.25,63.75,66.0,67.5,71.25,74.25,78.0,81.0,84.0,87.75,91.5,94.5,98.25,101.25,103.5,105.75,108.0,110.25,112.5,114.75,117.0,119.25,121.5,123.75,126.0,128.25,130.5,132.75,135.0,13.8,15.0,16.2,17.4,19.2,20.4,21.6,22.8,24.6,25.8,27.0,28.2,29.4,31.2,32.4,33.6,34.8,36.6,37.8,39.0,40.8,42.6,44.4,46.2,48.0,49.8,51.6,54.0,55.8,57.6,59.4,60.6,61.8,63.0,64.2,65.4,67.2,68.4,69.6,70.8,72.0,73.2,74.4,75.6,76.8,78.0
Reverse Hyperextension,M,Pull,Back,33.75,35.25,36.75,39.0,40.5,42.0,43.5,45.75,47.25,48.75,51.0,52.5,54.0,55.5,57.75,59.25,60.75,62.25,63.75,66.0,67.5,71.25,74.25,78.0,81.0,84.0,87.75,91.5,94.5,98.25,101.25,103.5,105.75,108.0,110.25,112.5,114.75,117.0,119.25,121.5,123.75,126.0,128.25,130.5,132.75,135.0,13.8,15.0,16.2,17.4,19.2,20.4,21.6,22.8,24.6,25.8,27.0,28.2,29.4,31.2,32.4,33.6,34.8,36.6,37.8,39.0,40.8,42.6,44.4,46.2,48.0,49.8,51.6,54.0,55.8,57.6,59.4,60.6,61.8,63.0,64.2,65.4,67.2,68.4,69.6,70.8,72.0,73.2,74.4,75.6,76.8,78.0
Rack Pull,M,Pull,Back,33.75,35.25,36.75,39.0,40.5,42.0,43.5,45.75,47.25,48.75,51.0,52.5,54.0,55.5,57.75,59.25,60.75,62.25,63.75,66.0,67.5,71.25,74.25,78.0,81.0,84.0,87.75,91.5,94.5,98.25,101.25,103.5,105.75,108.0,110.25,112.5,114.75,117.0,119.25,121.5,123.75,126.0,128.25,130.5,132.75,135.0,13.8,15.0,16.2,17.4,19.2,20.4,21.6,22.8,24.6,25.8,27.0,28.2,29.4,31.2,32.4,33.6,34.8,36.6,37.8,39.0,40.8,42.6,44.4,46.2,48.0,49.8,51.6,54.0,55.8,57.6,59.4,60.6,61.8,63.0,64.2,65.4,67.2,68.4,69.6,70.8,72.0,73.2,74.4,75.6,76.8,78.0
Smith Machine Squat,M,Legs,Legs,30.75,32.25,33.75,35.25,36.75,38.25,39.75,41.25,42.75,44.25,45.75,47.25,48.75,50.25,51.75,53.25,54.75,56.25,57.75,59.25,60.75,63.75,66.75,69.75,72.75,75.75,78.75,81.75,84.75,87.75,91.5,93.0,95.25,97.5,99.0,101.25,103.5,105.0,107.25,109.5,111.75,113.25,115.5,117.75,119.25,121.5,12.0,13.2,14.4,15.6,16.8,18.0,19.2,20.4,21.6,22.8,24.6,25.8,27.0,28.2,29.4,30.6,31.8,33.0,34.2,35.4,36.6,38.4,39.6,41.4,43.2,45.0,46.8,48.6,49.8,51.6,53.4,54.6,55.8,57.0,58.2,59.4,60.0,61.2,62.4,63.6,64.8,66.0,67.2,68.4,69.6,70.8
Hack Squat Machine,M,Legs,Legs,45.75,48.75,51.75,54.75,57.75,60.75,63.75,66.75,69.75,72.75,75.75,80.25,84.75,90.0,94.5,99.0,103.5,108.0,112.5,117.0,121.5,126.0,130.5,135.0,139.5,144.0,148.5,153.75,158.25,162.75,167.25,171.0,175.5,179.25,183.0,187.5,191.25,195.75,199.5,203.25,207.75,211.5,216.0,219.75,223.5,228.0,24.6,25.8,27.0,28.2,29.4,30.6,31.8,33.0,34.2,35.4,36.6,40.2,43.8,47.4,51.0,54.6,58.2,61.8,65.4,69.0,73.2,76.8,80.4,84.0,87.6,91.2,94.8,98.4,102.0,105.6,109.2,111.6,114.0,116.4,118.8,121.8,124.2,126.6,129.0,131.4,133.8,136.2,138.6,141.0,143.4,145.8
Pendulum Squat,M,Legs,Legs,51.0,54.0,57.75,60.75,63.75,67.5,71.25,74.25,78.0,81.0,84.0,89.25,94.5,99.75,105.0,109.5,114.75,120.0,125.25,129.75,135.0,140.25,145.5,150.0,155.25,160.5,165.75,170.25,175.5,180.75,186.0,190.5,195.0,199.5,203.25,207.75,212.25,217.5,222.0,226.5,231.0,234.75,240.0,243.75,248.25,253.5,27.0,28.2,29.4,31.2,32.4,33.6,34.8,36.6,37.8,39.0,40.8,44.4,48.6,52.8,57.0,60.6,64.8,69.0,73.2,76.8,81.0,85.2,89.4,93.0,97.2,101.4,105.0,109.2,113.4,117.6,121.2,124.2,126.6,129.6,132.6,135.0,137.4,140.4,143.4,145.8,148.8,151.2,154.2,156.6,159.6,162.0
Belt Squat,M,Legs,Legs,51.0,54.0,57.75,60.75,63.75,67.5,71.25,74.25,78.0,81.0,84.0,89.25,94.5,99.75,105.0,109.5,114.75,120.0,125.25,129.75,135.0,140.25,145.5,150.0,155.25,160.5,165.75,170.25,175.5,180.75,186.0,190.5,195.0,199.5,203.25,207.75,212.25,217.5,222.0,226.5,231.0,234.75,240.0,243.75,248.25,253.5,27.0,28.2,29.4,31.2,32.4,33.6,34.8,36.6,37.8,39.0,40.8,44.4,48.6,52.8,57.0,60.6,64.8,69.0,73.2,76.8,81.0,85.2,89.4,93.0,97.2,101.4,105.0,109.2,113.4,117.6,121.2,124.2,126.6,129.6,132.6,135.0,137.4,140.4,143.4,145.8,148.8,151.2,154.2,156.6,159.6,162.0
V-Squat Machine,M,Legs,Legs,45.75,48.75,51.75,54.75,57.75,60.75,63.75,66.75,69.75,72.75,75.75,80.25,84.75,90.0,94.5,99.0,103.5,108.0,112.5,117.0,121.5,126.0,130.5,135.0,139.5,144.0,148.5,153.75,158.25,162.75,167.25,171.0,175.5,179.25,183.0,187.5,191.25,195.75,199.5,203.25,207.75,211.5,216.0,219.75,223.5,228.0,24.6,25.8,27.0,28.2,29.4,30.6,31.8,33.0,34.2,35.4,36.6,40.2,43.8,47.4,51.0,54.6,58.2,61.8,65.4,69.0,73.2,76.8,80.4,84.0,87.6,91.2,94.8,98.4,102.0,105.6,109.2,111.6,114.0,116.4,118.8,121.8,124.2,126.6,129.0,131.4,133.8,136.2,138.6,141.0,143.4,145.8
Goblet Squat,B,Legs,Legs,56.25,60.0,63.75,67.5,71.25,75.0,78.75,82.5,86.25,90.0,93.75,97.5,101.25,105.0,108.75,112.5,116.25,120.0,123.75,127.5,131.25,135.0,138.75,142.5,146.25,150.0,153.75,157.5,161.25,165.0,168.75,171.0,174.0,176.25,178.5,181.5,183.75,186.0,189.0,191.25,193.5,196.5,198.75,201.0,204.0,206.25,30.0,31.8,33.0,34.2,36.0,37.2,39.0,40.8,42.0,43.2,45.0,48.0,51.0,54.0,57.0,60.0,63.0,66.0,69.0,72.0,75.0,78.0,81.0,84.0,87.0,90.0,93.0,96.0,99.0,102.0,105.0,106.8,109.2,111.0,112.8,115.2,117.0,118.8,121.2,123.0,124.8,127.2,129.0,130.8,133.2,135.0
Dumbbell Front Squat,D,Legs,Legs,37.5,41.25,45.0,48.75,52.5,56.25,60.0,63.75,67.5,71.25,75.0,76.5,78.75,80.25,82.5,84.0,86.25,88.5,90.0,92.25,93.75,95.25,97.5,99.0,101.25,103.5,105.0,107.25,108.75,111.0,112.5,114.75,117.75,120.0,122.25,125.25,127.5,129.75,132.75,135.0,137.25,140.25,142.5,144.75,147.75,150.0,18.0,19.2,20.4,21.6,22.8,24.0,25.2,26.4,27.6,28.8,30.0,31.8,33.0,34.2,36.0,37.2,39.0,40.8,42.0,43.2,45.0,47.4,49.2,51.0,53.4,55.8,57.6,60.0,61.8,63.6,66.0,67.2,69.0,70.2,71.4,73.2,74.4,75.6,77.4,78.6,79.8,81.6,82.8,84.0,85.8,87.0
Zercher Squat,B,Legs,Legs,56.25,60.0,63.75,67.5,71.25,75.0,78.75,82.5,86.25,90.0,93.75,97.5,101.25,105.0,108.75,112.5,116.25,120.0,123.75,127.5,131.25,135.0,138.75,142.5,146.25,150.0,153.75,157.5,161.25,165.0,168.75,171.0,174.0,176.25,178.5,181.5,183.75,186.0,189.0,191.25,193.5,196.5,198.75,201.0,204.0,206.25,30.0,31.8,33.0,34.2,36.0,37.2,39.0,40.8,42.0,43.2,45.0,48.0,51.0,54.0,57.0,60.0,63.0,66.0,69.0,72.0,75.0,78.0,81.0,84.0,87.0,90.0,93.0,96.0,99.0,102.0,105.0,106.8,109.2,111.0,112.8,115.2,117.0,118.8,121.2,123.0,124.8,127.2,129.0,130.8,133.2,135.0
Pause Squat,B,Legs,Legs,58.5,62.25,66.0,70.5,74.25,78.0,81.75,85.5,90.0,93.75,97.5,101.25,105.0,109.5,113.25,117.0,120.75,124.5,129.0,132.75,136.5,140.25,144.0,148.5,152.25,156.0,159.75,163.5,168.0,171.75,175.5,177.75,180.75,183.0,186.0,188.25,191.25,193.5,196.5,198.75,201.75,204.0,207.0,209.25,212.25,214.5,31.2,33.0,34.2,36.0,37.2,39.0,40.8,42.0,43.8,45.0,46.8,49.8,52.8,56.4,59.4,62.4,65.4,68.4,72.0,75.0,78.0,81.0,84.0,87.6,90.6,93.6,96.6,99.6,103.2,106.2,109.2,111.0,113.4,115.2,117.6,119.4,121.8,123.6,126.0,127.8,130.2,132.0,134.4,136.2,138.6,140.4
Box Squat,B,Legs,Legs,56.25,60.0,63.75,67.5,71.25,75.0,78.75,82.5,86.25,90.0,93.75,97.5,101.25,105.0,108.75,112.5,116.25,120.0,123.75,127.5,131.25,135.0,138.75,142.5,146.25,150.0,153.75,157.5,161.25,165.0,168.75,171.0,174.0,176.25,178.5,181.5,183.75,186.0,189.0,191.25,193.5,196.5,198.75,201.0,204.0,206.25,30.0,31.8,33.0,34.2,36.0,37.2,39.0,40.8,42.0,43.2,45.0,48.0,51.0,54.0,57.0,60.0,63.0,66.0,69.0,72.0,75.0,78.0,81.0,84.0,87.0,90.0,93.0,96.0,99.0,102.0,105.0,106.8,109.2,111.0,112.8,115.2,117.0,118.8,121.2,123.0,124.8,127.2,129.0,130.8,133.2,135.0
Safety Bar Squat,B,Legs,Legs,56.25,60.0,63.75,67.5,71.25,75.0,78.75,82.5,86.25,90.0,93.75,97.5,101.25,105.0,108.75,112.5,116.25,120.0,123.75,127.5,131.25,135.0,138.75,142.5,146.25,150.0,153.75,157.5,161.25,165.0,168.75,171.0,174.0,176.25,178.5,181.5,183.75,186.0,189.0,191.25,193.5,196.5,198.75,201.0,204.0,206.25,30.0,31.8,33.0,34.2,36.0,37.2,39.0,40.8,42.0,43.2,45.0,48.0,51.0,54.0,57.0,60.0,63.0,66.0,69.0,72.0,75.0,78.0,81.0,84.0,87.0,90.0,93.0,96.0,99.0,102.0,105.0,106.8,109.2,111.0,112.8,115.2,117.0,118.8,121.2,123.0,124.8,127.2,129.0,130.8,133.2,135.0
Leg Press Calf Raise,M,Legs,Legs,84.0,89.25,94.5,99.75,105.0,109.5,114.75,120.0,125.25,129.75,135.0,140.25,145.5,150.0,155.25,160.5,165.75,170.25,175.5,180.75,186.0,194.25,202.5,210.75,219.75,228.0,236.25,244.5,253.5,261.75,270.0,276.0,281.25,287.25,292.5,298.5,303.75,309.0,315.0,320.25,326.25,331.5,337.5,342.75,348.75,354.0,40.8,44.4,48.6,52.8,57.0,60.6,64.8,69.0,73.2,76.8,81.0,85.2,89.4,93.0,97.2,101.4,105.0,109.2,113.4,117.6,121.2,126.6,132.6,137.4,142.8,148.8,153.6,159.0,165.0,169.8,175.2,180.0,184.2,189.0,193.2,198.0,202.8,207.0,211.2,216.0,220.2,225.0,229.2,234.0,238.2,243.0
Single-Leg Leg Press,M,Legs,Legs,74.25,78.75,83.25,87.75,92.25,96.75,101.25,105.75,110.25,114.0,118.5,123.0,127.5,132.0,136.5,141.0,145.5,150.0,154.5,159.0,163.5,171.0,178.5,186.0,192.75,200.25,207.75,215.25,222.75,230.25,237.75,242.25,247.5,252.75,257.25,262.5,267.0,272.25,277.5,282.0,287.25,291.75,297.0,302.25,306.75,312.0,35.4,39.0,42.6,46.2,49.8,53.4,57.0,60.6,64.2,67.8,71.4,75.0,78.6,82.2,85.8,88.8,92.4,96.0,99.6,103.2,106.8,111.6,116.4,121.2,126.0,130.8,135.6,140.4,145.2,149.4,154.2,158.4,162.6,166.2,170.4,174.0,178.2,182.4,186.0,190.2,193.8,198.0,202.2,205.8,210.0,213.6
Horizontal Leg Press,M,Legs,Legs,84.0,89.25,94.5,99.75,105.0,109.5,114.75,120.0,125.25,129.75,135.0,140.25,145.5,150.0,155.25,160.5,165.75,170.25,175.5,180.75,186.0,194.25,202.5,210.75,219.75,228.0,236.25,244.5,253.5,261.75,270.0,276.0,281.25,287.25,292.5,298.5,303.75,309.0,315.0,320.25,326.25,331.5,337.5,342.75,348.75,354.0,40.8,44.4,48.6,52.8,57.0,60.6,64.8,69.0,73.2,76.8,81.0,85.2,89.4,93.0,97.2,101.4,105.0,109.2,113.4,117.6,121.2,126.6,132.6,137.4,142.8,148.8,153.6,159.0,165.0,169.8,175.2,180.0,184.2,189.0,193.2,198.0,202.8,207.0,211.2,216.0,220.2,225.0,229.2,234.0,238.2,243.0
Single-Leg Extension,M,Legs,Legs,30.0,33.0,36.0,38.25,41.25,44.25,47.25,50.25,53.25,56.25,59.25,60.75,62.25,63.75,65.25,66.75,68.25,69.75,71.25,72.75,74.25,77.25,80.25,83.25,86.25,89.25,92.25,95.25,98.25,101.25,104.25,107.25,110.25,112.5,115.5,118.5,121.5,124.5,127.5,130.5,133.5,136.5,139.5,142.5,145.5,148.5,12.0,13.2,14.4,15.6,16.8,18.0,19.2,20.4,21.6,22.8,24.0,26.4,28.8,30.6,33.0,35.4,37.8,40.2,42.6,45.0,47.4,48.6,49.8,51.0,52.2,53.4,54.6,55.8,57.0,58.2,59.4,61.2,62.4,64.2,66.0,67.2,69.0,70.2,72.0,73.8,75.0,76.8,78.6,79.8,81.6,83.4
Leg Extension Machine,M,Legs,Legs,30.75,33.75,36.75,39.75,42.75,45.75,48.75,51.75,54.75,57.75,60.75,62.25,63.75,65.25,66.75,68.25,69.75,71.25,72.75,74.25,75.75,78.75,81.75,84.75,87.75,90.75,94.5,97.5,100.5,103.5,106.5,109.5,112.5,115.5,118.5,121.5,124.5,127.5,130.5,133.5,136.5,139.5,142.5,145.5,148.5,151.5,12.0,13.2,14.4,15.6,16.8,18.0,19.2,20.4,21.6,22.8,24.6,27.0,29.4,31.8,34.2,36.6,39.0,41.4,43.8,46.2,48.6,49.8,51.0,52.2,53.4,54.6,55.8,57.0,58.2,59.4,60.6,62.4,64.2,65.4,67.2,69.0,70.2,72.0,73.8,75.6,76.8,78.6,80.4,81.6,83.4,85.2
Seated Leg Curl,M,Legs,Legs,37.5,39.75,41.25,42.75,45.0,46.5,48.75,51.0,52.5,54.0,56.25,58.5,60.0,61.5,63.75,66.0,67.5,69.75,71.25,72.75,75.0,78.75,82.5,86.25,90.0,93.75,97.5,101.25,105.0,108.75,112.5,114.75,117.75,120.0,122.25,125.25,127.5,129.75,132.75,135.0,137.25,140.25,142.5,144.75,147.75,150.0,18.0,19.2,20.4,21.6,22.8,24.0,25.2,26.4,27.6,28.8,30.0,31.8,33.0,34.2,36.0,37.2,39.0,40.8,42.0,43.2,45.0,46.8,48.6,50.4,52.2,54.0,55.8,57.6,59.4,61.2,63.0,64.2,66.0,67.2,68.4,70.2,71.4,72.6,74.4,75.6,76.8,78.6,79.8,81.0,82.8,84.0
Lying Leg Curl,M,Legs,Legs,18.75,21.0,22.5,24.75,26.25,28.5,30.0,31.5,33.75,35.25,37.5,39.75,41.25,42.75,45.0,46.5,48.75,51.0,52.5,54.0,56.25,60.0,63.75,67.5,71.25,75.0,78.75,82.5,86.25,90.0,93.75,95.25,96.0,97.5,99.0,99.75,101.25,102.75,103.5,105.0,106.5,107.25,108.75,110.25,111.0,112.5,12.0,13.2,14.4,15.6,16.8,18.0,19.2,20.4,21.6,22.8,24.0,25.2,26.4,27.6,28.8,30.0,31.2,32.4,33.6,34.8,36.0,37.8,39.6,41.4,43.2,45.0,46.8,48.6,50.4,52.2,54.0,55.2,56.4,57.6,58.8,60.0,61.2,62.4,63.6,64.8,66.0,67.2,68.4,69.6,70.8,72.0
Standing Leg Curl,M,Legs,Legs,7.5,9.0,10.5,12.0,13.5,15.0,16.5,18.0,19.5,21.0,22.5,24.75,26.25,28.5,30.0,32.25,33.75,36.0,37.5,39.75,41.25,44.25,47.25,50.25,53.25,56.25,59.25,62.25,65.25,68.25,71.25,73.5,75.0,77.25,79.5,81.0,83.25,85.5,87.0,89.25,91.5,93.0,95.25,97.5,99.0,101.25,3.0,4.2,4.8,6.0,6.6,7.2,8.4,9.6,10.2,10.8,12.0,13.8,15.0,16.8,18.0,19.8,21.0,22.8,24.0,25.8,27.0,29.4,31.8,34.2,36.6,39.0,41.4,43.8,46.2,48.6,51.0,52.8,54.0,55.8,57.6,58.8,60.6,62.4,63.6,65.4,67.2,68.4,70.2,72.0,73.2,75.0
Single-Leg Seated Curl,M,Legs,Legs,15.0,15.75,16.5,17.25,18.75,19.5,20.25,21.0,21.75,23.25,24.0,24.75,26.25,27.0,28.5,30.0,30.75,32.25,33.0,34.5,35.25,36.75,38.25,39.0,40.5,41.25,42.75,44.25,45.0,46.5,47.25,48.75,49.5,50.25,51.75,52.5,53.25,54.75,55.5,56.25,57.75,58.5,59.25,60.75,61.5,62.25,4.8,5.4,6.0,6.6,7.8,8.4,9.0,9.6,10.2,11.4,12.0,12.6,13.2,13.8,15.0,15.6,16.2,16.8,17.4,18.6,19.2,19.8,20.4,21.0,21.6,22.8,23.4,24.0,24.6,25.2,26.4,27.0,27.6,28.2,28.8,29.4,30.0,30.6,31.2,31.8,32.4,33.0,33.6,34.2,34.8,35.4
Nordic Hamstring Curl,U,Legs,Legs,18.75,21.0,22.5,24.75,26.25,28.5,30.0,31.5,33.75,35.25,37.5,39.75,41.25,42.75,45.0,46.5,48.75,51.0,52.5,54.0,56.25,60.0,63.75,67.5,71.25,75.0,78.75,82.5,86.25,90.0,93.75,96.0,99.0,101.25,103.5,106.5,108.75,111.0,114.0,116.25,118.5,121.5,123.75,126.0,129.0,131.25,12.0,13.2,14.4,15.6,16.8,18.0,19.2,20.4,21.6,22.8,24.0,25.8,27.0,28.8,30.0,31.8,33.0,34.2,36.0,37.2,39.0,40.8,42.6,44.4,46.2,48.0,49.8,51.6,53.4,55.2,57.0,58.2,60.0,61.2,62.4,64.2,65.4,66.6,68.4,69.6,70.8,72.6,73.8,75.0,76.8,78.0
Glute-Ham Raise,U,Legs,Legs,18.75,21.0,22.5,24.75,26.25,28.5,30.0,31.5,33.75,35.25,37.5,39.75,41.25,42.75,45.0,46.5,48.75,51.0,52.5,54.0,56.25,60.0,63.75,67.5,71.25,75.0,78.75,82.5,86.25,90.0,93.75,96.0,99.0,101.25,103.5,106.5,108.75,111.0,114.0,116.25,118.5,121.5,123.75,126.0,129.0,131.25,12.0,13.2,14.4,15.6,16.8,18.0,19.2,20.4,21.6,22.8,24.0,25.8,27.0,28.8,30.0,31.8,33.0,34.2,36.0,37.2,39.0,40.8,42.6,44.4,46.2,48.0,49.8,51.6,53.4,55.2,57.0,58.2,60.0,61.2,62.4,64.2,65.4,66.6,68.4,69.6,70.8,72.6,73.8,75.0,76.8,78.0
Good Morning,B,Legs,Legs,37.5,41.25,45.0,48.75,52.5,56.25,60.0,63.75,67.5,71.25,75.0,76.5,78.75,80.25,82.5,84.0,86.25,88.5,90.0,92.25,93.75,95.25,97.5,99.0,101.25,103.5,105.0,107.25,108.75,111.0,112.5,114.75,117.75,120.0,122.25,125.25,127.5,129.75,132.75,135.0,137.25,140.25,142.5,144.75,147.75,150.0,18.0,19.2,20.4,21.6,22.8,24.0,25.2,26.4,27.6,28.8,30.0,31.8,33.0,34.2,36.0,37.2,39.0,40.8,42.0,43.2,45.0,47.4,49.2,51.0,53.4,55.8,57.6,60.0,61.8,63.6,66.0,67.2,69.0,70.2,71.4,73.2,74.4,75.6,77.4,78.6,79.8,81.6,82.8,84.0,85.8,87.0
Dumbbell Romanian Deadlift,D,Legs,Legs,56.25,58.5,60.0,61.5,63.75,66.0,67.5,69.75,71.25,72.75,75.0,78.75,82.5,86.25,90.0,93.75,97.5,101.25,105.0,108.75,112.5,116.25,120.0,123.75,127.5,131.25,135.0,138.75,142.5,146.25,150.0,153.75,157.5,161.25,165.0,168.75,172.5,176.25,180.0,183.75,187.5,191.25,195.0,198.75,202.5,206.25,30.0,31.8,33.0,34.2,36.0,37.2,39.0,40.8,42.0,43.2,45.0,46.8,48.0,49.2,51.0,52.8,54.0,55.8,57.0,58.2,60.0,63.0,66.0,69.0,72.0,75.0,78.0,81.0,84.0,87.0,90.0,91.8,94.2,96.0,97.8,100.2,102.0,103.8,106.2,108.0,109.8,112.2,114.0,115.8,118.2,120.0
Single-Leg Romanian Deadlift,B,Legs,Legs,49.5,51.0,52.5,54.75,56.25,57.75,59.25,60.75,63.0,64.5,66.0,69.0,72.75,75.75,79.5,82.5,85.5,89.25,92.25,96.0,99.0,102.0,105.75,108.75,112.5,115.5,118.5,122.25,125.25,129.0,132.0,135.0,138.75,141.75,145.5,148.5,151.5,155.25,158.25,162.0,165.0,168.0,171.75,174.75,178.5,181.5,26.4,27.6,28.8,30.6,31.8,33.0,34.2,35.4,37.2,38.4,39.6,40.8,42.0,43.8,45.0,46.2,47.4,48.6,50.4,51.6,52.8,55.2,58.2,60.6,63.6,66.0,68.4,71.4,73.8,76.8,79.2,81.0,82.8,84.6,86.4,88.2,90.0,91.8,93.0,94.8,96.6,98.4,100.2,102.0,103.8,105.6
Stiff-Leg Deadlift,B,Legs,Legs,56.25,58.5,60.0,61.5,63.75,66.0,67.5,69.75,71.25,72.75,75.0,78.75,82.5,86.25,90.0,93.75,97.5,101.25,105.0,108.75,112.5,116.25,120.0,123.75,127.5,131.25,135.0,138.75,142.5,146.25,150.0,153.75,157.5,161.25,165.0,168.75,172.5,176.25,180.0,183.75,187.5,191.25,195.0,198.75,202.5,206.25,30.0,31.8,33.0,34.2,36.0,37.2,39.0,40.8,42.0,43.2,45.0,46.8,48.0,49.2,51.0,52.8,54.0,55.8,57.0,58.2,60.0,63.0,66.0,69.0,72.0,75.0,78.0,81.0,84.0,87.0,90.0,91.8,94.2,96.0,97.8,100.2,102.0,103.8,106.2,108.0,109.8,112.2,114.0,115.8,118.2,120.0
Cable Pull-Through,M,Legs,Legs,33.75,35.25,36.75,39.0,40.5,42.0,43.5,45.75,47.25,48.75,51.0,52.5,54.0,55.5,57.75,59.25,60.75,62.25,63.75,66.0,67.5,71.25,74.25,78.0,81.0,84.0,87.75,91.5,94.5,98.25,101.25,103.5,105.75,108.0,110.25,112.5,114.75,117.0,119.25,121.5,123.75,126.0,128.25,130.5,132.75,135.0,13.8,15.0,16.2,17.4,19.2,20.4,21.6,22.8,24.6,25.8,27.0,28.2,29.4,31.2,32.4,33.6,34.8,36.6,37.8,39.0,40.8,42.6,44.4,46.2,48.0,49.8,51.6,54.0,55.8,57.6,59.4,60.6,61.8,63.0,64.2,65.4,67.2,68.4,69.6,70.8,72.0,73.2,74.4,75.6,76.8,78.0
Smith Machine Romanian Deadlift,M,Legs,Legs,45.75,47.25,48.75,50.25,51.75,53.25,54.75,56.25,57.75,59.25,60.75,63.75,66.75,69.75,72.75,75.75,78.75,81.75,84.75,87.75,91.5,94.5,97.5,100.5,103.5,106.5,109.5,112.5,115.5,118.5,121.5,124.5,127.5,130.5,133.5,136.5,139.5,142.5,145.5,148.5,152.25,155.25,158.25,161.25,164.25,167.25,24.6,25.8,27.0,28.2,29.4,30.6,31.8,33.0,34.2,35.4,36.6,37.8,39.0,40.2,41.4,42.6,43.8,45.0,46.2,47.4,48.6,51.0,53.4,55.8,58.2,60.6,63.0,65.4,67.8,70.2,73.2,74.4,76.2,78.0,79.2,81.0,82.8,84.0,85.8,87.6,89.4,90.6,92.4,94.2,95.4,97.2
Reverse Lunge,M,Legs,Legs,33.75,35.25,36.75,39.0,40.5,42.0,43.5,45.75,47.25,48.75,51.0,52.5,54.0,55.5,57.75,59.25,60.75,62.25,63.75,66.0,67.5,71.25,74.25,78.0,81.0,84.0,87.75,91.5,94.5,98.25,101.25,103.5,105.75,108.0,110.25,112.5,114.75,117.0,119.25,121.5,123.75,126.0,128.25,130.5,132.75,135.0,13.8,15.0,16.2,17.4,19.2,20.4,21.6,22.8,24.6,25.8,27.0,28.2,29.4,31.2,32.4,33.6,34.8,36.6,37.8,39.0,40.8,42.6,44.4,46.2,48.0,49.8,51.6,54.0,55.8,57.6,59.4,60.6,61.8,63.0,64.2,65.4,67.2,68.4,69.6,70.8,72.0,73.2,74.4,75.6,76.8,78.0
Dumbbell Reverse Lunge,D,Legs,Legs,37.5,41.25,45.0,48.75,52.5,56.25,60.0,63.75,67.5,71.25,75.0,76.5,78.75,80.25,82.5,84.0,86.25,88.5,90.0,92.25,93.75,95.25,97.5,99.0,101.25,103.5,105.0,107.25,108.75,111.0,112.5,114.75,117.75,120.0,122.25,125.25,127.5,129.75,132.75,135.0,137.25,140.25,142.5,144.75,147.75,150.0,18.0,19.2,20.4,21.6,22.8,24.0,25.2,26.4,27.6,28.8,30.0,31.8,33.0,34.2,36.0,37.2,39.0,40.8,42.0,43.2,45.0,47.4,49.2,51.0,53.4,55.8,57.6,60.0,61.8,63.6,66.0,67.2,69.0,70.2,71.4,73.2,74.4,75.6,77.4,78.6,79.8,81.6,82.8,84.0,85.8,87.0
Smith Machine Lunge,M,Legs,Legs,30.75,32.25,33.75,35.25,36.75,38.25,39.75,41.25,42.75,44.25,45.75,47.25,48.75,50.25,51.75,53.25,54.75,56.25,57.75,59.25,60.75,63.75,66.75,69.75,72.75,75.75,78.75,81.75,84.75,87.75,91.5,93.0,95.25,97.5,99.0,101.25,103.5,105.0,107.25,109.5,111.75,113.25,115.5,117.75,119.25,121.5,12.0,13.2,14.4,15.6,16.8,18.0,19.2,20.4,21.6,22.8,24.6,25.8,27.0,28.2,29.4,30.6,31.8,33.0,34.2,35.4,36.6,38.4,39.6,41.4,43.2,45.0,46.8,48.6,49.8,51.6,53.4,54.6,55.8,57.0,58.2,59.4,60.0,61.2,62.4,63.6,64.8,66.0,67.2,68.4,69.6,70.8
Single-Leg Press,M,Legs,Legs,74.25,78.75,83.25,87.75,92.25,96.75,101.25,105.75,110.25,114.0,118.5,123.0,127.5,132.0,136.5,141.0,145.5,150.0,154.5,159.0,163.5,171.0,178.5,186.0,192.75,200.25,207.75,215.25,222.75,230.25,237.75,242.25,247.5,252.75,257.25,262.5,267.0,272.25,277.5,282.0,287.25,291.75,297.0,302.25,306.75,312.0,35.4,39.0,42.6,46.2,49.8,53.4,57.0,60.6,64.2,67.8,71.4,75.0,78.6,82.2,85.8,88.8,92.4,96.0,99.6,103.2,106.8,111.6,116.4,121.2,126.0,130.8,135.6,140.4,145.2,149.4,154.2,158.4,162.6,166.2,170.4,174.0,178.2,182.4,186.0,190.2,193.8,198.0,202.2,205.8,210.0,213.6
Sissy Squat,B,Legs,Legs,56.25,60.0,63.75,67.5,71.25,75.0,78.75,82.5,86.25,90.0,93.75,97.5,101.25,105.0,108.75,112.5,116.25,120.0,123.75,127.5,131.25,135.0,138.75,142.5,146.25,150.0,153.75,157.5,161.25,165.0,168.75,171.0,174.0,176.25,178.5,181.5,183.75,186.0,189.0,191.25,193.5,196.5,198.75,201.0,204.0,206.25,30.0,31.8,33.0,34.2,36.0,37.2,39.0,40.8,42.0,43.2,45.0,48.0,51.0,54.0,57.0,60.0,63.0,66.0,69.0,72.0,75.0,78.0,81.0,84.0,87.0,90.0,93.0,96.0,99.0,102.0,105.0,106.8,109.2,111.0,112.8,115.2,117.0,118.8,121.2,123.0,124.8,127.2,129.0,130.8,133.2,135.0
Spanish Squat,B,Legs,Legs,56.25,60.0,63.75,67.5,71.25,75.0,78.75,82.5,86.25,90.0,93.75,97.5,101.25,105.0,108.75,112.5,116.25,120.0,123.75,127.5,131.25,135.0,138.75,142.5,146.25,150.0,153.75,157.5,161.25,165.0,168.75,171.0,174.0,176.25,178.5,181.5,183.75,186.0,189.0,191.25,193.5,196.5,198.75,201.0,204.0,206.25,30.0,31.8,33.0,34.2,36.0,37.2,39.0,40.8,42.0,43.2,45.0,48.0,51.0,54.0,57.0,60.0,63.0,66.0,69.0,72.0,75.0,78.0,81.0,84.0,87.0,90.0,93.0,96.0,99.0,102.0,105.0,106.8,109.2,111.0,112.8,115.2,117.0,118.8,121.2,123.0,124.8,127.2,129.0,130.8,133.2,135.0
Wall Sit,M,Legs,Legs,33.75,35.25,36.75,39.0,40.5,42.0,43.5,45.75,47.25,48.75,51.0,52.5,54.0,55.5,57.75,59.25,60.75,62.25,63.75,66.0,67.5,71.25,74.25,78.0,81.0,84.0,87.75,91.5,94.5,98.25,101.25,103.5,105.75,108.0,110.25,112.5,114.75,117.0,119.25,121.5,123.75,126.0,128.25,130.5,132.75,135.0,13.8,15.0,16.2,17.4,19.2,20.4,21.6,22.8,24.6,25.8,27.0,28.2,29.4,31.2,32.4,33.6,34.8,36.6,37.8,39.0,40.8,42.6,44.4,46.2,48.0,49.8,51.6,54.0,55.8,57.6,59.4,60.6,61.8,63.0,64.2,65.4,67.2,68.4,69.6,70.8,72.0,73.2,74.4,75.6,76.8,78.0
Step-Up Machine,M,Legs,Legs,30.75,32.25,33.75,35.25,36.75,38.25,39.75,41.25,42.75,44.25,45.75,47.25,48.75,50.25,51.75,53.25,54.75,56.25,57.75,59.25,60.75,63.75,66.75,69.75,72.75,75.75,78.75,81.75,84.75,87.75,91.5,93.0,95.25,97.5,99.0,101.25,103.5,105.0,107.25,109.5,111.75,113.25,115.5,117.75,119.25,121.5,12.0,13.2,14.4,15.6,16.8,18.0,19.2,20.4,21.6,22.8,24.6,25.8,27.0,28.2,29.4,30.6,31.8,33.0,34.2,35.4,36.6,38.4,39.6,41.4,43.2,45.0,46.8,48.6,49.8,51.6,53.4,54.6,55.8,57.0,58.2,59.4,60.0,61.2,62.4,63.6,64.8,66.0,67.2,68.4,69.6,70.8
Leg Press (High Feet),M,Legs,Legs,84.0,89.25,94.5,99.75,105.0,109.5,114.75,120.0,125.25,129.75,135.0,140.25,145.5,150.0,155.25,160.5,165.75,170.25,175.5,180.75,186.0,194.25,202.5,210.75,219.75,228.0,236.25,244.5,253.5,261.75,270.0,276.0,281.25,287.25,292.5,298.5,303.75,309.0,315.0,320.25,326.25,331.5,337.5,342.75,348.75,354.0,40.8,44.4,48.6,52.8,57.0,60.6,64.8,69.0,73.2,76.8,81.0,85.2,89.4,93.0,97.2,101.4,105.0,109.2,113.4,117.6,121.2,126.6,132.6,137.4,142.8,148.8,153.6,159.0,165.0,169.8,175.2,180.0,184.2,189.0,193.2,198.0,202.8,207.0,211.2,216.0,220.2,225.0,229.2,234.0,238.2,243.0
Leg Press (Low Feet),M,Legs,Legs,84.0,89.25,94.5,99.75,105.0,109.5,114.75,120.0,125.25,129.75,135.0,140.25,145.5,150.0,155.25,160.5,165.75,170.25,175.5,180.75,186.0,194.25,202.5,210.75,219.75,228.0,236.25,244.5,253.5,261.75,270.0,276.0,281.25,287.25,292.5,298.5,303.75,309.0,315.0,320.25,326.25,331.5,337.5,342.75,348.75,354.0,40.8,44.4,48.6,52.8,57.0,60.6,64.8,69.0,73.2,76.8,81.0,85.2,89.4,93.0,97.2,101.4,105.0,109.2,113.4,117.6,121.2,126.6,132.6,137.4,142.8,148.8,153.6,159.0,165.0,169.8,175.2,180.0,184.2,189.0,193.2,198.0,202.8,207.0,211.2,216.0,220.2,225.0,229.2,234.0,238.2,243.0
Cable Glute Kickback,M,Legs,Glutes,17.25,18.0,19.5,21.0,22.5,24.0,24.75,26.25,27.75,29.25,30.75,32.25,33.75,35.25,36.75,39.0,40.5,42.0,43.5,45.75,47.25,49.5,51.75,54.0,57.0,59.25,61.5,63.75,66.0,68.25,70.5,72.75,74.25,75.75,77.25,78.75,80.25,81.75,83.25,84.75,87.0,88.5,90.0,91.5,93.0,94.5,8.4,8.41,9.0,9.6,10.2,10.8,11.4,12.0,12.6,13.2,13.8,14.4,15.6,16.8,18.0,19.2,19.8,21.0,22.2,23.4,24.6,25.8,27.0,28.2,29.4,31.2,32.4,33.6,34.8,36.6,37.8,39.0,39.6,40.8,41.4,42.0,43.2,43.8,45.0,46.2,46.8,47.4,48.6,49.2,50.4,51.0
Machine Glute Kickback,M,Legs,Glutes,15.0,16.5,18.0,18.75,20.25,21.0,22.5,24.0,24.75,26.25,27.0,29.25,30.75,32.25,33.75,35.25,36.75,38.25,39.75,41.25,42.75,45.0,46.5,48.75,51.0,53.25,55.5,57.75,59.25,61.5,63.75,65.25,66.75,68.25,69.75,71.25,72.0,73.5,75.0,76.5,78.0,79.5,81.0,82.5,84.0,84.75,7.2,7.8,8.4,9.0,9.01,9.6,10.2,10.8,11.4,11.41,12.0,13.2,14.4,15.0,16.2,16.8,18.0,19.2,19.8,21.0,21.6,23.4,24.6,25.8,27.0,28.2,29.4,30.6,31.8,33.0,34.2,34.8,35.4,36.6,37.2,37.8,39.0,39.6,40.2,41.4,42.0,43.2,43.8,44.4,45.6,46.2
Glute Kickback Machine,M,Legs,Glutes,15.0,16.5,18.0,18.75,20.25,21.0,22.5,24.0,24.75,26.25,27.0,29.25,30.75,32.25,33.75,35.25,36.75,38.25,39.75,41.25,42.75,45.0,46.5,48.75,51.0,53.25,55.5,57.75,59.25,61.5,63.75,65.25,66.75,68.25,69.75,71.25,72.0,73.5,75.0,76.5,78.0,79.5,81.0,82.5,84.0,84.75,7.2,7.8,8.4,9.0,9.01,9.6,10.2,10.8,11.4,11.41,12.0,13.2,14.4,15.0,16.2,16.8,18.0,19.2,19.8,21.0,21.6,23.4,24.6,25.8,27.0,28.2,29.4,30.6,31.8,33.0,34.2,34.8,35.4,36.6,37.2,37.8,39.0,39.6,40.2,41.4,42.0,43.2,43.8,44.4,45.6,46.2
Smith Machine Hip Thrust,M,Legs,Glutes,30.75,35.25,39.75,44.25,48.75,53.25,57.75,62.25,66.75,71.25,75.75,78.75,81.75,84.75,87.75,90.75,94.5,97.5,100.5,103.5,106.5,112.5,118.5,124.5,130.5,136.5,142.5,148.5,155.25,161.25,167.25,171.0,175.5,179.25,183.0,187.5,191.25,195.75,199.5,203.25,207.75,211.5,216.0,219.75,223.5,228.0,24.6,27.0,29.4,31.8,34.2,36.6,39.0,41.4,43.8,46.2,48.6,52.2,55.8,59.4,63.0,66.6,70.2,73.8,78.0,81.6,85.2,88.8,92.4,96.0,99.6,103.2,106.8,110.4,114.0,117.6,121.2,124.2,126.6,129.0,131.4,133.8,136.2,138.6,141.0,143.4,145.8,148.2,150.6,153.0,155.4,157.8
Barbell Glute Bridge,B,Legs,Glutes,37.5,42.75,48.75,54.0,60.0,66.0,71.25,76.5,82.5,88.5,93.75,97.5,101.25,105.0,108.75,112.5,116.25,120.0,123.75,127.5,131.25,138.75,146.25,153.75,161.25,168.75,176.25,183.75,191.25,198.75,206.25,211.5,216.0,221.25,226.5,231.0,236.25,241.5,246.0,251.25,256.5,261.0,266.25,271.5,276.0,281.25,30.0,33.0,36.0,39.0,42.0,45.0,48.0,51.0,54.0,57.0,60.0,64.2,69.0,73.8,78.0,82.8,87.0,91.2,96.0,100.8,105.0,109.2,114.0,118.8,123.0,127.2,132.0,136.2,141.0,145.2,150.0,153.0,156.0,159.0,162.0,165.0,168.0,171.0,174.0,177.0,180.0,183.0,186.0,189.0,192.0,195.0
Dumbbell Glute Bridge,D,Legs,Glutes,37.5,42.75,48.75,54.0,60.0,66.0,71.25,76.5,82.5,88.5,93.75,97.5,101.25,105.0,108.75,112.5,116.25,120.0,123.75,127.5,131.25,138.75,146.25,153.75,161.25,168.75,176.25,183.75,191.25,198.75,206.25,211.5,216.0,221.25,226.5,231.0,236.25,241.5,246.0,251.25,256.5,261.0,266.25,271.5,276.0,281.25,30.0,33.0,36.0,39.0,42.0,45.0,48.0,51.0,54.0,57.0,60.0,64.2,69.0,73.8,78.0,82.8,87.0,91.2,96.0,100.8,105.0,109.2,114.0,118.8,123.0,127.2,132.0,136.2,141.0,145.2,150.0,153.0,156.0,159.0,162.0,165.0,168.0,171.0,174.0,177.0,180.0,183.0,186.0,189.0,192.0,195.0
Single-Leg Hip Thrust,M,Legs,Glutes,30.0,34.5,38.25,42.75,47.25,51.75,56.25,60.75,65.25,69.75,74.25,77.25,80.25,83.25,86.25,89.25,92.25,95.25,98.25,101.25,104.25,110.25,115.5,121.5,127.5,133.5,139.5,145.5,151.5,157.5,163.5,167.25,171.0,175.5,179.25,183.0,186.75,191.25,195.0,198.75,203.25,207.0,210.75,214.5,219.0,222.75,24.0,26.4,28.8,30.6,33.0,35.4,37.8,40.2,42.6,45.0,47.4,51.0,54.6,58.2,61.8,65.4,69.0,72.6,76.2,79.8,83.4,87.0,90.0,93.6,97.2,100.8,104.4,108.0,111.6,115.2,118.8,121.2,123.6,126.0,128.4,130.8,133.2,135.6,138.0,140.4,142.8,145.2,147.6,149.4,151.8,154.2
Glute Drive Machine,M,Legs,Glutes,30.75,32.25,33.75,35.25,36.75,38.25,39.75,41.25,42.75,44.25,45.75,47.25,48.75,50.25,51.75,53.25,54.75,56.25,57.75,59.25,60.75,63.75,66.75,69.75,72.75,75.75,78.75,81.75,84.75,87.75,91.5,93.0,95.25,97.5,99.0,101.25,103.5,105.0,107.25,109.5,111.75,113.25,115.5,117.75,119.25,121.5,12.0,13.2,14.4,15.6,16.8,18.0,19.2,20.4,21.6,22.8,24.6,25.8,27.0,28.2,29.4,30.6,31.8,33.0,34.2,35.4,36.6,38.4,39.6,41.4,43.2,45.0,46.8,48.6,49.8,51.6,53.4,54.6,55.8,57.0,58.2,59.4,60.0,61.2,62.4,63.6,64.8,66.0,67.2,68.4,69.6,70.8
Hip Thrust Machine,M,Legs,Glutes,30.75,35.25,39.75,44.25,48.75,53.25,57.75,62.25,66.75,71.25,75.75,78.75,81.75,84.75,87.75,90.75,94.5,97.5,100.5,103.5,106.5,112.5,118.5,124.5,130.5,136.5,142.5,148.5,155.25,161.25,167.25,171.0,175.5,179.25,183.0,187.5,191.25,195.75,199.5,203.25,207.75,211.5,216.0,219.75,223.5,228.0,24.6,27.0,29.4,31.8,34.2,36.6,39.0,41.4,43.8,46.2,48.6,52.2,55.8,59.4,63.0,66.6,70.2,73.8,78.0,81.6,85.2,88.8,92.4,96.0,99.6,103.2,106.8,110.4,114.0,117.6,121.2,124.2,126.6,129.0,131.4,133.8,136.2,138.6,141.0,143.4,145.8,148.2,150.6,153.0,155.4,157.8
Cable Pull Through,M,Legs,Glutes,33.75,35.25,36.75,39.0,40.5,42.0,43.5,45.75,47.25,48.75,51.0,52.5,54.0,55.5,57.75,59.25,60.75,62.25,63.75,66.0,67.5,71.25,74.25,78.0,81.0,84.0,87.75,91.5,94.5,98.25,101.25,103.5,105.75,108.0,110.25,112.5,114.75,117.0,119.25,121.5,123.75,126.0,128.25,130.5,132.75,135.0,13.8,15.0,16.2,17.4,19.2,20.4,21.6,22.8,24.6,25.8,27.0,28.2,29.4,31.2,32.4,33.6,34.8,36.6,37.8,39.0,40.8,42.6,44.4,46.2,48.0,49.8,51.6,54.0,55.8,57.6,59.4,60.6,61.8,63.0,64.2,65.4,67.2,68.4,69.6,70.8,72.0,73.2,74.4,75.6,76.8,78.0
45-Degree Hip Extension (Glute Focus),M,Legs,Glutes,33.75,35.25,36.75,39.0,40.5,42.0,43.5,45.75,47.25,48.75,51.0,52.5,54.0,55.5,57.75,59.25,60.75,62.25,63.75,66.0,67.5,71.25,74.25,78.0,81.0,84.0,87.75,91.5,94.5,98.25,101.25,103.5,105.75,108.0,110.25,112.5,114.75,117.0,119.25,121.5,123.75,126.0,128.25,130.5,132.75,135.0,13.8,15.0,16.2,17.4,19.2,20.4,21.6,22.8,24.6,25.8,27.0,28.2,29.4,31.2,32.4,33.6,34.8,36.6,37.8,39.0,40.8,42.6,44.4,46.2,48.0,49.8,51.6,54.0,55.8,57.6,59.4,60.6,61.8,63.0,64.2,65.4,67.2,68.4,69.6,70.8,72.0,73.2,74.4,75.6,76.8,78.0
Hip Abduction Machine (Leaning Forward),M,Legs,Glutes,30.75,32.25,33.75,35.25,36.75,38.25,39.75,41.25,42.75,44.25,45.75,47.25,48.75,50.25,51.75,53.25,54.75,56.25,57.75,59.25,60.75,63.75,66.75,69.75,72.75,75.75,78.75,81.75,84.75,87.75,91.5,93.0,95.25,97.5,99.0,101.25,103.5,105.0,107.25,109.5,111.75,113.25,115.5,117.75,119.25,121.5,12.0,13.2,14.4,15.6,16.8,18.0,19.2,20.4,21.6,22.8,24.6,25.8,27.0,28.2,29.4,30.6,31.8,33.0,34.2,35.4,36.6,38.4,39.6,41.4,43.2,45.0,46.8,48.6,49.8,51.6,53.4,54.6,55.8,57.0,58.2,59.4,60.0,61.2,62.4,63.6,64.8,66.0,67.2,68.4,69.6,70.8
Standing Cable Hip Abduction,M,Legs,Glutes,33.75,35.25,36.75,39.0,40.5,42.0,43.5,45.75,47.25,48.75,51.0,52.5,54.0,55.5,57.75,59.25,60.75,62.25,63.75,66.0,67.5,71.25,74.25,78.0,81.0,84.0,87.75,91.5,94.5,98.25,101.25,103.5,105.75,108.0,110.25,112.5,114.75,117.0,119.25,121.5,123.75,126.0,128.25,130.5,132.75,135.0,13.8,15.0,16.2,17.4,19.2,20.4,21.6,22.8,24.6,25.8,27.0,28.2,29.4,31.2,32.4,33.6,34.8,36.6,37.8,39.0,40.8,42.6,44.4,46.2,48.0,49.8,51.6,54.0,55.8,57.6,59.4,60.6,61.8,63.0,64.2,65.4,67.2,68.4,69.6,70.8,72.0,73.2,74.4,75.6,76.8,78.0
Cable Hip Extension,M,Legs,Glutes,33.75,35.25,36.75,39.0,40.5,42.0,43.5,45.75,47.25,48.75,51.0,52.5,54.0,55.5,57.75,59.25,60.75,62.25,63.75,66.0,67.5,71.25,74.25,78.0,81.0,84.0,87.75,91.5,94.5,98.25,101.25,103.5,105.75,108.0,110.25,112.5,114.75,117.0,119.25,121.5,123.75,126.0,128.25,130.5,132.75,135.0,13.8,15.0,16.2,17.4,19.2,20.4,21.6,22.8,24.6,25.8,27.0,28.2,29.4,31.2,32.4,33.6,34.8,36.6,37.8,39.0,40.8,42.6,44.4,46.2,48.0,49.8,51.6,54.0,55.8,57.6,59.4,60.6,61.8,63.0,64.2,65.4,67.2,68.4,69.6,70.8,72.0,73.2,74.4,75.6,76.8,78.0
Frog Pump,M,Legs,Glutes,33.75,35.25,36.75,39.0,40.5,42.0,43.5,45.75,47.25,48.75,51.0,52.5,54.0,55.5,57.75,59.25,60.75,62.25,63.75,66.0,67.5,71.25,74.25,78.0,81.0,84.0,87.75,91.5,94.5,98.25,101.25,103.5,105.75,108.0,110.25,112.5,114.75,117.0,119.25,121.5,123.75,126.0,128.25,130.5,132.75,135.0,13.8,15.0,16.2,17.4,19.2,20.4,21.6,22.8,24.6,25.8,27.0,28.2,29.4,31.2,32.4,33.6,34.8,36.6,37.8,39.0,40.8,42.6,44.4,46.2,48.0,49.8,51.6,54.0,55.8,57.6,59.4,60.6,61.8,63.0,64.2,65.4,67.2,68.4,69.6,70.8,72.0,73.2,74.4,75.6,76.8,78.0
Banded Glute Bridge,M,Legs,Glutes,33.75,39.0,43.5,48.75,54.0,59.25,64.5,69.0,74.25,79.5,84.0,87.75,91.5,94.5,97.5,101.25,105.0,108.0,111.0,114.75,117.75,125.25,131.25,138.0,145.5,151.5,159.0,165.75,171.75,179.25,186.0,190.5,195.0,199.5,203.25,207.75,212.25,217.5,222.0,226.5,231.0,234.75,240.0,243.75,248.25,253.5,27.0,29.4,32.4,34.8,37.8,40.8,43.2,46.2,48.6,51.0,54.0,58.2,61.8,66.0,70.2,74.4,78.0,82.2,86.4,90.6,94.2,98.4,102.6,106.8,110.4,114.6,118.8,123.0,127.2,130.8,135.0,137.4,140.4,142.8,145.8,148.8,151.2,153.6,156.6,159.0,162.0,165.0,167.4,169.8,172.8,175.2
Standing Calf Raise Machine,M,Legs,Calves,30.75,33.75,36.75,39.75,42.75,45.75,48.75,51.75,54.75,57.75,60.75,65.25,69.75,74.25,78.75,83.25,87.75,92.25,97.5,102.0,106.5,111.0,115.5,120.0,124.5,129.0,133.5,138.0,142.5,147.0,151.5,155.25,158.25,161.25,164.25,167.25,170.25,173.25,176.25,179.25,182.25,185.25,188.25,191.25,194.25,197.25,16.8,19.2,21.0,22.8,24.6,27.0,28.8,30.6,32.4,34.8,36.6,39.0,41.4,43.8,46.2,48.6,51.0,53.4,55.8,58.2,60.6,63.0,65.4,67.8,70.2,72.6,75.6,78.0,80.4,82.8,85.2,87.6,90.0,92.4,94.8,97.2,99.6,102.0,104.4,106.8,109.2,111.6,114.0,116.4,118.8,121.2
Donkey Calf Raise,M,Legs,Calves,33.75,36.75,40.5,43.5,47.25,51.0,54.0,57.75,60.75,63.75,67.5,72.75,77.25,82.5,87.75,93.0,97.5,102.75,108.0,113.25,117.75,123.0,128.25,133.5,138.0,143.25,148.5,153.75,159.0,163.5,168.75,171.75,175.5,178.5,182.25,186.0,189.0,192.0,195.75,198.75,202.5,206.25,209.25,212.25,216.0,219.0,19.2,21.0,23.4,25.2,27.6,29.4,31.8,34.2,36.0,38.4,40.8,43.2,46.2,48.6,51.0,54.0,57.0,59.4,62.4,64.8,67.2,70.2,73.2,75.6,78.0,81.0,84.0,86.4,88.8,91.8,94.2,97.2,100.2,102.6,105.0,108.0,110.4,113.4,116.4,118.8,121.2,124.2,127.2,129.6,132.6,135.0
Single-Leg Calf Raise,M,Legs,Calves,30.0,33.0,36.0,38.25,41.25,44.25,47.25,50.25,53.25,56.25,59.25,63.75,68.25,72.75,77.25,81.75,86.25,90.75,95.25,99.75,104.25,108.75,112.5,117.0,121.5,126.0,130.5,135.0,139.5,144.0,148.5,151.5,154.5,157.5,160.5,163.5,166.5,169.5,172.5,175.5,178.5,181.5,184.5,186.75,189.75,192.75,16.8,18.6,20.4,22.2,24.0,26.4,28.2,30.0,31.8,33.6,35.4,37.8,40.2,42.6,45.0,47.4,49.8,52.2,54.6,57.0,59.4,61.8,64.2,66.6,69.0,71.4,73.8,76.2,78.6,81.0,83.4,85.8,88.2,90.0,92.4,94.8,97.2,99.6,102.0,104.4,106.8,109.2,111.6,114.0,116.4,118.8
Smith Machine Calf Raise,M,Legs,Calves,30.75,33.75,36.75,39.75,42.75,45.75,48.75,51.75,54.75,57.75,60.75,65.25,69.75,74.25,78.75,83.25,87.75,92.25,97.5,102.0,106.5,111.0,115.5,120.0,124.5,129.0,133.5,138.0,142.5,147.0,151.5,155.25,158.25,161.25,164.25,167.25,170.25,173.25,176.25,179.25,182.25,185.25,188.25,191.25,194.25,197.25,16.8,19.2,21.0,22.8,24.6,27.0,28.8,30.6,32.4,34.8,36.6,39.0,41.4,43.8,46.2,48.6,51.0,53.4,55.8,58.2,60.6,63.0,65.4,67.8,70.2,72.6,75.6,78.0,80.4,82.8,85.2,87.6,90.0,92.4,94.8,97.2,99.6,102.0,104.4,106.8,109.2,111.6,114.0,116.4,118.8,121.2
Tibialis Raise,M,Legs,Calves,33.75,36.75,40.5,43.5,47.25,51.0,54.0,57.75,60.75,63.75,67.5,72.75,77.25,82.5,87.75,93.0,97.5,102.75,108.0,113.25,117.75,123.0,128.25,133.5,138.0,143.25,148.5,153.75,159.0,163.5,168.75,171.75,175.5,178.5,182.25,186.0,189.0,192.0,195.75,198.75,202.5,206.25,209.25,212.25,216.0,219.0,19.2,21.0,23.4,25.2,27.6,29.4,31.8,34.2,36.0,38.4,40.8,43.2,46.2,48.6,51.0,54.0,57.0,59.4,62.4,64.8,67.2,70.2,73.2,75.6,78.0,81.0,84.0,86.4,88.8,91.8,94.2,97.2,100.2,102.6,105.0,108.0,110.4,113.4,116.4,118.8,121.2,124.2,127.2,129.6,132.6,135.0
Tibialis Raise Machine,M,Legs,Calves,30.75,33.75,36.75,39.75,42.75,45.75,48.75,51.75,54.75,57.75,60.75,65.25,69.75,74.25,78.75,83.25,87.75,92.25,97.5,102.0,106.5,111.0,115.5,120.0,124.5,129.0,133.5,138.0,142.5,147.0,151.5,155.25,158.25,161.25,164.25,167.25,170.25,173.25,176.25,179.25,182.25,185.25,188.25,191.25,194.25,197.25,16.8,19.2,21.0,22.8,24.6,27.0,28.8,30.6,32.4,34.8,36.6,39.0,41.4,43.8,46.2,48.6,51.0,53.4,55.8,58.2,60.6,63.0,65.4,67.8,70.2,72.6,75.6,78.0,80.4,82.8,85.2,87.6,90.0,92.4,94.8,97.2,99.6,102.0,104.4,106.8,109.2,111.6,114.0,116.4,118.8,121.2
Seated Tibialis Raise,M,Legs,Calves,33.75,36.75,40.5,43.5,47.25,51.0,54.0,57.75,60.75,63.75,67.5,72.75,77.25,82.5,87.75,93.0,97.5,102.75,108.0,113.25,117.75,123.0,128.25,133.5,138.0,143.25,148.5,153.75,159.0,163.5,168.75,171.75,175.5,178.5,182.25,186.0,189.0,192.0,195.75,198.75,202.5,206.25,209.25,212.25,216.0,219.0,19.2,21.0,23.4,25.2,27.6,29.4,31.8,34.2,36.0,38.4,40.8,43.2,46.2,48.6,51.0,54.0,57.0,59.4,62.4,64.8,67.2,70.2,73.2,75.6,78.0,81.0,84.0,86.4,88.8,91.8,94.2,97.2,100.2,102.6,105.0,108.0,110.4,113.4,116.4,118.8,121.2,124.2,127.2,129.6,132.6,135.0
Reverse Crunch,U,Core,Core,15.0,16.5,18.0,19.5,21.0,22.5,24.0,25.5,27.0,28.5,30.0,32.25,33.75,36.0,37.5,39.75,41.25,42.75,45.0,46.5,48.75,51.0,53.25,55.5,57.75,60.0,62.25,64.5,66.75,69.0,71.25,72.75,75.0,76.5,78.0,80.25,81.75,83.25,85.5,87.0,88.5,90.75,92.25,93.75,96.0,97.5,7.2,7.8,9.0,9.6,10.2,10.8,12.0,12.6,13.2,14.4,15.0,16.2,17.4,18.6,19.8,21.0,22.2,23.4,24.6,25.8,27.0,28.2,30.0,31.8,33.0,34.2,36.0,37.2,39.0,40.2,42.0,43.2,44.4,45.6,46.8,48.0,49.2,50.4,51.6,52.8,54.0,55.2,56.4,57.6,58.8,60.0
Decline Sit-Up,U,Core,Core,15.0,16.5,18.0,19.5,21.0,22.5,24.0,25.5,27.0,28.5,30.0,32.25,33.75,36.0,37.5,39.75,41.25,42.75,45.0,46.5,48.75,51.0,53.25,55.5,57.75,60.0,62.25,64.5,66.75,69.0,71.25,72.75,75.0,76.5,78.0,80.25,81.75,83.25,85.5,87.0,88.5,90.75,92.25,93.75,96.0,97.5,7.2,7.8,9.0,9.6,10.2,10.8,12.0,12.6,13.2,14.4,15.0,16.2,17.4,18.6,19.8,21.0,22.2,23.4,24.6,25.8,27.0,28.2,30.0,31.8,33.0,34.2,36.0,37.2,39.0,40.2,42.0,43.2,44.4,45.6,46.8,48.0,49.2,50.4,51.6,52.8,54.0,55.2,56.4,57.6,58.8,60.0
Weighted Decline Sit-Up,W,Core,Core,15.0,16.5,18.0,19.5,21.0,22.5,24.0,25.5,27.0,28.5,30.0,32.25,33.75,36.0,37.5,39.75,41.25,42.75,45.0,46.5,48.75,51.0,53.25,55.5,57.75,60.0,62.25,64.5,66.75,69.0,71.25,72.75,75.0,76.5,78.0,80.25,81.75,83.25,85.5,87.0,88.5,90.75,92.25,93.75,96.0,97.5,7.2,7.8,9.0,9.6,10.2,10.8,12.0,12.6,13.2,14.4,15.0,16.2,17.4,18.6,19.8,21.0,22.2,23.4,24.6,25.8,27.0,28.2,30.0,31.8,33.0,34.2,36.0,37.2,39.0,40.2,42.0,43.2,44.4,45.6,46.8,48.0,49.2,50.4,51.6,52.8,54.0,55.2,56.4,57.6,58.8,60.0
Sit-Up,U,Core,Core,15.0,16.5,18.0,19.5,21.0,22.5,24.0,25.5,27.0,28.5,30.0,32.25,33.75,36.0,37.5,39.75,41.25,42.75,45.0,46.5,48.75,51.0,53.25,55.5,57.75,60.0,62.25,64.5,66.75,69.0,71.25,72.75,75.0,76.5,78.0,80.25,81.75,83.25,85.5,87.0,88.5,90.75,92.25,93.75,96.0,97.5,7.2,7.8,9.0,9.6,10.2,10.8,12.0,12.6,13.2,14.4,15.0,16.2,17.4,18.6,19.8,21.0,22.2,23.4,24.6,25.8,27.0,28.2,30.0,31.8,33.0,34.2,36.0,37.2,39.0,40.2,42.0,43.2,44.4,45.6,46.8,48.0,49.2,50.4,51.6,52.8,54.0,55.2,56.4,57.6,58.8,60.0
Crunch,U,Core,Core,15.0,16.5,18.0,19.5,21.0,22.5,24.0,25.5,27.0,28.5,30.0,32.25,33.75,36.0,37.5,39.75,41.25,42.75,45.0,46.5,48.75,51.0,53.25,55.5,57.75,60.0,62.25,64.5,66.75,69.0,71.25,72.75,75.0,76.5,78.0,80.25,81.75,83.25,85.5,87.0,88.5,90.75,92.25,93.75,96.0,97.5,7.2,7.8,9.0,9.6,10.2,10.8,12.0,12.6,13.2,14.4,15.0,16.2,17.4,18.6,19.8,21.0,22.2,23.4,24.6,25.8,27.0,28.2,30.0,31.8,33.0,34.2,36.0,37.2,39.0,40.2,42.0,43.2,44.4,45.6,46.8,48.0,49.2,50.4,51.6,52.8,54.0,55.2,56.4,57.6,58.8,60.0
Bicycle Crunch,U,Core,Core,15.0,16.5,18.0,19.5,21.0,22.5,24.0,25.5,27.0,28.5,30.0,32.25,33.75,36.0,37.5,39.75,41.25,42.75,45.0,46.5,48.75,51.0,53.25,55.5,57.75,60.0,62.25,64.5,66.75,69.0,71.25,72.75,75.0,76.5,78.0,80.25,81.75,83.25,85.5,87.0,88.5,90.75,92.25,93.75,96.0,97.5,7.2,7.8,9.0,9.6,10.2,10.8,12.0,12.6,13.2,14.4,15.0,16.2,17.4,18.6,19.8,21.0,22.2,23.4,24.6,25.8,27.0,28.2,30.0,31.8,33.0,34.2,36.0,37.2,39.0,40.2,42.0,43.2,44.4,45.6,46.8,48.0,49.2,50.4,51.6,52.8,54.0,55.2,56.4,57.6,58.8,60.0
Russian Twist,U,Core,Core,15.0,16.5,18.0,19.5,21.0,22.5,24.0,25.5,27.0,28.5,30.0,32.25,33.75,36.0,37.5,39.75,41.25,42.75,45.0,46.5,48.75,51.0,53.25,55.5,57.75,60.0,62.25,64.5,66.75,69.0,71.25,72.75,75.0,76.5,78.0,80.25,81.75,83.25,85.5,87.0,88.5,90.75,92.25,93.75,96.0,97.5,7.2,7.8,9.0,9.6,10.2,10.8,12.0,12.6,13.2,14.4,15.0,16.2,17.4,18.6,19.8,21.0,22.2,23.4,24.6,25.8,27.0,28.2,30.0,31.8,33.0,34.2,36.0,37.2,39.0,40.2,42.0,43.2,44.4,45.6,46.8,48.0,49.2,50.4,51.6,52.8,54.0,55.2,56.4,57.6,58.8,60.0
Cable Woodchop,M,Core,Core,13.5,15.0,16.5,17.25,18.75,20.25,21.75,23.25,24.0,25.5,27.0,28.5,30.0,32.25,33.75,35.25,36.75,39.0,40.5,42.0,43.5,45.75,48.0,50.25,51.75,54.0,56.25,57.75,60.0,62.25,63.75,66.0,67.5,69.0,70.5,72.0,73.5,75.0,76.5,78.0,79.5,81.75,83.25,84.75,86.25,87.75,6.6,7.2,7.8,8.4,9.0,10.2,10.8,11.4,12.0,12.6,13.8,14.4,15.6,16.8,18.0,19.2,19.8,21.0,22.2,23.4,24.6,25.8,27.0,28.2,29.4,31.2,32.4,33.6,34.8,36.6,37.8,39.0,40.2,40.8,42.0,43.2,44.4,45.6,46.2,47.4,48.6,49.8,51.0,51.6,52.8,54.0
High-to-Low Woodchop,U,Core,Core,15.0,16.5,18.0,19.5,21.0,22.5,24.0,25.5,27.0,28.5,30.0,32.25,33.75,36.0,37.5,39.75,41.25,42.75,45.0,46.5,48.75,51.0,53.25,55.5,57.75,60.0,62.25,64.5,66.75,69.0,71.25,72.75,75.0,76.5,78.0,80.25,81.75,83.25,85.5,87.0,88.5,90.75,92.25,93.75,96.0,97.5,7.2,7.8,9.0,9.6,10.2,10.8,12.0,12.6,13.2,14.4,15.0,16.2,17.4,18.6,19.8,21.0,22.2,23.4,24.6,25.8,27.0,28.2,30.0,31.8,33.0,34.2,36.0,37.2,39.0,40.2,42.0,43.2,44.4,45.6,46.8,48.0,49.2,50.4,51.6,52.8,54.0,55.2,56.4,57.6,58.8,60.0
Low-to-High Woodchop,U,Core,Core,15.0,16.5,18.0,19.5,21.0,22.5,24.0,25.5,27.0,28.5,30.0,32.25,33.75,36.0,37.5,39.75,41.25,42.75,45.0,46.5,48.75,51.0,53.25,55.5,57.75,60.0,62.25,64.5,66.75,69.0,71.25,72.75,75.0,76.5,78.0,80.25,81.75,83.25,85.5,87.0,88.5,90.75,92.25,93.75,96.0,97.5,7.2,7.8,9.0,9.6,10.2,10.8,12.0,12.6,13.2,14.4,15.0,16.2,17.4,18.6,19.8,21.0,22.2,23.4,24.6,25.8,27.0,28.2,30.0,31.8,33.0,34.2,36.0,37.2,39.0,40.2,42.0,43.2,44.4,45.6,46.8,48.0,49.2,50.4,51.6,52.8,54.0,55.2,56.4,57.6,58.8,60.0
Pallof Press,U,Core,Core,15.0,16.5,18.0,19.5,21.0,22.5,24.0,25.5,27.0,28.5,30.0,32.25,33.75,36.0,37.5,39.75,41.25,42.75,45.0,46.5,48.75,51.0,53.25,55.5,57.75,60.0,62.25,64.5,66.75,69.0,71.25,72.75,75.0,76.5,78.0,80.25,81.75,83.25,85.5,87.0,88.5,90.75,92.25,93.75,96.0,97.5,7.2,7.8,9.0,9.6,10.2,10.8,12.0,12.6,13.2,14.4,15.0,16.2,17.4,18.6,19.8,21.0,22.2,23.4,24.6,25.8,27.0,28.2,30.0,31.8,33.0,34.2,36.0,37.2,39.0,40.2,42.0,43.2,44.4,45.6,46.8,48.0,49.2,50.4,51.6,52.8,54.0,55.2,56.4,57.6,58.8,60.0
Cable Pallof Press,M,Core,Core,13.5,15.0,16.5,17.25,18.75,20.25,21.75,23.25,24.0,25.5,27.0,28.5,30.0,32.25,33.75,35.25,36.75,39.0,40.5,42.0,43.5,45.75,48.0,50.25,51.75,54.0,56.25,57.75,60.0,62.25,63.75,66.0,67.5,69.0,70.5,72.0,73.5,75.0,76.5,78.0,79.5,81.75,83.25,84.75,86.25,87.75,6.6,7.2,7.8,8.4,9.0,10.2,10.8,11.4,12.0,12.6,13.8,14.4,15.6,16.8,18.0,19.2,19.8,21.0,22.2,23.4,24.6,25.8,27.0,28.2,29.4,31.2,32.4,33.6,34.8,36.6,37.8,39.0,40.2,40.8,42.0,43.2,44.4,45.6,46.2,47.4,48.6,49.8,51.0,51.6,52.8,54.0
Hanging Knee Raise,U,Core,Core,15.0,16.5,18.0,19.5,21.0,22.5,24.0,25.5,27.0,28.5,30.0,32.25,33.75,36.0,37.5,39.75,41.25,42.75,45.0,46.5,48.75,51.0,53.25,55.5,57.75,60.0,62.25,64.5,66.75,69.0,71.25,72.75,75.0,76.5,78.0,80.25,81.75,83.25,85.5,87.0,88.5,90.75,92.25,93.75,96.0,97.5,7.2,7.8,9.0,9.6,10.2,10.8,12.0,12.6,13.2,14.4,15.0,16.2,17.4,18.6,19.8,21.0,22.2,23.4,24.6,25.8,27.0,28.2,30.0,31.8,33.0,34.2,36.0,37.2,39.0,40.2,42.0,43.2,44.4,45.6,46.8,48.0,49.2,50.4,51.6,52.8,54.0,55.2,56.4,57.6,58.8,60.0
Captain’s Chair Knee Raise,U,Core,Core,15.0,16.5,18.0,19.5,21.0,22.5,24.0,25.5,27.0,28.5,30.0,32.25,33.75,36.0,37.5,39.75,41.25,42.75,45.0,46.5,48.75,51.0,53.25,55.5,57.75,60.0,62.25,64.5,66.75,69.0,71.25,72.75,75.0,76.5,78.0,80.25,81.75,83.25,85.5,87.0,88.5,90.75,92.25,93.75,96.0,97.5,7.2,7.8,9.0,9.6,10.2,10.8,12.0,12.6,13.2,14.4,15.0,16.2,17.4,18.6,19.8,21.0,22.2,23.4,24.6,25.8,27.0,28.2,30.0,31.8,33.0,34.2,36.0,37.2,39.0,40.2,42.0,43.2,44.4,45.6,46.8,48.0,49.2,50.4,51.6,52.8,54.0,55.2,56.4,57.6,58.8,60.0
Captain’s Chair Leg Raise,U,Core,Core,15.0,16.5,18.0,19.5,21.0,22.5,24.0,25.5,27.0,28.5,30.0,32.25,33.75,36.0,37.5,39.75,41.25,42.75,45.0,46.5,48.75,51.0,53.25,55.5,57.75,60.0,62.25,64.5,66.75,69.0,71.25,72.75,75.0,76.5,78.0,80.25,81.75,83.25,85.5,87.0,88.5,90.75,92.25,93.75,96.0,97.5,7.2,7.8,9.0,9.6,10.2,10.8,12.0,12.6,13.2,14.4,15.0,16.2,17.4,18.6,19.8,21.0,22.2,23.4,24.6,25.8,27.0,28.2,30.0,31.8,33.0,34.2,36.0,37.2,39.0,40.2,42.0,43.2,44.4,45.6,46.8,48.0,49.2,50.4,51.6,52.8,54.0,55.2,56.4,57.6,58.8,60.0
Toes-to-Bar,U,Core,Core,15.0,16.5,18.0,19.5,21.0,22.5,24.0,25.5,27.0,28.5,30.0,32.25,33.75,36.0,37.5,39.75,41.25,42.75,45.0,46.5,48.75,51.0,53.25,55.5,57.75,60.0,62.25,64.5,66.75,69.0,71.25,72.75,75.0,76.5,78.0,80.25,81.75,83.25,85.5,87.0,88.5,90.75,92.25,93.75,96.0,97.5,7.2,7.8,9.0,9.6,10.2,10.8,12.0,12.6,13.2,14.4,15.0,16.2,17.4,18.6,19.8,21.0,22.2,23.4,24.6,25.8,27.0,28.2,30.0,31.8,33.0,34.2,36.0,37.2,39.0,40.2,42.0,43.2,44.4,45.6,46.8,48.0,49.2,50.4,51.6,52.8,54.0,55.2,56.4,57.6,58.8,60.0
Dragon Flag,U,Core,Core,15.0,16.5,18.0,19.5,21.0,22.5,24.0,25.5,27.0,28.5,30.0,32.25,33.75,36.0,37.5,39.75,41.25,42.75,45.0,46.5,48.75,51.0,53.25,55.5,57.75,60.0,62.25,64.5,66.75,69.0,71.25,72.75,75.0,76.5,78.0,80.25,81.75,83.25,85.5,87.0,88.5,90.75,92.25,93.75,96.0,97.5,7.2,7.8,9.0,9.6,10.2,10.8,12.0,12.6,13.2,14.4,15.0,16.2,17.4,18.6,19.8,21.0,22.2,23.4,24.6,25.8,27.0,28.2,30.0,31.8,33.0,34.2,36.0,37.2,39.0,40.2,42.0,43.2,44.4,45.6,46.8,48.0,49.2,50.4,51.6,52.8,54.0,55.2,56.4,57.6,58.8,60.0
Side Plank,U,Core,Core,15.0,16.5,18.0,19.5,21.0,22.5,24.0,25.5,27.0,28.5,30.0,32.25,33.75,36.0,37.5,39.75,41.25,42.75,45.0,46.5,48.75,51.0,53.25,55.5,57.75,60.0,62.25,64.5,66.75,69.0,71.25,72.75,75.0,76.5,78.0,80.25,81.75,83.25,85.5,87.0,88.5,90.75,92.25,93.75,96.0,97.5,7.2,7.8,9.0,9.6,10.2,10.8,12.0,12.6,13.2,14.4,15.0,16.2,17.4,18.6,19.8,21.0,22.2,23.4,24.6,25.8,27.0,28.2,30.0,31.8,33.0,34.2,36.0,37.2,39.0,40.2,42.0,43.2,44.4,45.6,46.8,48.0,49.2,50.4,51.6,52.8,54.0,55.2,56.4,57.6,58.8,60.0
Weighted Plank,W,Core,Core,15.0,16.5,18.0,19.5,21.0,22.5,24.0,25.5,27.0,28.5,30.0,32.25,33.75,36.0,37.5,39.75,41.25,42.75,45.0,46.5,48.75,51.0,53.25,55.5,57.75,60.0,62.25,64.5,66.75,69.0,71.25,72.75,75.0,76.5,78.0,80.25,81.75,83.25,85.5,87.0,88.5,90.75,92.25,93.75,96.0,97.5,7.2,7.8,9.0,9.6,10.2,10.8,12.0,12.6,13.2,14.4,15.0,16.2,17.4,18.6,19.8,21.0,22.2,23.4,24.6,25.8,27.0,28.2,30.0,31.8,33.0,34.2,36.0,37.2,39.0,40.2,42.0,43.2,44.4,45.6,46.8,48.0,49.2,50.4,51.6,52.8,54.0,55.2,56.4,57.6,58.8,60.0
Dead Bug,U,Core,Core,15.0,16.5,18.0,19.5,21.0,22.5,24.0,25.5,27.0,28.5,30.0,32.25,33.75,36.0,37.5,39.75,41.25,42.75,45.0,46.5,48.75,51.0,53.25,55.5,57.75,60.0,62.25,64.5,66.75,69.0,71.25,72.75,75.0,76.5,78.0,80.25,81.75,83.25,85.5,87.0,88.5,90.75,92.25,93.75,96.0,97.5,7.2,7.8,9.0,9.6,10.2,10.8,12.0,12.6,13.2,14.4,15.0,16.2,17.4,18.6,19.8,21.0,22.2,23.4,24.6,25.8,27.0,28.2,30.0,31.8,33.0,34.2,36.0,37.2,39.0,40.2,42.0,43.2,44.4,45.6,46.8,48.0,49.2,50.4,51.6,52.8,54.0,55.2,56.4,57.6,58.8,60.0
Bird Dog,U,Core,Core,15.0,16.5,18.0,19.5,21.0,22.5,24.0,25.5,27.0,28.5,30.0,32.25,33.75,36.0,37.5,39.75,41.25,42.75,45.0,46.5,48.75,51.0,53.25,55.5,57.75,60.0,62.25,64.5,66.75,69.0,71.25,72.75,75.0,76.5,78.0,80.25,81.75,83.25,85.5,87.0,88.5,90.75,92.25,93.75,96.0,97.5,7.2,7.8,9.0,9.6,10.2,10.8,12.0,12.6,13.2,14.4,15.0,16.2,17.4,18.6,19.8,21.0,22.2,23.4,24.6,25.8,27.0,28.2,30.0,31.8,33.0,34.2,36.0,37.2,39.0,40.2,42.0,43.2,44.4,45.6,46.8,48.0,49.2,50.4,51.6,52.8,54.0,55.2,56.4,57.6,58.8,60.0
Hollow Body Hold,U,Core,Core,15.0,16.5,18.0,19.5,21.0,22.5,24.0,25.5,27.0,28.5,30.0,32.25,33.75,36.0,37.5,39.75,41.25,42.75,45.0,46.5,48.75,51.0,53.25,55.5,57.75,60.0,62.25,64.5,66.75,69.0,71.25,72.75,75.0,76.5,78.0,80.25,81.75,83.25,85.5,87.0,88.5,90.75,92.25,93.75,96.0,97.5,7.2,7.8,9.0,9.6,10.2,10.8,12.0,12.6,13.2,14.4,15.0,16.2,17.4,18.6,19.8,21.0,22.2,23.4,24.6,25.8,27.0,28.2,30.0,31.8,33.0,34.2,36.0,37.2,39.0,40.2,42.0,43.2,44.4,45.6,46.8,48.0,49.2,50.4,51.6,52.8,54.0,55.2,56.4,57.6,58.8,60.0
L-Sit,U,Core,Core,15.0,16.5,18.0,19.5,21.0,22.5,24.0,25.5,27.0,28.5,30.0,32.25,33.75,36.0,37.5,39.75,41.25,42.75,45.0,46.5,48.75,51.0,53.25,55.5,57.75,60.0,62.25,64.5,66.75,69.0,71.25,72.75,75.0,76.5,78.0,80.25,81.75,83.25,85.5,87.0,88.5,90.75,92.25,93.75,96.0,97.5,7.2,7.8,9.0,9.6,10.2,10.8,12.0,12.6,13.2,14.4,15.0,16.2,17.4,18.6,19.8,21.0,22.2,23.4,24.6,25.8,27.0,28.2,30.0,31.8,33.0,34.2,36.0,37.2,39.0,40.2,42.0,43.2,44.4,45.6,46.8,48.0,49.2,50.4,51.6,52.8,54.0,55.2,56.4,57.6,58.8,60.0
Mountain Climber,U,Core,Core,15.0,16.5,18.0,19.5,21.0,22.5,24.0,25.5,27.0,28.5,30.0,32.25,33.75,36.0,37.5,39.75,41.25,42.75,45.0,46.5,48.75,51.0,53.25,55.5,57.75,60.0,62.25,64.5,66.75,69.0,71.25,72.75,75.0,76.5,78.0,80.25,81.75,83.25,85.5,87.0,88.5,90.75,92.25,93.75,96.0,97.5,7.2,7.8,9.0,9.6,10.2,10.8,12.0,12.6,13.2,14.4,15.0,16.2,17.4,18.6,19.8,21.0,22.2,23.4,24.6,25.8,27.0,28.2,30.0,31.8,33.0,34.2,36.0,37.2,39.0,40.2,42.0,43.2,44.4,45.6,46.8,48.0,49.2,50.4,51.6,52.8,54.0,55.2,56.4,57.6,58.8,60.0
Cable Side Bend,M,Core,Core,13.5,15.0,16.5,17.25,18.75,20.25,21.75,23.25,24.0,25.5,27.0,28.5,30.0,32.25,33.75,35.25,36.75,39.0,40.5,42.0,43.5,45.75,48.0,50.25,51.75,54.0,56.25,57.75,60.0,62.25,63.75,66.0,67.5,69.0,70.5,72.0,73.5,75.0,76.5,78.0,79.5,81.75,83.25,84.75,86.25,87.75,6.6,7.2,7.8,8.4,9.0,10.2,10.8,11.4,12.0,12.6,13.8,14.4,15.6,16.8,18.0,19.2,19.8,21.0,22.2,23.4,24.6,25.8,27.0,28.2,29.4,31.2,32.4,33.6,34.8,36.6,37.8,39.0,40.2,40.8,42.0,43.2,44.4,45.6,46.2,47.4,48.6,49.8,51.0,51.6,52.8,54.0
Dumbbell Side Bend,D,Core,Core,15.0,16.5,18.0,19.5,21.0,22.5,24.0,25.5,27.0,28.5,30.0,32.25,33.75,36.0,37.5,39.75,41.25,42.75,45.0,46.5,48.75,51.0,53.25,55.5,57.75,60.0,62.25,64.5,66.75,69.0,71.25,72.75,75.0,76.5,78.0,80.25,81.75,83.25,85.5,87.0,88.5,90.75,92.25,93.75,96.0,97.5,7.2,7.8,9.0,9.6,10.2,10.8,12.0,12.6,13.2,14.4,15.0,16.2,17.4,18.6,19.8,21.0,22.2,23.4,24.6,25.8,27.0,28.2,30.0,31.8,33.0,34.2,36.0,37.2,39.0,40.2,42.0,43.2,44.4,45.6,46.8,48.0,49.2,50.4,51.6,52.8,54.0,55.2,56.4,57.6,58.8,60.0
Ab Crunch Machine,M,Core,Core,15.0,16.5,18.0,19.5,21.0,22.5,24.0,25.5,27.0,28.5,30.0,32.25,33.75,36.0,37.5,39.75,41.25,42.75,45.0,46.5,48.75,51.0,53.25,55.5,57.75,60.0,62.25,64.5,66.75,69.0,71.25,72.75,75.0,76.5,78.0,80.25,81.75,83.25,85.5,87.0,88.5,90.75,92.25,93.75,96.0,97.5,7.2,7.8,9.0,9.6,10.2,10.8,12.0,12.6,13.2,14.4,15.0,16.2,17.4,18.6,19.8,21.0,22.2,23.4,24.6,25.8,27.0,28.2,30.0,31.8,33.0,34.2,36.0,37.2,39.0,40.2,42.0,43.2,44.4,45.6,46.8,48.0,49.2,50.4,51.6,52.8,54.0,55.2,56.4,57.6,58.8,60.0
Rotary Torso Machine,M,Core,Core,12.0,13.5,14.25,15.75,17.25,18.0,19.5,21.0,21.75,23.25,24.0,25.5,27.0,28.5,30.75,32.25,33.75,35.25,36.75,38.25,39.75,41.25,43.5,45.0,46.5,48.75,50.25,52.5,54.0,55.5,57.75,59.25,60.75,62.25,63.0,64.5,66.0,67.5,69.0,70.5,72.0,73.5,75.0,76.5,77.25,78.75,6.0,6.6,7.2,7.8,8.4,9.0,9.6,10.2,10.8,11.4,12.0,13.2,14.4,15.0,16.2,16.8,18.0,19.2,19.8,21.0,21.6,23.4,24.6,25.8,27.0,28.2,29.4,30.6,31.8,33.0,34.2,34.8,36.0,37.2,37.8,39.0,39.6,40.8,42.0,42.6,43.8,45.0,45.6,46.8,47.4,48.6
Wrist Curl,D,Pull,Forearms,7.5,8.25,8.26,9.0,9.01,9.02,9.75,10.5,10.51,10.52,11.25,12.0,13.5,15.0,15.75,16.5,18.0,19.5,20.25,21.0,22.5,23.25,24.0,24.75,25.5,26.25,27.0,27.75,28.5,29.25,30.0,30.75,31.5,32.25,33.0,33.75,34.5,35.25,36.0,36.75,37.5,38.25,39.0,39.75,40.5,41.25,3.0,3.6,3.61,4.2,4.21,4.8,4.81,5.4,5.41,6.0,6.01,6.6,7.2,7.8,8.4,9.0,9.6,10.2,10.8,11.4,12.0,12.6,13.2,13.8,14.4,15.0,15.6,16.2,16.8,17.4,18.0,18.6,18.61,19.2,19.8,19.81,20.4,21.0,21.01,21.6,22.2,22.21,22.8,23.4,23.41,24.0
Reverse Wrist Curl,D,Pull,Forearms,7.5,8.25,8.26,9.0,9.01,9.02,9.75,10.5,10.51,10.52,11.25,12.0,13.5,15.0,15.75,16.5,18.0,19.5,20.25,21.0,22.5,23.25,24.0,24.75,25.5,26.25,27.0,27.75,28.5,29.25,30.0,30.75,31.5,32.25,33.0,33.75,34.5,35.25,36.0,36.75,37.5,38.25,39.0,39.75,40.5,41.25,3.0,3.6,3.61,4.2,4.21,4.8,4.81,5.4,5.41,6.0,6.01,6.6,7.2,7.8,8.4,9.0,9.6,10.2,10.8,11.4,12.0,12.6,13.2,13.8,14.4,15.0,15.6,16.2,16.8,17.4,18.0,18.6,18.61,19.2,19.8,19.81,20.4,21.0,21.01,21.6,22.2,22.21,22.8,23.4,23.41,24.0
Dumbbell Wrist Curl,D,Pull,Forearms,7.5,8.25,8.26,9.0,9.01,9.02,9.75,10.5,10.51,10.52,11.25,12.0,13.5,15.0,15.75,16.5,18.0,19.5,20.25,21.0,22.5,23.25,24.0,24.75,25.5,26.25,27.0,27.75,28.5,29.25,30.0,30.75,31.5,32.25,33.0,33.75,34.5,35.25,36.0,36.75,37.5,38.25,39.0,39.75,40.5,41.25,3.0,3.6,3.61,4.2,4.21,4.8,4.81,5.4,5.41,6.0,6.01,6.6,7.2,7.8,8.4,9.0,9.6,10.2,10.8,11.4,12.0,12.6,13.2,13.8,14.4,15.0,15.6,16.2,16.8,17.4,18.0,18.6,18.61,19.2,19.8,19.81,20.4,21.0,21.01,21.6,22.2,22.21,22.8,23.4,23.41,24.0
Behind-the-Back Wrist Curl,D,Pull,Forearms,7.5,8.25,8.26,9.0,9.01,9.02,9.75,10.5,10.51,10.52,11.25,12.0,13.5,15.0,15.75,16.5,18.0,19.5,20.25,21.0,22.5,23.25,24.0,24.75,25.5,26.25,27.0,27.75,28.5,29.25,30.0,30.75,31.5,32.25,33.0,33.75,34.5,35.25,36.0,36.75,37.5,38.25,39.0,39.75,40.5,41.25,3.0,3.6,3.61,4.2,4.21,4.8,4.81,5.4,5.41,6.0,6.01,6.6,7.2,7.8,8.4,9.0,9.6,10.2,10.8,11.4,12.0,12.6,13.2,13.8,14.4,15.0,15.6,16.2,16.8,17.4,18.0,18.6,18.61,19.2,19.8,19.81,20.4,21.0,21.01,21.6,22.2,22.21,22.8,23.4,23.41,24.0
Wrist Roller,B,Pull,Forearms,37.5,41.25,45.0,48.75,52.5,56.25,60.0,63.75,67.5,71.25,75.0,76.5,78.75,80.25,82.5,84.0,86.25,88.5,90.0,92.25,93.75,95.25,97.5,99.0,101.25,103.5,105.0,107.25,108.75,111.0,112.5,114.75,117.75,120.0,122.25,125.25,127.5,129.75,132.75,135.0,137.25,140.25,142.5,144.75,147.75,150.0,18.0,19.2,20.4,21.6,22.8,24.0,25.2,26.4,27.6,28.8,30.0,31.8,33.0,34.2,36.0,37.2,39.0,40.8,42.0,43.2,45.0,47.4,49.2,51.0,53.4,55.8,57.6,60.0,61.8,63.6,66.0,67.2,69.0,70.2,71.4,73.2,74.4,75.6,77.4,78.6,79.8,81.6,82.8,84.0,85.8,87.0
Farmer’s Carry,B,Pull,Forearms,56.25,60.0,63.75,67.5,71.25,75.0,78.75,82.5,86.25,90.0,93.75,97.5,101.25,105.0,108.75,112.5,116.25,120.0,123.75,127.5,131.25,135.0,138.75,142.5,146.25,150.0,153.75,157.5,161.25,165.0,168.75,172.5,176.25,180.0,183.75,187.5,191.25,195.0,198.75,202.5,206.25,210.0,213.75,217.5,221.25,225.0,30.0,32.4,34.8,37.2,39.6,42.0,44.4,46.8,49.2,51.6,54.0,56.4,58.2,60.0,62.4,64.2,66.6,69.0,70.8,73.2,75.0,78.0,81.0,84.0,87.0,90.0,93.0,96.0,99.0,102.0,105.0,106.8,109.2,111.0,112.8,115.2,117.0,118.8,121.2,123.0,124.8,127.2,129.0,130.8,133.2,135.0
Dumbbell Farmer Carry,D,Pull,Forearms,56.25,60.0,63.75,67.5,71.25,75.0,78.75,82.5,86.25,90.0,93.75,97.5,101.25,105.0,108.75,112.5,116.25,120.0,123.75,127.5,131.25,135.0,138.75,142.5,146.25,150.0,153.75,157.5,161.25,165.0,168.75,172.5,176.25,180.0,183.75,187.5,191.25,195.0,198.75,202.5,206.25,210.0,213.75,217.5,221.25,225.0,30.0,32.4,34.8,37.2,39.6,42.0,44.4,46.8,49.2,51.6,54.0,56.4,58.2,60.0,62.4,64.2,66.6,69.0,70.8,73.2,75.0,78.0,81.0,84.0,87.0,90.0,93.0,96.0,99.0,102.0,105.0,106.8,109.2,111.0,112.8,115.2,117.0,118.8,121.2,123.0,124.8,127.2,129.0,130.8,133.2,135.0
Barbell Hold,B,Pull,Forearms,56.25,60.0,63.75,67.5,71.25,75.0,78.75,82.5,86.25,90.0,93.75,97.5,101.25,105.0,108.75,112.5,116.25,120.0,123.75,127.5,131.25,135.0,138.75,142.5,146.25,150.0,153.75,157.5,161.25,165.0,168.75,172.5,176.25,180.0,183.75,187.5,191.25,195.0,198.75,202.5,206.25,210.0,213.75,217.5,221.25,225.0,30.0,32.4,34.8,37.2,39.6,42.0,44.4,46.8,49.2,51.6,54.0,56.4,58.2,60.0,62.4,64.2,66.6,69.0,70.8,73.2,75.0,78.0,81.0,84.0,87.0,90.0,93.0,96.0,99.0,102.0,105.0,106.8,109.2,111.0,112.8,115.2,117.0,118.8,121.2,123.0,124.8,127.2,129.0,130.8,133.2,135.0
Plate Pinch Hold,B,Pull,Forearms,56.25,60.0,63.75,67.5,71.25,75.0,78.75,82.5,86.25,90.0,93.75,97.5,101.25,105.0,108.75,112.5,116.25,120.0,123.75,127.5,131.25,135.0,138.75,142.5,146.25,150.0,153.75,157.5,161.25,165.0,168.75,172.5,176.25,180.0,183.75,187.5,191.25,195.0,198.75,202.5,206.25,210.0,213.75,217.5,221.25,225.0,30.0,32.4,34.8,37.2,39.6,42.0,44.4,46.8,49.2,51.6,54.0,56.4,58.2,60.0,62.4,64.2,66.6,69.0,70.8,73.2,75.0,78.0,81.0,84.0,87.0,90.0,93.0,96.0,99.0,102.0,105.0,106.8,109.2,111.0,112.8,115.2,117.0,118.8,121.2,123.0,124.8,127.2,129.0,130.8,133.2,135.0
Dead Hang,U,Pull,Forearms,15.0,16.5,18.0,19.5,21.0,22.5,24.0,25.5,27.0,28.5,30.0,32.25,33.75,36.0,37.5,39.75,41.25,42.75,45.0,46.5,48.75,51.0,53.25,55.5,57.75,60.0,62.25,64.5,66.75,69.0,71.25,72.75,75.0,76.5,78.0,80.25,81.75,83.25,85.5,87.0,88.5,90.75,92.25,93.75,96.0,97.5,7.2,7.8,9.0,9.6,10.2,10.8,12.0,12.6,13.2,14.4,15.0,16.2,17.4,18.6,19.8,21.0,22.2,23.4,24.6,25.8,27.0,28.2,30.0,31.8,33.0,34.2,36.0,37.2,39.0,40.2,42.0,43.2,44.4,45.6,46.8,48.0,49.2,50.4,51.6,52.8,54.0,55.2,56.4,57.6,58.8,60.0
Towel Hang,U,Pull,Forearms,15.0,16.5,18.0,19.5,21.0,22.5,24.0,25.5,27.0,28.5,30.0,32.25,33.75,36.0,37.5,39.75,41.25,42.75,45.0,46.5,48.75,51.0,53.25,55.5,57.75,60.0,62.25,64.5,66.75,69.0,71.25,72.75,75.0,76.5,78.0,80.25,81.75,83.25,85.5,87.0,88.5,90.75,92.25,93.75,96.0,97.5,7.2,7.8,9.0,9.6,10.2,10.8,12.0,12.6,13.2,14.4,15.0,16.2,17.4,18.6,19.8,21.0,22.2,23.4,24.6,25.8,27.0,28.2,30.0,31.8,33.0,34.2,36.0,37.2,39.0,40.2,42.0,43.2,44.4,45.6,46.8,48.0,49.2,50.4,51.6,52.8,54.0,55.2,56.4,57.6,58.8,60.0
Power Clean,B,Full Body,Full Body,37.5,39.75,41.25,42.75,45.0,46.5,48.75,51.0,52.5,54.0,56.25,59.25,61.5,63.75,66.75,69.75,72.0,75.0,77.25,79.5,82.5,85.5,87.75,90.75,93.0,95.25,98.25,100.5,103.5,106.5,108.75,110.25,112.5,114.0,115.5,117.75,119.25,120.75,123.0,124.5,126.0,128.25,129.75,131.25,133.5,135.0,21.0,22.2,23.4,24.6,25.8,27.0,28.2,29.4,30.6,31.8,33.0,34.8,36.0,37.2,39.0,40.8,42.0,43.8,45.0,46.8,48.0,49.8,51.0,52.8,54.0,55.8,57.0,58.8,60.0,61.8,63.0,64.2,65.4,66.6,67.8,69.0,70.2,71.4,72.6,73.8,75.0,76.2,77.4,78.6,79.8,81.0
Hang Power Clean,B,Full Body,Full Body,15.0,16.5,18.0,19.5,21.0,22.5,24.0,25.5,27.0,28.5,30.0,32.25,33.75,36.0,37.5,39.75,41.25,42.75,45.0,46.5,48.75,51.0,53.25,55.5,57.75,60.0,62.25,64.5,66.75,69.0,71.25,72.75,75.0,76.5,78.0,80.25,81.75,83.25,85.5,87.0,88.5,90.75,92.25,93.75,96.0,97.5,7.2,7.8,9.0,9.6,10.2,10.8,12.0,12.6,13.2,14.4,15.0,16.2,17.4,18.6,19.8,21.0,22.2,23.4,24.6,25.8,27.0,28.2,30.0,31.8,33.0,34.2,36.0,37.2,39.0,40.2,42.0,43.2,44.4,45.6,46.8,48.0,49.2,50.4,51.6,52.8,54.0,55.2,56.4,57.6,58.8,60.0
Clean Pull,B,Full Body,Full Body,37.5,39.75,41.25,42.75,45.0,46.5,48.75,51.0,52.5,54.0,56.25,59.25,61.5,63.75,66.75,69.75,72.0,75.0,77.25,79.5,82.5,85.5,87.75,90.75,93.0,95.25,98.25,100.5,103.5,106.5,108.75,110.25,112.5,114.0,115.5,117.75,119.25,120.75,123.0,124.5,126.0,128.25,129.75,131.25,133.5,135.0,21.0,22.2,23.4,24.6,25.8,27.0,28.2,29.4,30.6,31.8,33.0,34.8,36.0,37.2,39.0,40.8,42.0,43.8,45.0,46.8,48.0,49.8,51.0,52.8,54.0,55.8,57.0,58.8,60.0,61.8,63.0,64.2,65.4,66.6,67.8,69.0,70.2,71.4,72.6,73.8,75.0,76.2,77.4,78.6,79.8,81.0
Snatch-Grip Deadlift,B,Full Body,Full Body,75.0,78.75,82.5,86.25,90.0,93.75,97.5,101.25,105.0,108.75,112.5,116.25,120.0,123.75,127.5,131.25,135.0,138.75,142.5,146.25,150.0,153.75,157.5,161.25,165.0,168.75,172.5,176.25,180.0,183.75,187.5,191.25,195.0,198.75,202.5,206.25,210.0,213.75,217.5,221.25,225.0,228.75,232.5,236.25,240.0,243.75,45.0,46.8,48.0,49.2,51.0,52.8,54.0,55.8,57.0,58.2,60.0,63.0,66.0,69.0,72.0,75.0,78.0,81.0,84.0,87.0,90.0,93.0,96.0,99.0,102.0,105.0,108.0,111.0,114.0,117.0,120.0,121.8,124.2,126.0,127.8,130.2,132.0,133.8,136.2,138.0,139.8,142.2,144.0,145.8,148.2,150.0
Barbell Thruster,B,Full Body,Full Body,37.5,39.75,41.25,42.75,45.0,46.5,48.75,51.0,52.5,54.0,56.25,59.25,61.5,63.75,66.75,69.75,72.0,75.0,77.25,79.5,82.5,85.5,87.75,90.75,93.0,95.25,98.25,100.5,103.5,106.5,108.75,110.25,112.5,114.0,115.5,117.75,119.25,120.75,123.0,124.5,126.0,128.25,129.75,131.25,133.5,135.0,21.0,22.2,23.4,24.6,25.8,27.0,28.2,29.4,30.6,31.8,33.0,34.8,36.0,37.2,39.0,40.8,42.0,43.8,45.0,46.8,48.0,49.8,51.0,52.8,54.0,55.8,57.0,58.8,60.0,61.8,63.0,64.2,65.4,66.6,67.8,69.0,70.2,71.4,72.6,73.8,75.0,76.2,77.4,78.6,79.8,81.0
Dumbbell Thruster,D,Full Body,Full Body,37.5,39.75,41.25,42.75,45.0,46.5,48.75,51.0,52.5,54.0,56.25,59.25,61.5,63.75,66.75,69.75,72.0,75.0,77.25,79.5,82.5,85.5,87.75,90.75,93.0,95.25,98.25,100.5,103.5,106.5,108.75,110.25,112.5,114.0,115.5,117.75,119.25,120.75,123.0,124.5,126.0,128.25,129.75,131.25,133.5,135.0,21.0,22.2,23.4,24.6,25.8,27.0,28.2,29.4,30.6,31.8,33.0,34.8,36.0,37.2,39.0,40.8,42.0,43.8,45.0,46.8,48.0,49.8,51.0,52.8,54.0,55.8,57.0,58.8,60.0,61.8,63.0,64.2,65.4,66.6,67.8,69.0,70.2,71.4,72.6,73.8,75.0,76.2,77.4,78.6,79.8,81.0
Kettlebell Swing,B,Full Body,Full Body,37.5,39.75,41.25,42.75,45.0,46.5,48.75,51.0,52.5,54.0,56.25,59.25,61.5,63.75,66.75,69.75,72.0,75.0,77.25,79.5,82.5,85.5,87.75,90.75,93.0,95.25,98.25,100.5,103.5,106.5,108.75,110.25,112.5,114.0,115.5,117.75,119.25,120.75,123.0,124.5,126.0,128.25,129.75,131.25,133.5,135.0,21.0,22.2,23.4,24.6,25.8,27.0,28.2,29.4,30.6,31.8,33.0,34.8,36.0,37.2,39.0,40.8,42.0,43.8,45.0,46.8,48.0,49.8,51.0,52.8,54.0,55.8,57.0,58.8,60.0,61.8,63.0,64.2,65.4,66.6,67.8,69.0,70.2,71.4,72.6,73.8,75.0,76.2,77.4,78.6,79.8,81.0
Turkish Get-Up,B,Full Body,Full Body,37.5,39.75,41.25,42.75,45.0,46.5,48.75,51.0,52.5,54.0,56.25,59.25,61.5,63.75,66.75,69.75,72.0,75.0,77.25,79.5,82.5,85.5,87.75,90.75,93.0,95.25,98.25,100.5,103.5,106.5,108.75,110.25,112.5,114.0,115.5,117.75,119.25,120.75,123.0,124.5,126.0,128.25,129.75,131.25,133.5,135.0,21.0,22.2,23.4,24.6,25.8,27.0,28.2,29.4,30.6,31.8,33.0,34.8,36.0,37.2,39.0,40.8,42.0,43.8,45.0,46.8,48.0,49.8,51.0,52.8,54.0,55.8,57.0,58.8,60.0,61.8,63.0,64.2,65.4,66.6,67.8,69.0,70.2,71.4,72.6,73.8,75.0,76.2,77.4,78.6,79.8,81.0
Sled Push,B,Full Body,Full Body,37.5,39.75,41.25,42.75,45.0,46.5,48.75,51.0,52.5,54.0,56.25,59.25,61.5,63.75,66.75,69.75,72.0,75.0,77.25,79.5,82.5,85.5,87.75,90.75,93.0,95.25,98.25,100.5,103.5,106.5,108.75,110.25,112.5,114.0,115.5,117.75,119.25,120.75,123.0,124.5,126.0,128.25,129.75,131.25,133.5,135.0,21.0,22.2,23.4,24.6,25.8,27.0,28.2,29.4,30.6,31.8,33.0,34.8,36.0,37.2,39.0,40.8,42.0,43.8,45.0,46.8,48.0,49.8,51.0,52.8,54.0,55.8,57.0,58.8,60.0,61.8,63.0,64.2,65.4,66.6,67.8,69.0,70.2,71.4,72.6,73.8,75.0,76.2,77.4,78.6,79.8,81.0
Sled Drag,B,Full Body,Full Body,37.5,39.75,41.25,42.75,45.0,46.5,48.75,51.0,52.5,54.0,56.25,59.25,61.5,63.75,66.75,69.75,72.0,75.0,77.25,79.5,82.5,85.5,87.75,90.75,93.0,95.25,98.25,100.5,103.5,106.5,108.75,110.25,112.5,114.0,115.5,117.75,119.25,120.75,123.0,124.5,126.0,128.25,129.75,131.25,133.5,135.0,21.0,22.2,23.4,24.6,25.8,27.0,28.2,29.4,30.6,31.8,33.0,34.8,36.0,37.2,39.0,40.8,42.0,43.8,45.0,46.8,48.0,49.8,51.0,52.8,54.0,55.8,57.0,58.8,60.0,61.8,63.0,64.2,65.4,66.6,67.8,69.0,70.2,71.4,72.6,73.8,75.0,76.2,77.4,78.6,79.8,81.0
Battle Ropes,B,Full Body,Full Body,37.5,41.25,45.0,48.75,52.5,56.25,60.0,63.75,67.5,71.25,75.0,76.5,78.75,80.25,82.5,84.0,86.25,88.5,90.0,92.25,93.75,95.25,97.5,99.0,101.25,103.5,105.0,107.25,108.75,111.0,112.5,114.75,117.75,120.0,122.25,125.25,127.5,129.75,132.75,135.0,137.25,140.25,142.5,144.75,147.75,150.0,18.0,19.2,20.4,21.6,22.8,24.0,25.2,26.4,27.6,28.8,30.0,31.8,33.0,34.2,36.0,37.2,39.0,40.8,42.0,43.2,45.0,47.4,49.2,51.0,53.4,55.8,57.6,60.0,61.8,63.6,66.0,67.2,69.0,70.2,71.4,73.2,74.4,75.6,77.4,78.6,79.8,81.6,82.8,84.0,85.8,87.0
Cable Crossover,M,Push,Chest,17.25,18.0,19.5,21.0,22.5,24.0,24.75,26.25,27.75,29.25,30.75,32.25,33.75,35.25,36.75,39.0,40.5,42.0,43.5,45.75,47.25,49.5,51.0,53.25,55.5,57.75,59.25,61.5,63.75,65.25,67.5,69.0,70.5,71.25,72.75,74.25,75.75,77.25,78.0,79.5,81.0,82.5,84.0,84.75,86.25,87.75,8.4,9.0,9.6,10.8,11.4,12.0,13.2,13.8,14.4,15.6,16.2,17.4,18.6,19.2,20.4,21.6,22.8,24.0,24.6,25.8,27.0,28.2,29.4,30.0,31.2,32.4,33.6,34.8,35.4,36.6,37.8,38.4,39.0,40.2,40.8,41.4,42.0,42.6,43.8,44.4,45.0,45.6,46.2,47.4,48.0,48.6
Standing Cable Crossover,M,Push,Chest,17.25,18.0,19.5,21.0,22.5,24.0,24.75,26.25,27.75,29.25,30.75,32.25,33.75,35.25,36.75,39.0,40.5,42.0,43.5,45.75,47.25,49.5,51.0,53.25,55.5,57.75,59.25,61.5,63.75,65.25,67.5,69.0,70.5,71.25,72.75,74.25,75.75,77.25,78.0,79.5,81.0,82.5,84.0,84.75,86.25,87.75,8.4,9.0,9.6,10.8,11.4,12.0,13.2,13.8,14.4,15.6,16.2,17.4,18.6,19.2,20.4,21.6,22.8,24.0,24.6,25.8,27.0,28.2,29.4,30.0,31.2,32.4,33.6,34.8,35.4,36.6,37.8,38.4,39.0,40.2,40.8,41.4,42.0,42.6,43.8,44.4,45.0,45.6,46.2,47.4,48.0,48.6
Machine Incline Press,M,Push,Chest,30.75,32.25,33.75,35.25,36.75,38.25,39.75,41.25,42.75,44.25,45.75,47.25,48.75,50.25,51.75,53.25,54.75,56.25,57.75,59.25,60.75,63.75,66.75,69.75,72.75,75.75,78.75,81.75,84.75,87.75,91.5,93.0,95.25,97.5,99.0,101.25,103.5,105.0,107.25,109.5,111.75,113.25,115.5,117.75,119.25,121.5,12.0,13.2,14.4,15.6,16.8,18.0,19.2,20.4,21.6,22.8,24.6,25.8,27.0,28.2,29.4,30.6,31.8,33.0,34.2,35.4,36.6,38.4,39.6,41.4,43.2,45.0,46.8,48.6,49.8,51.6,53.4,54.6,55.8,57.0,58.2,59.4,60.0,61.2,62.4,63.6,64.8,66.0,67.2,68.4,69.6,70.8
Converging Chest Press,M,Push,Chest,33.75,35.25,36.75,39.0,40.5,42.0,43.5,45.75,47.25,48.75,51.0,52.5,54.0,55.5,57.75,59.25,60.75,62.25,63.75,66.0,67.5,71.25,74.25,78.0,81.0,84.0,87.75,91.5,94.5,98.25,101.25,103.5,105.75,108.0,110.25,112.5,114.75,117.0,119.25,121.5,123.75,126.0,128.25,130.5,132.75,135.0,13.8,15.0,16.2,17.4,19.2,20.4,21.6,22.8,24.6,25.8,27.0,28.2,29.4,31.2,32.4,33.6,34.8,36.6,37.8,39.0,40.8,42.6,44.4,46.2,48.0,49.8,51.6,54.0,55.8,57.6,59.4,60.6,61.8,63.0,64.2,65.4,67.2,68.4,69.6,70.8,72.0,73.2,74.4,75.6,76.8,78.0
Iso-Lateral Chest Press,M,Push,Chest,33.75,35.25,36.75,39.0,40.5,42.0,43.5,45.75,47.25,48.75,51.0,52.5,54.0,55.5,57.75,59.25,60.75,62.25,63.75,66.0,67.5,71.25,74.25,78.0,81.0,84.0,87.75,91.5,94.5,98.25,101.25,103.5,105.75,108.0,110.25,112.5,114.75,117.0,119.25,121.5,123.75,126.0,128.25,130.5,132.75,135.0,13.8,15.0,16.2,17.4,19.2,20.4,21.6,22.8,24.6,25.8,27.0,28.2,29.4,31.2,32.4,33.6,34.8,36.6,37.8,39.0,40.8,42.6,44.4,46.2,48.0,49.8,51.6,54.0,55.8,57.6,59.4,60.6,61.8,63.0,64.2,65.4,67.2,68.4,69.6,70.8,72.0,73.2,74.4,75.6,76.8,78.0
Cable Lateral Raise (Behind Body),M,Push,Shoulders,5.25,6.0,6.01,6.75,7.5,7.51,8.25,9.0,9.01,9.75,10.5,10.51,11.25,12.0,12.75,13.5,14.25,15.0,15.75,16.5,17.25,17.26,18.0,18.75,19.5,20.25,21.0,21.75,22.5,23.25,24.0,24.01,24.75,25.5,26.25,27.0,27.75,28.5,29.25,30.0,30.75,30.76,31.5,32.25,33.0,33.75,2.4,2.41,2.42,3.0,3.01,3.02,3.6,3.61,3.62,4.2,4.21,4.8,4.81,5.4,6.0,6.01,6.6,7.2,7.21,7.8,8.4,8.41,9.0,9.01,9.6,10.2,10.21,10.8,11.4,11.41,12.0,12.01,12.6,13.2,13.21,13.8,13.81,14.4,15.0,15.01,15.6,15.61,16.2,16.8,16.81,17.4
Cable Lateral Raise (Lean-Away),M,Push,Shoulders,5.25,6.0,6.01,6.75,7.5,7.51,8.25,9.0,9.01,9.75,10.5,10.51,11.25,12.0,12.75,13.5,14.25,15.0,15.75,16.5,17.25,17.26,18.0,18.75,19.5,20.25,21.0,21.75,22.5,23.25,24.0,24.01,24.75,25.5,26.25,27.0,27.75,28.5,29.25,30.0,30.75,30.76,31.5,32.25,33.0,33.75,2.4,2.41,2.42,3.0,3.01,3.02,3.6,3.61,3.62,4.2,4.21,4.8,4.81,5.4,6.0,6.01,6.6,7.2,7.21,7.8,8.4,8.41,9.0,9.01,9.6,10.2,10.21,10.8,11.4,11.41,12.0,12.01,12.6,13.2,13.21,13.8,13.81,14.4,15.0,15.01,15.6,15.61,16.2,16.8,16.81,17.4
Machine Reverse Fly,M,Push,Shoulders,6.0,6.75,7.5,8.25,8.26,9.0,9.75,10.5,11.25,11.26,12.0,12.75,14.25,15.0,15.75,16.5,17.25,18.75,19.5,20.25,21.0,22.5,23.25,24.0,24.75,25.5,27.0,27.75,28.5,29.25,30.75,31.5,32.25,33.0,33.75,34.5,35.25,36.0,36.75,37.5,38.25,39.0,39.75,41.25,42.0,42.75,2.4,2.41,3.0,3.01,3.6,3.61,4.2,4.21,4.22,4.8,4.81,5.4,6.0,6.6,7.2,7.8,8.4,9.0,9.6,10.2,10.8,11.4,12.0,12.6,13.2,13.8,14.4,15.0,15.6,16.2,16.8,17.4,18.0,18.6,19.2,19.21,19.8,20.4,21.0,21.6,21.61,22.2,22.8,23.4,24.0,24.6
Rear Delt Cable Crossover,M,Push,Shoulders,6.75,7.5,8.25,9.0,9.75,10.5,10.51,11.25,12.0,12.75,13.5,14.25,15.75,16.5,17.25,18.75,19.5,20.25,21.75,22.5,24.0,24.75,25.5,27.0,27.75,28.5,30.0,30.75,31.5,33.0,33.75,34.5,35.25,36.75,37.5,38.25,39.0,39.75,41.25,42.0,42.75,43.5,44.25,45.75,46.5,47.25,2.4,3.0,3.01,3.6,3.61,4.2,4.21,4.8,4.81,5.4,5.41,6.0,6.6,7.2,7.8,8.4,9.0,10.2,10.8,11.4,12.0,12.6,13.2,13.8,14.4,15.6,16.2,16.8,17.4,18.0,19.2,19.21,19.8,20.4,21.0,21.6,22.2,22.8,23.4,24.0,24.6,24.61,25.2,25.8,26.4,27.0
Face Pull (Rope),M,Push,Shoulders,6.75,7.5,8.25,9.0,9.75,10.5,10.51,11.25,12.0,12.75,13.5,14.25,15.75,16.5,17.25,18.75,19.5,20.25,21.75,22.5,24.0,24.75,25.5,27.0,27.75,28.5,30.0,30.75,31.5,33.0,33.75,34.5,35.25,36.75,37.5,38.25,39.0,39.75,41.25,42.0,42.75,43.5,44.25,45.75,46.5,47.25,2.4,3.0,3.01,3.6,3.61,4.2,4.21,4.8,4.81,5.4,5.41,6.0,6.6,7.2,7.8,8.4,9.0,10.2,10.8,11.4,12.0,12.6,13.2,13.8,14.4,15.6,16.2,16.8,17.4,18.0,19.2,19.21,19.8,20.4,21.0,21.6,22.2,22.8,23.4,24.0,24.6,24.61,25.2,25.8,26.4,27.0
Cable External Rotation,M,Push,Shoulders,6.75,7.5,8.25,9.0,9.75,10.5,10.51,11.25,12.0,12.75,13.5,14.25,15.75,16.5,17.25,18.75,19.5,20.25,21.75,22.5,24.0,24.75,25.5,27.0,27.75,28.5,30.0,30.75,31.5,33.0,33.75,34.5,35.25,36.75,37.5,38.25,39.0,39.75,41.25,42.0,42.75,43.5,44.25,45.75,46.5,47.25,2.4,3.0,3.01,3.6,3.61,4.2,4.21,4.8,4.81,5.4,5.41,6.0,6.6,7.2,7.8,8.4,9.0,10.2,10.8,11.4,12.0,12.6,13.2,13.8,14.4,15.6,16.2,16.8,17.4,18.0,19.2,19.21,19.8,20.4,21.0,21.6,22.2,22.8,23.4,24.0,24.6,24.61,25.2,25.8,26.4,27.0
Dumbbell External Rotation,D,Push,Shoulders,7.5,8.25,9.0,9.75,10.5,11.25,12.0,12.75,13.5,14.25,15.0,15.75,17.25,18.0,19.5,21.0,21.75,22.5,24.0,24.75,26.25,27.0,28.5,29.25,30.75,31.5,33.0,34.5,35.25,36.0,37.5,38.25,39.75,40.5,41.25,42.75,43.5,44.25,45.75,46.5,47.25,48.75,49.5,50.25,51.75,52.5,3.0,3.6,3.61,4.2,4.21,4.8,4.81,5.4,5.41,6.0,6.01,6.6,7.2,8.4,9.0,9.6,10.2,10.8,12.0,12.6,13.2,13.8,15.0,15.6,16.2,16.8,18.0,18.6,19.2,20.4,21.0,21.6,22.2,22.8,23.4,24.0,24.6,25.2,25.8,26.4,27.0,27.6,28.2,28.8,29.4,30.0
Dual-Cable Curl,M,Pull,Biceps,17.25,18.0,18.75,20.25,21.0,21.75,23.25,24.0,24.75,26.25,27.0,28.5,30.0,30.75,32.25,33.75,35.25,36.75,37.5,39.0,40.5,42.0,43.5,44.25,45.75,47.25,48.75,50.25,51.0,52.5,54.0,54.75,56.25,57.75,58.5,59.25,60.75,61.5,63.0,63.75,65.25,66.75,67.5,68.25,69.75,70.5,5.4,6.0,7.2,7.8,8.4,9.6,10.2,10.8,12.0,12.6,13.8,14.4,15.0,16.2,16.8,17.4,18.6,19.2,19.8,21.0,21.6,22.2,23.4,24.0,24.6,25.8,26.4,27.0,28.2,28.8,29.4,30.6,31.2,31.8,32.4,33.6,34.2,34.8,35.4,36.0,36.6,37.8,38.4,39.0,39.6,40.8
Cable Preacher Curl,M,Pull,Biceps,17.25,18.0,18.75,20.25,21.0,21.75,23.25,24.0,24.75,26.25,27.0,28.5,30.0,30.75,32.25,33.75,35.25,36.75,37.5,39.0,40.5,42.0,43.5,44.25,45.75,47.25,48.75,50.25,51.0,52.5,54.0,54.75,56.25,57.75,58.5,59.25,60.75,61.5,63.0,63.75,65.25,66.75,67.5,68.25,69.75,70.5,5.4,6.0,7.2,7.8,8.4,9.6,10.2,10.8,12.0,12.6,13.8,14.4,15.0,16.2,16.8,17.4,18.6,19.2,19.8,21.0,21.6,22.2,23.4,24.0,24.6,25.8,26.4,27.0,28.2,28.8,29.4,30.6,31.2,31.8,32.4,33.6,34.2,34.8,35.4,36.0,36.6,37.8,38.4,39.0,39.6,40.8
Machine Preacher Curl,M,Pull,Biceps,15.0,16.5,17.25,18.0,18.75,19.5,21.0,21.75,22.5,23.25,24.0,25.5,27.0,27.75,29.25,30.75,31.5,33.0,33.75,35.25,36.75,37.5,39.0,39.75,41.25,42.75,43.5,45.0,46.5,47.25,48.75,49.5,51.0,51.75,52.5,54.0,54.75,55.5,57.0,57.75,58.5,60.0,60.75,61.5,63.0,63.75,4.8,5.4,6.6,7.2,7.8,8.4,9.0,10.2,10.8,11.4,12.0,13.2,13.8,14.4,15.0,15.6,16.8,17.4,18.0,18.6,19.2,20.4,21.0,21.6,22.2,23.4,24.0,24.6,25.2,25.8,27.0,27.6,28.2,28.8,29.4,30.0,30.6,31.2,31.8,32.4,33.0,33.6,34.8,35.4,36.0,36.6
EZ-Bar Preacher Curl,B,Pull,Biceps,18.75,20.25,21.0,21.75,23.25,24.75,25.5,27.0,27.75,29.25,30.0,31.5,33.0,34.5,36.0,37.5,39.0,40.5,42.0,43.5,45.0,46.5,48.0,49.5,51.0,52.5,54.0,55.5,57.0,58.5,60.0,61.5,62.25,63.75,65.25,66.0,67.5,69.0,69.75,71.25,72.75,73.5,75.0,76.5,77.25,78.75,6.0,7.2,7.8,9.0,9.6,10.2,11.4,12.6,13.2,13.8,15.0,16.2,16.8,17.4,18.6,19.8,20.4,21.6,22.2,23.4,24.0,25.2,25.8,27.0,27.6,28.8,29.4,30.6,31.2,32.4,33.0,33.6,34.8,35.4,36.0,37.2,37.8,38.4,39.6,40.2,40.8,42.0,42.6,43.2,44.4,45.0
Single-Arm Preacher Curl,M,Pull,Biceps,15.0,15.75,16.5,17.25,18.75,19.5,20.25,21.0,21.75,23.25,24.0,24.75,26.25,27.0,28.5,30.0,30.75,32.25,33.0,34.5,35.25,36.75,38.25,39.0,40.5,41.25,42.75,44.25,45.0,46.5,47.25,48.75,49.5,50.25,51.75,52.5,53.25,54.75,55.5,56.25,57.75,58.5,59.25,60.75,61.5,62.25,4.8,5.4,6.0,6.6,7.8,8.4,9.0,9.6,10.2,11.4,12.0,12.6,13.2,13.8,15.0,15.6,16.2,16.8,17.4,18.6,19.2,19.8,20.4,21.0,21.6,22.8,23.4,24.0,24.6,25.2,26.4,27.0,27.6,28.2,28.8,29.4,30.0,30.6,31.2,31.8,32.4,33.0,33.6,34.2,34.8,35.4
Standing Cable Chest Press,M,Push,Chest,33.75,35.25,36.75,39.0,40.5,42.0,43.5,45.75,47.25,48.75,51.0,52.5,54.0,55.5,57.75,59.25,60.75,62.25,63.75,66.0,67.5,71.25,74.25,78.0,81.0,84.0,87.75,91.5,94.5,98.25,101.25,103.5,105.75,108.0,110.25,112.5,114.75,117.0,119.25,121.5,123.75,126.0,128.25,130.5,132.75,135.0,13.8,15.0,16.2,17.4,19.2,20.4,21.6,22.8,24.6,25.8,27.0,28.2,29.4,31.2,32.4,33.6,34.8,36.6,37.8,39.0,40.8,42.6,44.4,46.2,48.0,49.8,51.6,54.0,55.8,57.6,59.4,60.6,61.8,63.0,64.2,65.4,67.2,68.4,69.6,70.8,72.0,73.2,74.4,75.6,76.8,78.0
Single-Arm Standing Cable Chest Press,M,Push,Chest,30.0,31.5,33.0,34.5,36.0,36.75,38.25,39.75,41.25,42.75,44.25,45.75,47.25,48.75,50.25,51.75,53.25,54.75,56.25,57.75,59.25,62.25,65.25,68.25,71.25,74.25,77.25,80.25,83.25,86.25,89.25,90.75,93.0,95.25,96.75,99.0,101.25,102.75,105.0,107.25,108.75,111.0,112.5,114.75,117.0,118.5,12.0,13.2,14.4,15.6,16.8,18.0,19.2,20.4,21.6,22.8,24.0,25.2,26.4,27.6,28.8,29.4,30.6,31.8,33.0,34.2,35.4,37.2,39.0,40.8,42.0,43.8,45.6,47.4,49.2,50.4,52.2,53.4,54.6,55.8,56.4,57.6,58.8,60.0,61.2,62.4,63.6,64.2,65.4,66.6,67.8,69.0
Seated Cable Chest Press,M,Push,Chest,33.75,35.25,36.75,39.0,40.5,42.0,43.5,45.75,47.25,48.75,51.0,52.5,54.0,55.5,57.75,59.25,60.75,62.25,63.75,66.0,67.5,71.25,74.25,78.0,81.0,84.0,87.75,91.5,94.5,98.25,101.25,103.5,105.75,108.0,110.25,112.5,114.75,117.0,119.25,121.5,123.75,126.0,128.25,130.5,132.75,135.0,13.8,15.0,16.2,17.4,19.2,20.4,21.6,22.8,24.6,25.8,27.0,28.2,29.4,31.2,32.4,33.6,34.8,36.6,37.8,39.0,40.8,42.6,44.4,46.2,48.0,49.8,51.6,54.0,55.8,57.6,59.4,60.6,61.8,63.0,64.2,65.4,67.2,68.4,69.6,70.8,72.0,73.2,74.4,75.6,76.8,78.0
Single-Arm Seated Cable Chest Press,M,Push,Chest,30.0,31.5,33.0,34.5,36.0,36.75,38.25,39.75,41.25,42.75,44.25,45.75,47.25,48.75,50.25,51.75,53.25,54.75,56.25,57.75,59.25,62.25,65.25,68.25,71.25,74.25,77.25,80.25,83.25,86.25,89.25,90.75,93.0,95.25,96.75,99.0,101.25,102.75,105.0,107.25,108.75,111.0,112.5,114.75,117.0,118.5,12.0,13.2,14.4,15.6,16.8,18.0,19.2,20.4,21.6,22.8,24.0,25.2,26.4,27.6,28.8,29.4,30.6,31.8,33.0,34.2,35.4,37.2,39.0,40.8,42.0,43.8,45.6,47.4,49.2,50.4,52.2,53.4,54.6,55.8,56.4,57.6,58.8,60.0,61.2,62.4,63.6,64.2,65.4,66.6,67.8,69.0
Incline Cable Chest Press,M,Push,Chest,33.75,35.25,36.75,39.0,40.5,42.0,43.5,45.75,47.25,48.75,51.0,52.5,54.0,55.5,57.75,59.25,60.75,62.25,63.75,66.0,67.5,71.25,74.25,78.0,81.0,84.0,87.75,91.5,94.5,98.25,101.25,103.5,105.75,108.0,110.25,112.5,114.75,117.0,119.25,121.5,123.75,126.0,128.25,130.5,132.75,135.0,13.8,15.0,16.2,17.4,19.2,20.4,21.6,22.8,24.6,25.8,27.0,28.2,29.4,31.2,32.4,33.6,34.8,36.6,37.8,39.0,40.8,42.6,44.4,46.2,48.0,49.8,51.6,54.0,55.8,57.6,59.4,60.6,61.8,63.0,64.2,65.4,67.2,68.4,69.6,70.8,72.0,73.2,74.4,75.6,76.8,78.0
Decline Cable Chest Press,M,Push,Chest,33.75,35.25,36.75,39.0,40.5,42.0,43.5,45.75,47.25,48.75,51.0,52.5,54.0,55.5,57.75,59.25,60.75,62.25,63.75,66.0,67.5,71.25,74.25,78.0,81.0,84.0,87.75,91.5,94.5,98.25,101.25,103.5,105.75,108.0,110.25,112.5,114.75,117.0,119.25,121.5,123.75,126.0,128.25,130.5,132.75,135.0,13.8,15.0,16.2,17.4,19.2,20.4,21.6,22.8,24.6,25.8,27.0,28.2,29.4,31.2,32.4,33.6,34.8,36.6,37.8,39.0,40.8,42.6,44.4,46.2,48.0,49.8,51.6,54.0,55.8,57.6,59.4,60.6,61.8,63.0,64.2,65.4,67.2,68.4,69.6,70.8,72.0,73.2,74.4,75.6,76.8,78.0
Split-Stance Cable Chest Press,M,Push,Chest,33.75,35.25,36.75,39.0,40.5,42.0,43.5,45.75,47.25,48.75,51.0,52.5,54.0,55.5,57.75,59.25,60.75,62.25,63.75,66.0,67.5,71.25,74.25,78.0,81.0,84.0,87.75,91.5,94.5,98.25,101.25,103.5,105.75,108.0,110.25,112.5,114.75,117.0,119.25,121.5,123.75,126.0,128.25,130.5,132.75,135.0,13.8,15.0,16.2,17.4,19.2,20.4,21.6,22.8,24.6,25.8,27.0,28.2,29.4,31.2,32.4,33.6,34.8,36.6,37.8,39.0,40.8,42.6,44.4,46.2,48.0,49.8,51.6,54.0,55.8,57.6,59.4,60.6,61.8,63.0,64.2,65.4,67.2,68.4,69.6,70.8,72.0,73.2,74.4,75.6,76.8,78.0
Alternating Cable Chest Press,M,Push,Chest,30.0,31.5,33.0,34.5,36.0,36.75,38.25,39.75,41.25,42.75,44.25,45.75,47.25,48.75,50.25,51.75,53.25,54.75,56.25,57.75,59.25,62.25,65.25,68.25,71.25,74.25,77.25,80.25,83.25,86.25,89.25,90.75,93.0,95.25,96.75,99.0,101.25,102.75,105.0,107.25,108.75,111.0,112.5,114.75,117.0,118.5,12.0,13.2,14.4,15.6,16.8,18.0,19.2,20.4,21.6,22.8,24.0,25.2,26.4,27.6,28.8,29.4,30.6,31.8,33.0,34.2,35.4,37.2,39.0,40.8,42.0,43.8,45.6,47.4,49.2,50.4,52.2,53.4,54.6,55.8,56.4,57.6,58.8,60.0,61.2,62.4,63.6,64.2,65.4,66.6,67.8,69.0
Mid-Height Cable Fly,M,Push,Chest,17.25,18.0,19.5,21.0,22.5,24.0,24.75,26.25,27.75,29.25,30.75,32.25,33.75,35.25,36.75,39.0,40.5,42.0,43.5,45.75,47.25,49.5,51.0,53.25,55.5,57.75,59.25,61.5,63.75,65.25,67.5,69.0,70.5,71.25,72.75,74.25,75.75,77.25,78.0,79.5,81.0,82.5,84.0,84.75,86.25,87.75,8.4,9.0,9.6,10.8,11.4,12.0,13.2,13.8,14.4,15.6,16.2,17.4,18.6,19.2,20.4,21.6,22.8,24.0,24.6,25.8,27.0,28.2,29.4,30.0,31.2,32.4,33.6,34.8,35.4,36.6,37.8,38.4,39.0,40.2,40.8,41.4,42.0,42.6,43.8,44.4,45.0,45.6,46.2,47.4,48.0,48.6
Single-Arm Cable Fly,M,Push,Chest,15.0,15.75,17.25,18.75,19.5,21.0,21.75,23.25,24.0,25.5,27.0,28.5,30.0,31.5,33.0,34.5,35.25,36.75,38.25,39.75,41.25,43.5,45.0,47.25,48.75,50.25,52.5,54.0,55.5,57.75,59.25,60.75,61.5,63.0,64.5,65.25,66.75,67.5,69.0,69.75,71.25,72.75,73.5,75.0,75.75,77.25,7.2,7.8,8.4,9.0,10.2,10.8,11.4,12.0,12.6,13.8,14.4,15.0,16.2,17.4,18.0,19.2,19.8,21.0,21.6,22.8,24.0,24.6,25.8,26.4,27.6,28.8,29.4,30.6,31.2,32.4,33.0,33.6,34.8,35.4,36.0,36.6,37.2,37.8,38.4,39.0,39.6,40.2,40.8,41.4,42.0,42.6
Standing Single-Arm Cable Fly,M,Push,Chest,15.0,15.75,17.25,18.75,19.5,21.0,21.75,23.25,24.0,25.5,27.0,28.5,30.0,31.5,33.0,34.5,35.25,36.75,38.25,39.75,41.25,43.5,45.0,47.25,48.75,50.25,52.5,54.0,55.5,57.75,59.25,60.75,61.5,63.0,64.5,65.25,66.75,67.5,69.0,69.75,71.25,72.75,73.5,75.0,75.75,77.25,7.2,7.8,8.4,9.0,10.2,10.8,11.4,12.0,12.6,13.8,14.4,15.0,16.2,17.4,18.0,19.2,19.8,21.0,21.6,22.8,24.0,24.6,25.8,26.4,27.6,28.8,29.4,30.6,31.2,32.4,33.0,33.6,34.8,35.4,36.0,36.6,37.2,37.8,38.4,39.0,39.6,40.2,40.8,41.4,42.0,42.6
Seated Cable Fly,M,Push,Chest,17.25,18.0,19.5,21.0,22.5,24.0,24.75,26.25,27.75,29.25,30.75,32.25,33.75,35.25,36.75,39.0,40.5,42.0,43.5,45.75,47.25,49.5,51.0,53.25,55.5,57.75,59.25,61.5,63.75,65.25,67.5,69.0,70.5,71.25,72.75,74.25,75.75,77.25,78.0,79.5,81.0,82.5,84.0,84.75,86.25,87.75,8.4,9.0,9.6,10.8,11.4,12.0,13.2,13.8,14.4,15.6,16.2,17.4,18.6,19.2,20.4,21.6,22.8,24.0,24.6,25.8,27.0,28.2,29.4,30.0,31.2,32.4,33.6,34.8,35.4,36.6,37.8,38.4,39.0,40.2,40.8,41.4,42.0,42.6,43.8,44.4,45.0,45.6,46.2,47.4,48.0,48.6
Low Cable Crossover,M,Push,Chest,17.25,18.0,19.5,21.0,22.5,24.0,24.75,26.25,27.75,29.25,30.75,32.25,33.75,35.25,36.75,39.0,40.5,42.0,43.5,45.75,47.25,49.5,51.0,53.25,55.5,57.75,59.25,61.5,63.75,65.25,67.5,69.0,70.5,71.25,72.75,74.25,75.75,77.25,78.0,79.5,81.0,82.5,84.0,84.75,86.25,87.75,8.4,9.0,9.6,10.8,11.4,12.0,13.2,13.8,14.4,15.6,16.2,17.4,18.6,19.2,20.4,21.6,22.8,24.0,24.6,25.8,27.0,28.2,29.4,30.0,31.2,32.4,33.6,34.8,35.4,36.6,37.8,38.4,39.0,40.2,40.8,41.4,42.0,42.6,43.8,44.4,45.0,45.6,46.2,47.4,48.0,48.6
High Cable Crossover,M,Push,Chest,17.25,18.0,19.5,21.0,22.5,24.0,24.75,26.25,27.75,29.25,30.75,32.25,33.75,35.25,36.75,39.0,40.5,42.0,43.5,45.75,47.25,49.5,51.0,53.25,55.5,57.75,59.25,61.5,63.75,65.25,67.5,69.0,70.5,71.25,72.75,74.25,75.75,77.25,78.0,79.5,81.0,82.5,84.0,84.75,86.25,87.75,8.4,9.0,9.6,10.8,11.4,12.0,13.2,13.8,14.4,15.6,16.2,17.4,18.6,19.2,20.4,21.6,22.8,24.0,24.6,25.8,27.0,28.2,29.4,30.0,31.2,32.4,33.6,34.8,35.4,36.6,37.8,38.4,39.0,40.2,40.8,41.4,42.0,42.6,43.8,44.4,45.0,45.6,46.2,47.4,48.0,48.6
Single-Arm Cable Crossover,M,Push,Chest,15.0,15.75,17.25,18.75,19.5,21.0,21.75,23.25,24.0,25.5,27.0,28.5,30.0,31.5,33.0,34.5,35.25,36.75,38.25,39.75,41.25,43.5,45.0,47.25,48.75,50.25,52.5,54.0,55.5,57.75,59.25,60.75,61.5,63.0,64.5,65.25,66.75,67.5,69.0,69.75,71.25,72.75,73.5,75.0,75.75,77.25,7.2,7.8,8.4,9.0,10.2,10.8,11.4,12.0,12.6,13.8,14.4,15.0,16.2,17.4,18.0,19.2,19.8,21.0,21.6,22.8,24.0,24.6,25.8,26.4,27.6,28.8,29.4,30.6,31.2,32.4,33.0,33.6,34.8,35.4,36.0,36.6,37.2,37.8,38.4,39.0,39.6,40.2,40.8,41.4,42.0,42.6
Cable Squeeze Press,M,Push,Chest,33.75,35.25,36.75,39.0,40.5,42.0,43.5,45.75,47.25,48.75,51.0,52.5,54.0,55.5,57.75,59.25,60.75,62.25,63.75,66.0,67.5,71.25,74.25,78.0,81.0,84.0,87.75,91.5,94.5,98.25,101.25,103.5,105.75,108.0,110.25,112.5,114.75,117.0,119.25,121.5,123.75,126.0,128.25,130.5,132.75,135.0,13.8,15.0,16.2,17.4,19.2,20.4,21.6,22.8,24.6,25.8,27.0,28.2,29.4,31.2,32.4,33.6,34.8,36.6,37.8,39.0,40.8,42.6,44.4,46.2,48.0,49.8,51.6,54.0,55.8,57.6,59.4,60.6,61.8,63.0,64.2,65.4,67.2,68.4,69.6,70.8,72.0,73.2,74.4,75.6,76.8,78.0
Cable Press-Around,M,Push,Chest,33.75,35.25,36.75,39.0,40.5,42.0,43.5,45.75,47.25,48.75,51.0,52.5,54.0,55.5,57.75,59.25,60.75,62.25,63.75,66.0,67.5,71.25,74.25,78.0,81.0,84.0,87.75,91.5,94.5,98.25,101.25,103.5,105.75,108.0,110.25,112.5,114.75,117.0,119.25,121.5,123.75,126.0,128.25,130.5,132.75,135.0,13.8,15.0,16.2,17.4,19.2,20.4,21.6,22.8,24.6,25.8,27.0,28.2,29.4,31.2,32.4,33.6,34.8,36.6,37.8,39.0,40.8,42.6,44.4,46.2,48.0,49.8,51.6,54.0,55.8,57.6,59.4,60.6,61.8,63.0,64.2,65.4,67.2,68.4,69.6,70.8,72.0,73.2,74.4,75.6,76.8,78.0
Standing Cable Pec Fly,M,Push,Chest,17.25,18.0,19.5,21.0,22.5,24.0,24.75,26.25,27.75,29.25,30.75,32.25,33.75,35.25,36.75,39.0,40.5,42.0,43.5,45.75,47.25,49.5,51.0,53.25,55.5,57.75,59.25,61.5,63.75,65.25,67.5,69.0,70.5,71.25,72.75,74.25,75.75,77.25,78.0,79.5,81.0,82.5,84.0,84.75,86.25,87.75,8.4,9.0,9.6,10.8,11.4,12.0,13.2,13.8,14.4,15.6,16.2,17.4,18.6,19.2,20.4,21.6,22.8,24.0,24.6,25.8,27.0,28.2,29.4,30.0,31.2,32.4,33.6,34.8,35.4,36.6,37.8,38.4,39.0,40.2,40.8,41.4,42.0,42.6,43.8,44.4,45.0,45.6,46.2,47.4,48.0,48.6
Cable Chest Press with Pause,M,Push,Chest,35.25,36.75,38.25,40.5,42.0,43.5,45.75,47.25,49.5,51.0,52.5,54.75,56.25,57.75,60.0,61.5,63.0,65.25,66.75,68.25,70.5,73.5,77.25,81.0,84.0,87.75,91.5,94.5,98.25,102.0,105.0,108.0,110.25,112.5,114.75,117.0,119.25,121.5,123.75,126.0,129.0,131.25,133.5,135.75,138.0,140.25,13.8,15.6,16.8,18.0,19.8,21.0,22.2,24.0,25.2,26.4,28.2,29.4,30.6,32.4,33.6,34.8,36.6,37.8,39.6,40.8,42.0,43.8,46.2,48.0,49.8,52.2,54.0,55.8,57.6,60.0,61.8,63.0,64.2,66.0,67.2,68.4,69.6,70.8,72.0,73.8,75.0,76.2,77.4,78.6,80.4,81.6
Cable Shoulder Press,M,Push,Shoulders,24.0,24.75,26.25,27.75,29.25,30.75,31.5,33.0,34.5,36.0,36.75,39.0,40.5,42.0,43.5,45.75,47.25,48.75,51.0,52.5,54.0,55.5,57.75,59.25,60.75,62.25,63.75,66.0,67.5,69.0,70.5,72.0,73.5,75.0,76.5,77.25,78.75,80.25,81.75,83.25,84.0,85.5,87.0,88.5,90.0,91.5,10.8,11.4,12.6,13.2,13.8,15.0,15.6,16.2,17.4,18.0,19.2,19.8,20.4,21.6,22.2,22.8,24.0,24.6,25.2,26.4,27.0,28.2,29.4,30.0,31.2,32.4,33.6,34.8,35.4,36.6,37.8,39.0,39.6,40.8,41.4,42.0,43.2,43.8,45.0,46.2,46.8,47.4,48.6,49.2,50.4,51.0
Single-Arm Cable Shoulder Press,M,Push,Shoulders,21.0,21.75,23.25,24.0,25.5,27.0,27.75,29.25,30.0,31.5,33.0,34.5,36.0,37.5,39.0,40.5,41.25,42.75,44.25,45.75,47.25,48.75,50.25,51.75,53.25,54.75,56.25,57.75,59.25,60.75,62.25,63.75,64.5,66.0,67.5,68.25,69.75,70.5,72.0,72.75,74.25,75.75,76.5,78.0,78.75,80.25,9.6,10.2,10.8,11.4,12.6,13.2,13.8,14.4,15.0,16.2,16.8,17.4,18.0,18.6,19.2,20.4,21.0,21.6,22.2,22.8,24.0,24.6,25.8,26.4,27.6,28.8,29.4,30.6,31.2,32.4,33.0,34.2,34.8,35.4,36.6,37.2,37.8,39.0,39.6,40.2,41.4,42.0,42.6,43.8,44.4,45.0
Half-Kneeling Single-Arm Cable Shoulder Press,M,Push,Shoulders,21.0,21.75,23.25,24.0,25.5,27.0,27.75,29.25,30.0,31.5,33.0,34.5,36.0,37.5,39.0,40.5,41.25,42.75,44.25,45.75,47.25,48.75,50.25,51.75,53.25,54.75,56.25,57.75,59.25,60.75,62.25,63.75,64.5,66.0,67.5,68.25,69.75,70.5,72.0,72.75,74.25,75.75,76.5,78.0,78.75,80.25,9.6,10.2,10.8,11.4,12.6,13.2,13.8,14.4,15.0,16.2,16.8,17.4,18.0,18.6,19.2,20.4,21.0,21.6,22.2,22.8,24.0,24.6,25.8,26.4,27.6,28.8,29.4,30.6,31.2,32.4,33.0,34.2,34.8,35.4,36.6,37.2,37.8,39.0,39.6,40.2,41.4,42.0,42.6,43.8,44.4,45.0
Single-Arm Cable Front Raise,M,Push,Shoulders,4.5,5.25,5.26,6.0,6.75,6.76,7.5,7.51,8.25,8.26,9.0,9.75,9.76,10.5,11.25,12.0,12.75,12.76,13.5,14.25,15.0,15.75,15.76,16.5,17.25,18.0,18.75,18.76,19.5,20.25,21.0,21.01,21.75,22.5,23.25,24.0,24.01,24.75,25.5,26.25,27.0,27.01,27.75,28.5,29.25,30.0,1.8,2.4,2.41,2.42,2.43,3.0,3.01,3.02,3.6,3.61,3.62,4.2,4.21,4.8,5.4,5.41,6.0,6.01,6.6,6.61,7.2,7.21,7.8,8.4,8.41,9.0,9.01,9.6,9.61,10.2,10.21,10.8,10.81,11.4,12.0,12.01,12.6,12.61,13.2,13.21,13.8,13.81,14.4,14.41,15.0,15.01
Seated Cable Front Raise,M,Push,Shoulders,5.25,6.0,6.01,6.75,7.5,7.51,8.25,9.0,9.01,9.75,10.5,10.51,11.25,12.0,12.75,13.5,14.25,15.0,15.75,16.5,17.25,17.26,18.0,18.75,19.5,20.25,21.0,21.75,22.5,23.25,24.0,24.01,24.75,25.5,26.25,27.0,27.75,28.5,29.25,30.0,30.75,30.76,31.5,32.25,33.0,33.75,2.4,2.41,2.42,3.0,3.01,3.02,3.6,3.61,3.62,4.2,4.21,4.8,4.81,5.4,6.0,6.01,6.6,7.2,7.21,7.8,8.4,8.41,9.0,9.01,9.6,10.2,10.21,10.8,11.4,11.41,12.0,12.01,12.6,13.2,13.21,13.8,13.81,14.4,15.0,15.01,15.6,15.61,16.2,16.8,16.81,17.4
Behind-the-Back Cable Lateral Raise,M,Push,Shoulders,5.25,6.0,6.01,6.75,7.5,7.51,8.25,9.0,9.01,9.75,10.5,10.51,11.25,12.0,12.75,13.5,14.25,15.0,15.75,16.5,17.25,17.26,18.0,18.75,19.5,20.25,21.0,21.75,22.5,23.25,24.0,24.01,24.75,25.5,26.25,27.0,27.75,28.5,29.25,30.0,30.75,30.76,31.5,32.25,33.0,33.75,2.4,2.41,2.42,3.0,3.01,3.02,3.6,3.61,3.62,4.2,4.21,4.8,4.81,5.4,6.0,6.01,6.6,7.2,7.21,7.8,8.4,8.41,9.0,9.01,9.6,10.2,10.21,10.8,11.4,11.41,12.0,12.01,12.6,13.2,13.21,13.8,13.81,14.4,15.0,15.01,15.6,15.61,16.2,16.8,16.81,17.4
Lean-Away Cable Lateral Raise,M,Push,Shoulders,5.25,6.0,6.01,6.75,7.5,7.51,8.25,9.0,9.01,9.75,10.5,10.51,11.25,12.0,12.75,13.5,14.25,15.0,15.75,16.5,17.25,17.26,18.0,18.75,19.5,20.25,21.0,21.75,22.5,23.25,24.0,24.01,24.75,25.5,26.25,27.0,27.75,28.5,29.25,30.0,30.75,30.76,31.5,32.25,33.0,33.75,2.4,2.41,2.42,3.0,3.01,3.02,3.6,3.61,3.62,4.2,4.21,4.8,4.81,5.4,6.0,6.01,6.6,7.2,7.21,7.8,8.4,8.41,9.0,9.01,9.6,10.2,10.21,10.8,11.4,11.41,12.0,12.01,12.6,13.2,13.21,13.8,13.81,14.4,15.0,15.01,15.6,15.61,16.2,16.8,16.81,17.4
Seated Cable Lateral Raise,M,Push,Shoulders,5.25,6.0,6.01,6.75,7.5,7.51,8.25,9.0,9.01,9.75,10.5,10.51,11.25,12.0,12.75,13.5,14.25,15.0,15.75,16.5,17.25,17.26,18.0,18.75,19.5,20.25,21.0,21.75,22.5,23.25,24.0,24.01,24.75,25.5,26.25,27.0,27.75,28.5,29.25,30.0,30.75,30.76,31.5,32.25,33.0,33.75,2.4,2.41,2.42,3.0,3.01,3.02,3.6,3.61,3.62,4.2,4.21,4.8,4.81,5.4,6.0,6.01,6.6,7.2,7.21,7.8,8.4,8.41,9.0,9.01,9.6,10.2,10.21,10.8,11.4,11.41,12.0,12.01,12.6,13.2,13.21,13.8,13.81,14.4,15.0,15.01,15.6,15.61,16.2,16.8,16.81,17.4
Single-Arm Seated Cable Lateral Raise,M,Push,Shoulders,4.5,5.25,5.26,6.0,6.75,6.76,7.5,7.51,8.25,8.26,9.0,9.75,9.76,10.5,11.25,12.0,12.75,12.76,13.5,14.25,15.0,15.75,15.76,16.5,17.25,18.0,18.75,18.76,19.5,20.25,21.0,21.01,21.75,22.5,23.25,24.0,24.01,24.75,25.5,26.25,27.0,27.01,27.75,28.5,29.25,30.0,1.8,2.4,2.41,2.42,2.43,3.0,3.01,3.02,3.6,3.61,3.62,4.2,4.21,4.8,5.4,5.41,6.0,6.01,6.6,6.61,7.2,7.21,7.8,8.4,8.41,9.0,9.01,9.6,9.61,10.2,10.21,10.8,10.81,11.4,12.0,12.01,12.6,12.61,13.2,13.21,13.8,13.81,14.4,14.41,15.0,15.01
Cable Y-Raise,M,Push,Shoulders,33.75,35.25,36.75,39.0,40.5,42.0,43.5,45.75,47.25,48.75,51.0,52.5,54.0,55.5,57.75,59.25,60.75,62.25,63.75,66.0,67.5,71.25,74.25,78.0,81.0,84.0,87.75,91.5,94.5,98.25,101.25,103.5,105.75,108.0,110.25,112.5,114.75,117.0,119.25,121.5,123.75,126.0,128.25,130.5,132.75,135.0,13.8,15.0,16.2,17.4,19.2,20.4,21.6,22.8,24.6,25.8,27.0,28.2,29.4,31.2,32.4,33.6,34.8,36.6,37.8,39.0,40.8,42.6,44.4,46.2,48.0,49.8,51.6,54.0,55.8,57.6,59.4,60.6,61.8,63.0,64.2,65.4,67.2,68.4,69.6,70.8,72.0,73.2,74.4,75.6,76.8,78.0
Single-Arm Cable Y-Raise,M,Push,Shoulders,30.0,31.5,33.0,34.5,36.0,36.75,38.25,39.75,41.25,42.75,44.25,45.75,47.25,48.75,50.25,51.75,53.25,54.75,56.25,57.75,59.25,62.25,65.25,68.25,71.25,74.25,77.25,80.25,83.25,86.25,89.25,90.75,93.0,95.25,96.75,99.0,101.25,102.75,105.0,107.25,108.75,111.0,112.5,114.75,117.0,118.5,12.0,13.2,14.4,15.6,16.8,18.0,19.2,20.4,21.6,22.8,24.0,25.2,26.4,27.6,28.8,29.4,30.6,31.8,33.0,34.2,35.4,37.2,39.0,40.8,42.0,43.8,45.6,47.4,49.2,50.4,52.2,53.4,54.6,55.8,56.4,57.6,58.8,60.0,61.2,62.4,63.6,64.2,65.4,66.6,67.8,69.0
Wide-Grip Cable Upright Row,M,Push,Shoulders,33.75,35.25,36.75,39.0,40.5,42.0,43.5,45.75,47.25,48.75,51.0,52.5,54.0,55.5,57.75,59.25,60.75,62.25,63.75,66.0,67.5,71.25,74.25,78.0,81.0,84.0,87.75,91.5,94.5,98.25,101.25,102.0,103.5,105.0,105.75,107.25,108.0,109.5,110.25,111.0,112.5,114.0,114.75,115.5,117.0,117.75,19.2,19.8,20.4,21.6,22.2,22.8,24.0,24.6,25.2,26.4,27.0,28.2,29.4,31.2,32.4,33.6,34.8,36.6,37.8,39.0,40.8,42.0,43.2,44.4,46.2,47.4,48.6,49.8,51.0,52.8,54.0,55.2,56.4,57.0,58.2,59.4,60.6,61.8,62.4,63.6,64.8,66.0,67.2,67.8,69.0,70.2
Cable Rear Delt Row,M,Push,Shoulders,6.75,7.5,8.25,9.0,9.75,10.5,10.51,11.25,12.0,12.75,13.5,14.25,15.75,16.5,17.25,18.75,19.5,20.25,21.75,22.5,24.0,24.75,25.5,27.0,27.75,28.5,30.0,30.75,31.5,33.0,33.75,34.5,35.25,36.75,37.5,38.25,39.0,39.75,41.25,42.0,42.75,43.5,44.25,45.75,46.5,47.25,2.4,3.0,3.01,3.6,3.61,4.2,4.21,4.8,4.81,5.4,5.41,6.0,6.6,7.2,7.8,8.4,9.0,10.2,10.8,11.4,12.0,12.6,13.2,13.8,14.4,15.6,16.2,16.8,17.4,18.0,19.2,19.21,19.8,20.4,21.0,21.6,22.2,22.8,23.4,24.0,24.6,24.61,25.2,25.8,26.4,27.0
Cross-Body Cable Rear Delt Fly,M,Push,Shoulders,6.75,7.5,8.25,9.0,9.75,10.5,10.51,11.25,12.0,12.75,13.5,14.25,15.75,16.5,17.25,18.75,19.5,20.25,21.75,22.5,24.0,24.75,25.5,27.0,27.75,28.5,30.0,30.75,31.5,33.0,33.75,34.5,35.25,36.75,37.5,38.25,39.0,39.75,41.25,42.0,42.75,43.5,44.25,45.75,46.5,47.25,2.4,3.0,3.01,3.6,3.61,4.2,4.21,4.8,4.81,5.4,5.41,6.0,6.6,7.2,7.8,8.4,9.0,10.2,10.8,11.4,12.0,12.6,13.2,13.8,14.4,15.6,16.2,16.8,17.4,18.0,19.2,19.21,19.8,20.4,21.0,21.6,22.2,22.8,23.4,24.0,24.6,24.61,25.2,25.8,26.4,27.0
High Cable Rear Delt Fly,M,Push,Shoulders,6.75,7.5,8.25,9.0,9.75,10.5,10.51,11.25,12.0,12.75,13.5,14.25,15.75,16.5,17.25,18.75,19.5,20.25,21.75,22.5,24.0,24.75,25.5,27.0,27.75,28.5,30.0,30.75,31.5,33.0,33.75,34.5,35.25,36.75,37.5,38.25,39.0,39.75,41.25,42.0,42.75,43.5,44.25,45.75,46.5,47.25,2.4,3.0,3.01,3.6,3.61,4.2,4.21,4.8,4.81,5.4,5.41,6.0,6.6,7.2,7.8,8.4,9.0,10.2,10.8,11.4,12.0,12.6,13.2,13.8,14.4,15.6,16.2,16.8,17.4,18.0,19.2,19.21,19.8,20.4,21.0,21.6,22.2,22.8,23.4,24.0,24.6,24.61,25.2,25.8,26.4,27.0
Low Cable Rear Delt Fly,M,Push,Shoulders,6.75,7.5,8.25,9.0,9.75,10.5,10.51,11.25,12.0,12.75,13.5,14.25,15.75,16.5,17.25,18.75,19.5,20.25,21.75,22.5,24.0,24.75,25.5,27.0,27.75,28.5,30.0,30.75,31.5,33.0,33.75,34.5,35.25,36.75,37.5,38.25,39.0,39.75,41.25,42.0,42.75,43.5,44.25,45.75,46.5,47.25,2.4,3.0,3.01,3.6,3.61,4.2,4.21,4.8,4.81,5.4,5.41,6.0,6.6,7.2,7.8,8.4,9.0,10.2,10.8,11.4,12.0,12.6,13.2,13.8,14.4,15.6,16.2,16.8,17.4,18.0,19.2,19.21,19.8,20.4,21.0,21.6,22.2,22.8,23.4,24.0,24.6,24.61,25.2,25.8,26.4,27.0
Rope Face Pull,M,Push,Shoulders,6.75,7.5,8.25,9.0,9.75,10.5,10.51,11.25,12.0,12.75,13.5,14.25,15.75,16.5,17.25,18.75,19.5,20.25,21.75,22.5,24.0,24.75,25.5,27.0,27.75,28.5,30.0,30.75,31.5,33.0,33.75,34.5,35.25,36.75,37.5,38.25,39.0,39.75,41.25,42.0,42.75,43.5,44.25,45.75,46.5,47.25,2.4,3.0,3.01,3.6,3.61,4.2,4.21,4.8,4.81,5.4,5.41,6.0,6.6,7.2,7.8,8.4,9.0,10.2,10.8,11.4,12.0,12.6,13.2,13.8,14.4,15.6,16.2,16.8,17.4,18.0,19.2,19.21,19.8,20.4,21.0,21.6,22.2,22.8,23.4,24.0,24.6,24.61,25.2,25.8,26.4,27.0
Wide-Grip Cable Face Pull,M,Push,Shoulders,6.75,7.5,8.25,9.0,9.75,10.5,10.51,11.25,12.0,12.75,13.5,14.25,15.75,16.5,17.25,18.75,19.5,20.25,21.75,22.5,24.0,24.75,25.5,27.0,27.75,28.5,30.0,30.75,31.5,33.0,33.75,34.5,35.25,36.75,37.5,38.25,39.0,39.75,41.25,42.0,42.75,43.5,44.25,45.75,46.5,47.25,2.4,3.0,3.01,3.6,3.61,4.2,4.21,4.8,4.81,5.4,5.41,6.0,6.6,7.2,7.8,8.4,9.0,10.2,10.8,11.4,12.0,12.6,13.2,13.8,14.4,15.6,16.2,16.8,17.4,18.0,19.2,19.21,19.8,20.4,21.0,21.6,22.2,22.8,23.4,24.0,24.6,24.61,25.2,25.8,26.4,27.0
Face Pull with External Rotation,M,Push,Shoulders,6.75,7.5,8.25,9.0,9.75,10.5,10.51,11.25,12.0,12.75,13.5,14.25,15.75,16.5,17.25,18.75,19.5,20.25,21.75,22.5,24.0,24.75,25.5,27.0,27.75,28.5,30.0,30.75,31.5,33.0,33.75,34.5,35.25,36.75,37.5,38.25,39.0,39.75,41.25,42.0,42.75,43.5,44.25,45.75,46.5,47.25,2.4,3.0,3.01,3.6,3.61,4.2,4.21,4.8,4.81,5.4,5.41,6.0,6.6,7.2,7.8,8.4,9.0,10.2,10.8,11.4,12.0,12.6,13.2,13.8,14.4,15.6,16.2,16.8,17.4,18.0,19.2,19.21,19.8,20.4,21.0,21.6,22.2,22.8,23.4,24.0,24.6,24.61,25.2,25.8,26.4,27.0
Cable Shrug,M,Push,Shoulders,33.75,35.25,36.75,39.0,40.5,42.0,43.5,45.75,47.25,48.75,51.0,52.5,54.0,55.5,57.75,59.25,60.75,62.25,63.75,66.0,67.5,71.25,74.25,78.0,81.0,84.0,87.75,91.5,94.5,98.25,101.25,103.5,105.75,108.0,110.25,112.5,114.75,117.0,119.25,121.5,123.75,126.0,128.25,130.5,132.75,135.0,13.8,15.0,16.2,17.4,19.2,20.4,21.6,22.8,24.6,25.8,27.0,28.2,29.4,31.2,32.4,33.6,34.8,36.6,37.8,39.0,40.8,42.6,44.4,46.2,48.0,49.8,51.6,54.0,55.8,57.6,59.4,60.6,61.8,63.0,64.2,65.4,67.2,68.4,69.6,70.8,72.0,73.2,74.4,75.6,76.8,78.0
Single-Arm Cable Shrug,M,Push,Shoulders,30.0,31.5,33.0,34.5,36.0,36.75,38.25,39.75,41.25,42.75,44.25,45.75,47.25,48.75,50.25,51.75,53.25,54.75,56.25,57.75,59.25,62.25,65.25,68.25,71.25,74.25,77.25,80.25,83.25,86.25,89.25,90.75,93.0,95.25,96.75,99.0,101.25,102.75,105.0,107.25,108.75,111.0,112.5,114.75,117.0,118.5,12.0,13.2,14.4,15.6,16.8,18.0,19.2,20.4,21.6,22.8,24.0,25.2,26.4,27.6,28.8,29.4,30.6,31.8,33.0,34.2,35.4,37.2,39.0,40.8,42.0,43.8,45.6,47.4,49.2,50.4,52.2,53.4,54.6,55.8,56.4,57.6,58.8,60.0,61.2,62.4,63.6,64.2,65.4,66.6,67.8,69.0
Rope Cable Triceps Pushdown,M,Push,Triceps,17.25,18.0,19.5,21.0,22.5,24.0,24.75,26.25,27.75,29.25,30.75,32.25,33.75,35.25,36.75,39.0,40.5,42.0,43.5,45.75,47.25,49.5,51.75,54.0,57.0,59.25,61.5,63.75,66.0,68.25,70.5,72.75,74.25,75.75,77.25,78.75,80.25,81.75,83.25,84.75,87.0,88.5,90.0,91.5,93.0,94.5,8.4,8.41,9.0,9.6,10.2,10.8,11.4,12.0,12.6,13.2,13.8,14.4,15.6,16.8,18.0,19.2,19.8,21.0,22.2,23.4,24.6,25.8,27.0,28.2,29.4,31.2,32.4,33.6,34.8,36.6,37.8,39.0,39.6,40.8,41.4,42.0,43.2,43.8,45.0,46.2,46.8,47.4,48.6,49.2,50.4,51.0
EZ-Bar Cable Pushdown,M,Push,Triceps,17.25,18.0,19.5,21.0,22.5,24.0,24.75,26.25,27.75,29.25,30.75,32.25,33.75,35.25,36.75,39.0,40.5,42.0,43.5,45.75,47.25,49.5,51.75,54.0,57.0,59.25,61.5,63.75,66.0,68.25,70.5,72.75,74.25,75.75,77.25,78.75,80.25,81.75,83.25,84.75,87.0,88.5,90.0,91.5,93.0,94.5,8.4,8.41,9.0,9.6,10.2,10.8,11.4,12.0,12.6,13.2,13.8,14.4,15.6,16.8,18.0,19.2,19.8,21.0,22.2,23.4,24.6,25.8,27.0,28.2,29.4,31.2,32.4,33.6,34.8,36.6,37.8,39.0,39.6,40.8,41.4,42.0,43.2,43.8,45.0,46.2,46.8,47.4,48.6,49.2,50.4,51.0
Straight-Bar Cable Pushdown,M,Push,Triceps,17.25,18.0,19.5,21.0,22.5,24.0,24.75,26.25,27.75,29.25,30.75,32.25,33.75,35.25,36.75,39.0,40.5,42.0,43.5,45.75,47.25,49.5,51.75,54.0,57.0,59.25,61.5,63.75,66.0,68.25,70.5,72.75,74.25,75.75,77.25,78.75,80.25,81.75,83.25,84.75,87.0,88.5,90.0,91.5,93.0,94.5,8.4,8.41,9.0,9.6,10.2,10.8,11.4,12.0,12.6,13.2,13.8,14.4,15.6,16.8,18.0,19.2,19.8,21.0,22.2,23.4,24.6,25.8,27.0,28.2,29.4,31.2,32.4,33.6,34.8,36.6,37.8,39.0,39.6,40.8,41.4,42.0,43.2,43.8,45.0,46.2,46.8,47.4,48.6,49.2,50.4,51.0
Single-Arm Reverse-Grip Cable Pushdown,M,Push,Triceps,15.0,15.75,17.25,18.75,19.5,21.0,21.75,23.25,24.0,25.5,27.0,28.5,30.0,31.5,33.0,34.5,35.25,36.75,38.25,39.75,41.25,43.5,45.75,48.0,50.25,51.75,54.0,56.25,58.5,60.0,62.25,63.75,65.25,66.75,68.25,69.0,70.5,72.0,73.5,75.0,76.5,78.0,78.75,80.25,81.75,83.25,7.2,7.8,7.81,8.4,9.0,9.6,10.2,10.21,10.8,11.4,12.0,12.6,13.8,15.0,15.6,16.8,17.4,18.6,19.2,20.4,21.6,22.8,24.0,25.2,26.4,27.6,28.2,29.4,30.6,31.8,33.0,34.2,34.8,35.4,36.6,37.2,37.8,39.0,39.6,40.2,41.4,42.0,42.6,43.8,44.4,45.0
Cross-Body Cable Triceps Extension,M,Push,Triceps,17.25,18.0,19.5,21.0,22.5,24.0,24.75,26.25,27.75,29.25,30.75,32.25,33.75,35.25,36.75,39.0,40.5,42.0,43.5,45.75,47.25,49.5,51.75,54.0,57.0,59.25,61.5,63.75,66.0,68.25,70.5,72.75,74.25,75.75,77.25,78.75,80.25,81.75,83.25,84.75,87.0,88.5,90.0,91.5,93.0,94.5,8.4,8.41,9.0,9.6,10.2,10.8,11.4,12.0,12.6,13.2,13.8,14.4,15.6,16.8,18.0,19.2,19.8,21.0,22.2,23.4,24.6,25.8,27.0,28.2,29.4,31.2,32.4,33.6,34.8,36.6,37.8,39.0,39.6,40.8,41.4,42.0,43.2,43.8,45.0,46.2,46.8,47.4,48.6,49.2,50.4,51.0
Single-Arm Overhead Cable Triceps Extension,M,Push,Triceps,15.0,15.75,17.25,18.75,19.5,21.0,21.75,23.25,24.0,25.5,27.0,28.5,30.0,31.5,33.0,34.5,35.25,36.75,38.25,39.75,41.25,43.5,45.75,48.0,50.25,51.75,54.0,56.25,58.5,60.0,62.25,63.75,65.25,66.75,68.25,69.0,70.5,72.0,73.5,75.0,76.5,78.0,78.75,80.25,81.75,83.25,7.2,7.8,7.81,8.4,9.0,9.6,10.2,10.21,10.8,11.4,12.0,12.6,13.8,15.0,15.6,16.8,17.4,18.6,19.2,20.4,21.6,22.8,24.0,25.2,26.4,27.6,28.2,29.4,30.6,31.8,33.0,34.2,34.8,35.4,36.6,37.2,37.8,39.0,39.6,40.2,41.4,42.0,42.6,43.8,44.4,45.0
Straight-Bar Overhead Cable Extension,M,Push,Triceps,33.75,35.25,36.75,39.0,40.5,42.0,43.5,45.75,47.25,48.75,51.0,52.5,54.0,55.5,57.75,59.25,60.75,62.25,63.75,66.0,67.5,71.25,74.25,78.0,81.0,84.0,87.75,91.5,94.5,98.25,101.25,103.5,105.75,108.0,110.25,112.5,114.75,117.0,119.25,121.5,123.75,126.0,128.25,130.5,132.75,135.0,13.8,15.0,16.2,17.4,19.2,20.4,21.6,22.8,24.6,25.8,27.0,28.2,29.4,31.2,32.4,33.6,34.8,36.6,37.8,39.0,40.8,42.6,44.4,46.2,48.0,49.8,51.6,54.0,55.8,57.6,59.4,60.6,61.8,63.0,64.2,65.4,67.2,68.4,69.6,70.8,72.0,73.2,74.4,75.6,76.8,78.0
Seated Cable Triceps Extension,M,Push,Triceps,17.25,18.0,19.5,21.0,22.5,24.0,24.75,26.25,27.75,29.25,30.75,32.25,33.75,35.25,36.75,39.0,40.5,42.0,43.5,45.75,47.25,49.5,51.75,54.0,57.0,59.25,61.5,63.75,66.0,68.25,70.5,72.75,74.25,75.75,77.25,78.75,80.25,81.75,83.25,84.75,87.0,88.5,90.0,91.5,93.0,94.5,8.4,8.41,9.0,9.6,10.2,10.8,11.4,12.0,12.6,13.2,13.8,14.4,15.6,16.8,18.0,19.2,19.8,21.0,22.2,23.4,24.6,25.8,27.0,28.2,29.4,31.2,32.4,33.6,34.8,36.6,37.8,39.0,39.6,40.8,41.4,42.0,43.2,43.8,45.0,46.2,46.8,47.4,48.6,49.2,50.4,51.0
Cable Triceps Kickback,M,Push,Triceps,17.25,18.0,19.5,21.0,22.5,24.0,24.75,26.25,27.75,29.25,30.75,32.25,33.75,35.25,36.75,39.0,40.5,42.0,43.5,45.75,47.25,49.5,51.75,54.0,57.0,59.25,61.5,63.75,66.0,68.25,70.5,72.75,74.25,75.75,77.25,78.75,80.25,81.75,83.25,84.75,87.0,88.5,90.0,91.5,93.0,94.5,8.4,8.41,9.0,9.6,10.2,10.8,11.4,12.0,12.6,13.2,13.8,14.4,15.6,16.8,18.0,19.2,19.8,21.0,22.2,23.4,24.6,25.8,27.0,28.2,29.4,31.2,32.4,33.6,34.8,36.6,37.8,39.0,39.6,40.8,41.4,42.0,43.2,43.8,45.0,46.2,46.8,47.4,48.6,49.2,50.4,51.0
Single-Arm Cable Triceps Kickback,M,Push,Triceps,15.0,15.75,17.25,18.75,19.5,21.0,21.75,23.25,24.0,25.5,27.0,28.5,30.0,31.5,33.0,34.5,35.25,36.75,38.25,39.75,41.25,43.5,45.75,48.0,50.25,51.75,54.0,56.25,58.5,60.0,62.25,63.75,65.25,66.75,68.25,69.0,70.5,72.0,73.5,75.0,76.5,78.0,78.75,80.25,81.75,83.25,7.2,7.8,7.81,8.4,9.0,9.6,10.2,10.21,10.8,11.4,12.0,12.6,13.8,15.0,15.6,16.8,17.4,18.6,19.2,20.4,21.6,22.8,24.0,25.2,26.4,27.6,28.2,29.4,30.6,31.8,33.0,34.2,34.8,35.4,36.6,37.2,37.8,39.0,39.6,40.2,41.4,42.0,42.6,43.8,44.4,45.0
Lying Cable Triceps Extension,M,Push,Triceps,17.25,18.0,19.5,21.0,22.5,24.0,24.75,26.25,27.75,29.25,30.75,32.25,33.75,35.25,36.75,39.0,40.5,42.0,43.5,45.75,47.25,49.5,51.75,54.0,57.0,59.25,61.5,63.75,66.0,68.25,70.5,72.75,74.25,75.75,77.25,78.75,80.25,81.75,83.25,84.75,87.0,88.5,90.0,91.5,93.0,94.5,8.4,8.41,9.0,9.6,10.2,10.8,11.4,12.0,12.6,13.2,13.8,14.4,15.6,16.8,18.0,19.2,19.8,21.0,22.2,23.4,24.6,25.8,27.0,28.2,29.4,31.2,32.4,33.6,34.8,36.6,37.8,39.0,39.6,40.8,41.4,42.0,43.2,43.8,45.0,46.2,46.8,47.4,48.6,49.2,50.4,51.0
High-Pulley Triceps Extension,M,Push,Triceps,17.25,18.0,19.5,21.0,22.5,24.0,24.75,26.25,27.75,29.25,30.75,32.25,33.75,35.25,36.75,39.0,40.5,42.0,43.5,45.75,47.25,49.5,51.75,54.0,57.0,59.25,61.5,63.75,66.0,68.25,70.5,72.75,74.25,75.75,77.25,78.75,80.25,81.75,83.25,84.75,87.0,88.5,90.0,91.5,93.0,94.5,8.4,8.41,9.0,9.6,10.2,10.8,11.4,12.0,12.6,13.2,13.8,14.4,15.6,16.8,18.0,19.2,19.8,21.0,22.2,23.4,24.6,25.8,27.0,28.2,29.4,31.2,32.4,33.6,34.8,36.6,37.8,39.0,39.6,40.8,41.4,42.0,43.2,43.8,45.0,46.2,46.8,47.4,48.6,49.2,50.4,51.0
Cable Triceps Press,M,Push,Triceps,17.25,18.0,19.5,21.0,22.5,24.0,24.75,26.25,27.75,29.25,30.75,32.25,33.75,35.25,36.75,39.0,40.5,42.0,43.5,45.75,47.25,49.5,51.75,54.0,57.0,59.25,61.5,63.75,66.0,68.25,70.5,72.75,74.25,75.75,77.25,78.75,80.25,81.75,83.25,84.75,87.0,88.5,90.0,91.5,93.0,94.5,8.4,8.41,9.0,9.6,10.2,10.8,11.4,12.0,12.6,13.2,13.8,14.4,15.6,16.8,18.0,19.2,19.8,21.0,22.2,23.4,24.6,25.8,27.0,28.2,29.4,31.2,32.4,33.6,34.8,36.6,37.8,39.0,39.6,40.8,41.4,42.0,43.2,43.8,45.0,46.2,46.8,47.4,48.6,49.2,50.4,51.0
Reverse-Grip Rope Pushdown,M,Push,Triceps,17.25,18.0,19.5,21.0,22.5,24.0,24.75,26.25,27.75,29.25,30.75,32.25,33.75,35.25,36.75,39.0,40.5,42.0,43.5,45.75,47.25,49.5,51.75,54.0,57.0,59.25,61.5,63.75,66.0,68.25,70.5,72.75,74.25,75.75,77.25,78.75,80.25,81.75,83.25,84.75,87.0,88.5,90.0,91.5,93.0,94.5,8.4,8.41,9.0,9.6,10.2,10.8,11.4,12.0,12.6,13.2,13.8,14.4,15.6,16.8,18.0,19.2,19.8,21.0,22.2,23.4,24.6,25.8,27.0,28.2,29.4,31.2,32.4,33.6,34.8,36.6,37.8,39.0,39.6,40.8,41.4,42.0,43.2,43.8,45.0,46.2,46.8,47.4,48.6,49.2,50.4,51.0
Kneeling Single-Arm Lat Pulldown,M,Pull,Back,30.0,31.5,33.0,34.5,36.0,36.75,38.25,39.75,41.25,42.75,44.25,45.75,47.25,48.75,50.25,51.75,53.25,54.75,56.25,57.75,59.25,62.25,65.25,68.25,71.25,74.25,77.25,80.25,83.25,86.25,89.25,90.0,90.75,92.25,93.0,93.75,95.25,96.0,96.75,98.25,99.0,99.75,101.25,102.0,102.75,104.25,16.8,17.4,18.0,18.6,19.2,20.4,21.0,21.6,22.2,22.8,24.0,25.2,26.4,27.6,28.8,29.4,30.6,31.8,33.0,34.2,35.4,36.6,37.8,38.4,39.6,40.2,41.4,42.0,43.2,44.4,45.0,46.2,46.8,48.0,49.2,49.8,51.0,51.6,52.8,53.4,54.6,55.8,56.4,57.6,58.2,59.4
V-Bar Lat Pulldown,M,Pull,Back,33.75,35.25,36.75,39.0,40.5,42.0,43.5,45.75,47.25,48.75,51.0,52.5,54.0,55.5,57.75,59.25,60.75,62.25,63.75,66.0,67.5,71.25,74.25,78.0,81.0,84.0,87.75,91.5,94.5,98.25,101.25,102.0,103.5,105.0,105.75,107.25,108.0,109.5,110.25,111.0,112.5,114.0,114.75,115.5,117.0,117.75,19.2,19.8,20.4,21.6,22.2,22.8,24.0,24.6,25.2,26.4,27.0,28.2,29.4,31.2,32.4,33.6,34.8,36.6,37.8,39.0,40.8,41.4,42.6,43.8,45.0,46.2,46.8,48.0,49.2,50.4,51.0,52.2,53.4,54.6,55.8,56.4,57.6,58.8,60.0,61.2,61.8,63.0,64.2,65.4,66.6,67.2
Rope Lat Pulldown,M,Pull,Back,33.75,35.25,36.75,39.0,40.5,42.0,43.5,45.75,47.25,48.75,51.0,52.5,54.0,55.5,57.75,59.25,60.75,62.25,63.75,66.0,67.5,71.25,74.25,78.0,81.0,84.0,87.75,91.5,94.5,98.25,101.25,102.0,103.5,105.0,105.75,107.25,108.0,109.5,110.25,111.0,112.5,114.0,114.75,115.5,117.0,117.75,19.2,19.8,20.4,21.6,22.2,22.8,24.0,24.6,25.2,26.4,27.0,28.2,29.4,31.2,32.4,33.6,34.8,36.6,37.8,39.0,40.8,41.4,42.6,43.8,45.0,46.2,46.8,48.0,49.2,50.4,51.0,52.2,53.4,54.6,55.8,56.4,57.6,58.8,60.0,61.2,61.8,63.0,64.2,65.4,66.6,67.2
Single-Arm Straight-Arm Pulldown,M,Pull,Back,30.0,31.5,33.0,34.5,36.0,36.75,38.25,39.75,41.25,42.75,44.25,45.75,47.25,48.75,50.25,51.75,53.25,54.75,56.25,57.75,59.25,62.25,65.25,68.25,71.25,74.25,77.25,80.25,83.25,86.25,89.25,90.0,90.75,92.25,93.0,93.75,95.25,96.0,96.75,98.25,99.0,99.75,101.25,102.0,102.75,104.25,16.8,17.4,18.0,18.6,19.2,20.4,21.0,21.6,22.2,22.8,24.0,25.2,26.4,27.6,28.8,29.4,30.6,31.8,33.0,34.2,35.4,36.6,37.8,38.4,39.6,40.2,41.4,42.0,43.2,44.4,45.0,46.2,46.8,48.0,49.2,49.8,51.0,51.6,52.8,53.4,54.6,55.8,56.4,57.6,58.2,59.4
High-to-Low Cable Row,M,Pull,Back,33.75,35.25,36.75,39.0,40.5,42.0,43.5,45.75,47.25,48.75,51.0,52.5,54.0,55.5,57.75,59.25,60.75,62.25,63.75,66.0,67.5,71.25,74.25,78.0,81.0,84.0,87.75,91.5,94.5,98.25,101.25,102.0,103.5,105.0,105.75,107.25,108.0,109.5,110.25,111.0,112.5,114.0,114.75,115.5,117.0,117.75,19.2,19.8,20.4,21.6,22.2,22.8,24.0,24.6,25.2,26.4,27.0,28.2,29.4,31.2,32.4,33.6,34.8,36.6,37.8,39.0,40.8,42.0,43.2,44.4,46.2,47.4,48.6,49.8,51.0,52.8,54.0,55.2,56.4,57.0,58.2,59.4,60.6,61.8,62.4,63.6,64.8,66.0,67.2,67.8,69.0,70.2
Low-to-High Cable Row,M,Pull,Back,33.75,35.25,36.75,39.0,40.5,42.0,43.5,45.75,47.25,48.75,51.0,52.5,54.0,55.5,57.75,59.25,60.75,62.25,63.75,66.0,67.5,71.25,74.25,78.0,81.0,84.0,87.75,91.5,94.5,98.25,101.25,102.0,103.5,105.0,105.75,107.25,108.0,109.5,110.25,111.0,112.5,114.0,114.75,115.5,117.0,117.75,19.2,19.8,20.4,21.6,22.2,22.8,24.0,24.6,25.2,26.4,27.0,28.2,29.4,31.2,32.4,33.6,34.8,36.6,37.8,39.0,40.8,42.0,43.2,44.4,46.2,47.4,48.6,49.8,51.0,52.8,54.0,55.2,56.4,57.0,58.2,59.4,60.6,61.8,62.4,63.6,64.8,66.0,67.2,67.8,69.0,70.2
Single-Arm Seated Cable Row,M,Pull,Back,30.0,31.5,33.0,34.5,36.0,36.75,38.25,39.75,41.25,42.75,44.25,45.75,47.25,48.75,50.25,51.75,53.25,54.75,56.25,57.75,59.25,62.25,65.25,68.25,71.25,74.25,77.25,80.25,83.25,86.25,89.25,90.0,90.75,92.25,93.0,93.75,95.25,96.0,96.75,98.25,99.0,99.75,101.25,102.0,102.75,104.25,16.8,17.4,18.0,18.6,19.2,20.4,21.0,21.6,22.2,22.8,24.0,25.2,26.4,27.6,28.8,29.4,30.6,31.8,33.0,34.2,35.4,36.6,37.8,39.0,40.2,41.4,42.6,43.8,45.0,46.2,47.4,48.6,49.2,50.4,51.6,52.2,53.4,54.0,55.2,55.8,57.0,58.2,58.8,60.0,60.6,61.8
Chest-Supported Cable Row,M,Pull,Back,33.75,35.25,36.75,39.0,40.5,42.0,43.5,45.75,47.25,48.75,51.0,52.5,54.0,55.5,57.75,59.25,60.75,62.25,63.75,66.0,67.5,71.25,74.25,78.0,81.0,84.0,87.75,91.5,94.5,98.25,101.25,102.0,103.5,105.0,105.75,107.25,108.0,109.5,110.25,111.0,112.5,114.0,114.75,115.5,117.0,117.75,19.2,19.8,20.4,21.6,22.2,22.8,24.0,24.6,25.2,26.4,27.0,28.2,29.4,31.2,32.4,33.6,34.8,36.6,37.8,39.0,40.8,42.0,43.2,44.4,46.2,47.4,48.6,49.8,51.0,52.8,54.0,55.2,56.4,57.0,58.2,59.4,60.6,61.8,62.4,63.6,64.8,66.0,67.2,67.8,69.0,70.2
Rope Seated Cable Row,M,Pull,Back,33.75,35.25,36.75,39.0,40.5,42.0,43.5,45.75,47.25,48.75,51.0,52.5,54.0,55.5,57.75,59.25,60.75,62.25,63.75,66.0,67.5,71.25,74.25,78.0,81.0,84.0,87.75,91.5,94.5,98.25,101.25,102.0,103.5,105.0,105.75,107.25,108.0,109.5,110.25,111.0,112.5,114.0,114.75,115.5,117.0,117.75,19.2,19.8,20.4,21.6,22.2,22.8,24.0,24.6,25.2,26.4,27.0,28.2,29.4,31.2,32.4,33.6,34.8,36.6,37.8,39.0,40.8,42.0,43.2,44.4,46.2,47.4,48.6,49.8,51.0,52.8,54.0,55.2,56.4,57.0,58.2,59.4,60.6,61.8,62.4,63.6,64.8,66.0,67.2,67.8,69.0,70.2
Kneeling Cable Row,M,Pull,Back,33.75,35.25,36.75,39.0,40.5,42.0,43.5,45.75,47.25,48.75,51.0,52.5,54.0,55.5,57.75,59.25,60.75,62.25,63.75,66.0,67.5,71.25,74.25,78.0,81.0,84.0,87.75,91.5,94.5,98.25,101.25,102.0,103.5,105.0,105.75,107.25,108.0,109.5,110.25,111.0,112.5,114.0,114.75,115.5,117.0,117.75,19.2,19.8,20.4,21.6,22.2,22.8,24.0,24.6,25.2,26.4,27.0,28.2,29.4,31.2,32.4,33.6,34.8,36.6,37.8,39.0,40.8,42.0,43.2,44.4,46.2,47.4,48.6,49.8,51.0,52.8,54.0,55.2,56.4,57.0,58.2,59.4,60.6,61.8,62.4,63.6,64.8,66.0,67.2,67.8,69.0,70.2
Standing Cable Row,M,Pull,Back,33.75,35.25,36.75,39.0,40.5,42.0,43.5,45.75,47.25,48.75,51.0,52.5,54.0,55.5,57.75,59.25,60.75,62.25,63.75,66.0,67.5,71.25,74.25,78.0,81.0,84.0,87.75,91.5,94.5,98.25,101.25,102.0,103.5,105.0,105.75,107.25,108.0,109.5,110.25,111.0,112.5,114.0,114.75,115.5,117.0,117.75,19.2,19.8,20.4,21.6,22.2,22.8,24.0,24.6,25.2,26.4,27.0,28.2,29.4,31.2,32.4,33.6,34.8,36.6,37.8,39.0,40.8,42.0,43.2,44.4,46.2,47.4,48.6,49.8,51.0,52.8,54.0,55.2,56.4,57.0,58.2,59.4,60.6,61.8,62.4,63.6,64.8,66.0,67.2,67.8,69.0,70.2
High Cable Row,M,Pull,Back,33.75,35.25,36.75,39.0,40.5,42.0,43.5,45.75,47.25,48.75,51.0,52.5,54.0,55.5,57.75,59.25,60.75,62.25,63.75,66.0,67.5,71.25,74.25,78.0,81.0,84.0,87.75,91.5,94.5,98.25,101.25,102.0,103.5,105.0,105.75,107.25,108.0,109.5,110.25,111.0,112.5,114.0,114.75,115.5,117.0,117.75,19.2,19.8,20.4,21.6,22.2,22.8,24.0,24.6,25.2,26.4,27.0,28.2,29.4,31.2,32.4,33.6,34.8,36.6,37.8,39.0,40.8,42.0,43.2,44.4,46.2,47.4,48.6,49.8,51.0,52.8,54.0,55.2,56.4,57.0,58.2,59.4,60.6,61.8,62.4,63.6,64.8,66.0,67.2,67.8,69.0,70.2
Low Cable Row,M,Pull,Back,33.75,35.25,36.75,39.0,40.5,42.0,43.5,45.75,47.25,48.75,51.0,52.5,54.0,55.5,57.75,59.25,60.75,62.25,63.75,66.0,67.5,71.25,74.25,78.0,81.0,84.0,87.75,91.5,94.5,98.25,101.25,102.0,103.5,105.0,105.75,107.25,108.0,109.5,110.25,111.0,112.5,114.0,114.75,115.5,117.0,117.75,19.2,19.8,20.4,21.6,22.2,22.8,24.0,24.6,25.2,26.4,27.0,28.2,29.4,31.2,32.4,33.6,34.8,36.6,37.8,39.0,40.8,42.0,43.2,44.4,46.2,47.4,48.6,49.8,51.0,52.8,54.0,55.2,56.4,57.0,58.2,59.4,60.6,61.8,62.4,63.6,64.8,66.0,67.2,67.8,69.0,70.2
Rope Cable Pullover,M,Pull,Back,33.75,35.25,36.75,39.0,40.5,42.0,43.5,45.75,47.25,48.75,51.0,52.5,54.0,55.5,57.75,59.25,60.75,62.25,63.75,66.0,67.5,71.25,74.25,78.0,81.0,84.0,87.75,91.5,94.5,98.25,101.25,102.0,103.5,105.0,105.75,107.25,108.0,109.5,110.25,111.0,112.5,114.0,114.75,115.5,117.0,117.75,19.2,19.8,20.4,21.6,22.2,22.8,24.0,24.6,25.2,26.4,27.0,28.2,29.4,31.2,32.4,33.6,34.8,36.6,37.8,39.0,40.8,41.4,42.6,43.8,45.0,46.2,46.8,48.0,49.2,50.4,51.0,52.2,53.4,54.6,55.8,56.4,57.6,58.8,60.0,61.2,61.8,63.0,64.2,65.4,66.6,67.2
Single-Arm Cable Pullover,M,Pull,Back,30.0,31.5,33.0,34.5,36.0,36.75,38.25,39.75,41.25,42.75,44.25,45.75,47.25,48.75,50.25,51.75,53.25,54.75,56.25,57.75,59.25,62.25,65.25,68.25,71.25,74.25,77.25,80.25,83.25,86.25,89.25,90.0,90.75,92.25,93.0,93.75,95.25,96.0,96.75,98.25,99.0,99.75,101.25,102.0,102.75,104.25,16.8,17.4,18.0,18.6,19.2,20.4,21.0,21.6,22.2,22.8,24.0,25.2,26.4,27.6,28.8,29.4,30.6,31.8,33.0,34.2,35.4,36.6,37.8,38.4,39.6,40.2,41.4,42.0,43.2,44.4,45.0,46.2,46.8,48.0,49.2,49.8,51.0,51.6,52.8,53.4,54.6,55.8,56.4,57.6,58.2,59.4
Cable Reverse Fly,M,Pull,Back,6.75,7.5,8.25,9.0,9.75,10.5,10.51,11.25,12.0,12.75,13.5,14.25,15.75,16.5,17.25,18.75,19.5,20.25,21.75,22.5,24.0,24.75,25.5,27.0,27.75,28.5,30.0,30.75,31.5,33.0,33.75,34.5,35.25,36.75,37.5,38.25,39.0,39.75,41.25,42.0,42.75,43.5,44.25,45.75,46.5,47.25,2.4,3.0,3.01,3.6,3.61,4.2,4.21,4.8,4.81,5.4,5.41,6.0,6.6,7.2,7.8,8.4,9.0,10.2,10.8,11.4,12.0,12.6,13.2,13.8,14.4,15.6,16.2,16.8,17.4,18.0,19.2,19.21,19.8,20.4,21.0,21.6,22.2,22.8,23.4,24.0,24.6,24.61,25.2,25.8,26.4,27.0
Standing Cable Reverse Fly,M,Pull,Back,6.75,7.5,8.25,9.0,9.75,10.5,10.51,11.25,12.0,12.75,13.5,14.25,15.75,16.5,17.25,18.75,19.5,20.25,21.75,22.5,24.0,24.75,25.5,27.0,27.75,28.5,30.0,30.75,31.5,33.0,33.75,34.5,35.25,36.75,37.5,38.25,39.0,39.75,41.25,42.0,42.75,43.5,44.25,45.75,46.5,47.25,2.4,3.0,3.01,3.6,3.61,4.2,4.21,4.8,4.81,5.4,5.41,6.0,6.6,7.2,7.8,8.4,9.0,10.2,10.8,11.4,12.0,12.6,13.2,13.8,14.4,15.6,16.2,16.8,17.4,18.0,19.2,19.21,19.8,20.4,21.0,21.6,22.2,22.8,23.4,24.0,24.6,24.61,25.2,25.8,26.4,27.0
Single-Arm Cable Reverse Fly,M,Pull,Back,6.0,6.75,6.76,7.5,8.25,9.0,9.75,9.76,10.5,11.25,12.0,12.75,13.5,14.25,15.75,16.5,17.25,18.0,18.75,20.25,21.0,21.75,22.5,23.25,24.0,25.5,26.25,27.0,27.75,28.5,30.0,30.75,31.5,32.25,33.0,33.75,34.5,35.25,36.0,36.75,37.5,38.25,39.0,39.75,40.5,41.25,2.4,2.41,3.0,3.01,3.6,3.61,3.62,4.2,4.21,4.8,4.81,5.4,6.0,6.6,7.2,7.8,8.4,9.0,9.01,9.6,10.2,10.8,11.4,12.0,13.2,13.8,14.4,15.0,15.6,16.2,16.8,16.81,17.4,18.0,18.6,19.2,19.21,19.8,20.4,21.0,21.6,21.61,22.2,22.8,23.4,24.0
Cable Lat Prayer,M,Pull,Back,33.75,35.25,36.75,39.0,40.5,42.0,43.5,45.75,47.25,48.75,51.0,52.5,54.0,55.5,57.75,59.25,60.75,62.25,63.75,66.0,67.5,71.25,74.25,78.0,81.0,84.0,87.75,91.5,94.5,98.25,101.25,102.0,103.5,105.0,105.75,107.25,108.0,109.5,110.25,111.0,112.5,114.0,114.75,115.5,117.0,117.75,19.2,19.8,20.4,21.6,22.2,22.8,24.0,24.6,25.2,26.4,27.0,28.2,29.4,31.2,32.4,33.6,34.8,36.6,37.8,39.0,40.8,41.4,42.6,43.8,45.0,46.2,46.8,48.0,49.2,50.4,51.0,52.2,53.4,54.6,55.8,56.4,57.6,58.8,60.0,61.2,61.8,63.0,64.2,65.4,66.6,67.2
Kneeling Cable Lat Prayer,M,Pull,Back,33.75,35.25,36.75,39.0,40.5,42.0,43.5,45.75,47.25,48.75,51.0,52.5,54.0,55.5,57.75,59.25,60.75,62.25,63.75,66.0,67.5,71.25,74.25,78.0,81.0,84.0,87.75,91.5,94.5,98.25,101.25,102.0,103.5,105.0,105.75,107.25,108.0,109.5,110.25,111.0,112.5,114.0,114.75,115.5,117.0,117.75,19.2,19.8,20.4,21.6,22.2,22.8,24.0,24.6,25.2,26.4,27.0,28.2,29.4,31.2,32.4,33.6,34.8,36.6,37.8,39.0,40.8,41.4,42.6,43.8,45.0,46.2,46.8,48.0,49.2,50.4,51.0,52.2,53.4,54.6,55.8,56.4,57.6,58.8,60.0,61.2,61.8,63.0,64.2,65.4,66.6,67.2
Cable Straight-Arm Row,M,Pull,Back,33.75,35.25,36.75,39.0,40.5,42.0,43.5,45.75,47.25,48.75,51.0,52.5,54.0,55.5,57.75,59.25,60.75,62.25,63.75,66.0,67.5,71.25,74.25,78.0,81.0,84.0,87.75,91.5,94.5,98.25,101.25,102.0,103.5,105.0,105.75,107.25,108.0,109.5,110.25,111.0,112.5,114.0,114.75,115.5,117.0,117.75,19.2,19.8,20.4,21.6,22.2,22.8,24.0,24.6,25.2,26.4,27.0,28.2,29.4,31.2,32.4,33.6,34.8,36.6,37.8,39.0,40.8,42.0,43.2,44.4,46.2,47.4,48.6,49.8,51.0,52.8,54.0,55.2,56.4,57.0,58.2,59.4,60.6,61.8,62.4,63.6,64.8,66.0,67.2,67.8,69.0,70.2
Cross-Body Single-Arm Cable Row,M,Pull,Back,30.0,31.5,33.0,34.5,36.0,36.75,38.25,39.75,41.25,42.75,44.25,45.75,47.25,48.75,50.25,51.75,53.25,54.75,56.25,57.75,59.25,62.25,65.25,68.25,71.25,74.25,77.25,80.25,83.25,86.25,89.25,90.0,90.75,92.25,93.0,93.75,95.25,96.0,96.75,98.25,99.0,99.75,101.25,102.0,102.75,104.25,16.8,17.4,18.0,18.6,19.2,20.4,21.0,21.6,22.2,22.8,24.0,25.2,26.4,27.6,28.8,29.4,30.6,31.8,33.0,34.2,35.4,36.6,37.8,39.0,40.2,41.4,42.6,43.8,45.0,46.2,47.4,48.6,49.2,50.4,51.6,52.2,53.4,54.0,55.2,55.8,57.0,58.2,58.8,60.0,60.6,61.8
Standing Cable Curl,M,Pull,Biceps,17.25,18.0,18.75,20.25,21.0,21.75,23.25,24.0,24.75,26.25,27.0,28.5,30.0,30.75,32.25,33.75,35.25,36.75,37.5,39.0,40.5,42.0,43.5,44.25,45.75,47.25,48.75,50.25,51.0,52.5,54.0,54.75,56.25,57.75,58.5,59.25,60.75,61.5,63.0,63.75,65.25,66.75,67.5,68.25,69.75,70.5,5.4,6.0,7.2,7.8,8.4,9.6,10.2,10.8,12.0,12.6,13.8,14.4,15.0,16.2,16.8,17.4,18.6,19.2,19.8,21.0,21.6,22.2,23.4,24.0,24.6,25.8,26.4,27.0,28.2,28.8,29.4,30.6,31.2,31.8,32.4,33.6,34.2,34.8,35.4,36.0,36.6,37.8,38.4,39.0,39.6,40.8
Seated Cable Curl,M,Pull,Biceps,17.25,18.0,18.75,20.25,21.0,21.75,23.25,24.0,24.75,26.25,27.0,28.5,30.0,30.75,32.25,33.75,35.25,36.75,37.5,39.0,40.5,42.0,43.5,44.25,45.75,47.25,48.75,50.25,51.0,52.5,54.0,54.75,56.25,57.75,58.5,59.25,60.75,61.5,63.0,63.75,65.25,66.75,67.5,68.25,69.75,70.5,5.4,6.0,7.2,7.8,8.4,9.6,10.2,10.8,12.0,12.6,13.8,14.4,15.0,16.2,16.8,17.4,18.6,19.2,19.8,21.0,21.6,22.2,23.4,24.0,24.6,25.8,26.4,27.0,28.2,28.8,29.4,30.6,31.2,31.8,32.4,33.6,34.2,34.8,35.4,36.0,36.6,37.8,38.4,39.0,39.6,40.8
Single-Arm Cable Curl with Supination,M,Pull,Biceps,15.0,15.75,16.5,17.25,18.75,19.5,20.25,21.0,21.75,23.25,24.0,24.75,26.25,27.0,28.5,30.0,30.75,32.25,33.0,34.5,35.25,36.75,38.25,39.0,40.5,41.25,42.75,44.25,45.0,46.5,47.25,48.75,49.5,50.25,51.75,52.5,53.25,54.75,55.5,56.25,57.75,58.5,59.25,60.75,61.5,62.25,4.8,5.4,6.0,6.6,7.8,8.4,9.0,9.6,10.2,11.4,12.0,12.6,13.2,13.8,15.0,15.6,16.2,16.8,17.4,18.6,19.2,19.8,20.4,21.0,21.6,22.8,23.4,24.0,24.6,25.2,26.4,27.0,27.6,28.2,28.8,29.4,30.0,30.6,31.2,31.8,32.4,33.0,33.6,34.2,34.8,35.4
Rope Hammer Cable Curl,M,Pull,Biceps,17.25,18.0,18.75,20.25,21.0,21.75,23.25,24.0,24.75,26.25,27.0,28.5,30.0,30.75,32.25,33.75,35.25,36.75,37.5,39.0,40.5,42.0,43.5,44.25,45.75,47.25,48.75,50.25,51.0,52.5,54.0,54.75,56.25,57.75,58.5,59.25,60.75,61.5,63.0,63.75,65.25,66.75,67.5,68.25,69.75,70.5,5.4,6.0,7.2,7.8,8.4,9.6,10.2,10.8,12.0,12.6,13.8,14.4,15.0,16.2,16.8,17.4,18.6,19.2,19.8,21.0,21.6,22.2,23.4,24.0,24.6,25.8,26.4,27.0,28.2,28.8,29.4,30.6,31.2,31.8,32.4,33.6,34.2,34.8,35.4,36.0,36.6,37.8,38.4,39.0,39.6,40.8
Cross-Body Cable Curl,M,Pull,Biceps,17.25,18.0,18.75,20.25,21.0,21.75,23.25,24.0,24.75,26.25,27.0,28.5,30.0,30.75,32.25,33.75,35.25,36.75,37.5,39.0,40.5,42.0,43.5,44.25,45.75,47.25,48.75,50.25,51.0,52.5,54.0,54.75,56.25,57.75,58.5,59.25,60.75,61.5,63.0,63.75,65.25,66.75,67.5,68.25,69.75,70.5,5.4,6.0,7.2,7.8,8.4,9.6,10.2,10.8,12.0,12.6,13.8,14.4,15.0,16.2,16.8,17.4,18.6,19.2,19.8,21.0,21.6,22.2,23.4,24.0,24.6,25.8,26.4,27.0,28.2,28.8,29.4,30.6,31.2,31.8,32.4,33.6,34.2,34.8,35.4,36.0,36.6,37.8,38.4,39.0,39.6,40.8
High-Pulley Cable Curl,M,Pull,Biceps,17.25,18.0,18.75,20.25,21.0,21.75,23.25,24.0,24.75,26.25,27.0,28.5,30.0,30.75,32.25,33.75,35.25,36.75,37.5,39.0,40.5,42.0,43.5,44.25,45.75,47.25,48.75,50.25,51.0,52.5,54.0,54.75,56.25,57.75,58.5,59.25,60.75,61.5,63.0,63.75,65.25,66.75,67.5,68.25,69.75,70.5,5.4,6.0,7.2,7.8,8.4,9.6,10.2,10.8,12.0,12.6,13.8,14.4,15.0,16.2,16.8,17.4,18.6,19.2,19.8,21.0,21.6,22.2,23.4,24.0,24.6,25.8,26.4,27.0,28.2,28.8,29.4,30.6,31.2,31.8,32.4,33.6,34.2,34.8,35.4,36.0,36.6,37.8,38.4,39.0,39.6,40.8
Low-Pulley Cable Curl,M,Pull,Biceps,17.25,18.0,18.75,20.25,21.0,21.75,23.25,24.0,24.75,26.25,27.0,28.5,30.0,30.75,32.25,33.75,35.25,36.75,37.5,39.0,40.5,42.0,43.5,44.25,45.75,47.25,48.75,50.25,51.0,52.5,54.0,54.75,56.25,57.75,58.5,59.25,60.75,61.5,63.0,63.75,65.25,66.75,67.5,68.25,69.75,70.5,5.4,6.0,7.2,7.8,8.4,9.6,10.2,10.8,12.0,12.6,13.8,14.4,15.0,16.2,16.8,17.4,18.6,19.2,19.8,21.0,21.6,22.2,23.4,24.0,24.6,25.8,26.4,27.0,28.2,28.8,29.4,30.6,31.2,31.8,32.4,33.6,34.2,34.8,35.4,36.0,36.6,37.8,38.4,39.0,39.6,40.8
Behind-the-Body Cable Curl,M,Pull,Biceps,17.25,18.0,18.75,20.25,21.0,21.75,23.25,24.0,24.75,26.25,27.0,28.5,30.0,30.75,32.25,33.75,35.25,36.75,37.5,39.0,40.5,42.0,43.5,44.25,45.75,47.25,48.75,50.25,51.0,52.5,54.0,54.75,56.25,57.75,58.5,59.25,60.75,61.5,63.0,63.75,65.25,66.75,67.5,68.25,69.75,70.5,5.4,6.0,7.2,7.8,8.4,9.6,10.2,10.8,12.0,12.6,13.8,14.4,15.0,16.2,16.8,17.4,18.6,19.2,19.8,21.0,21.6,22.2,23.4,24.0,24.6,25.8,26.4,27.0,28.2,28.8,29.4,30.6,31.2,31.8,32.4,33.6,34.2,34.8,35.4,36.0,36.6,37.8,38.4,39.0,39.6,40.8
Rope Cable Curl,M,Pull,Biceps,17.25,18.0,18.75,20.25,21.0,21.75,23.25,24.0,24.75,26.25,27.0,28.5,30.0,30.75,32.25,33.75,35.25,36.75,37.5,39.0,40.5,42.0,43.5,44.25,45.75,47.25,48.75,50.25,51.0,52.5,54.0,54.75,56.25,57.75,58.5,59.25,60.75,61.5,63.0,63.75,65.25,66.75,67.5,68.25,69.75,70.5,5.4,6.0,7.2,7.8,8.4,9.6,10.2,10.8,12.0,12.6,13.8,14.4,15.0,16.2,16.8,17.4,18.6,19.2,19.8,21.0,21.6,22.2,23.4,24.0,24.6,25.8,26.4,27.0,28.2,28.8,29.4,30.6,31.2,31.8,32.4,33.6,34.2,34.8,35.4,36.0,36.6,37.8,38.4,39.0,39.6,40.8
Wide-Grip Cable Curl,M,Pull,Biceps,17.25,18.0,18.75,20.25,21.0,21.75,23.25,24.0,24.75,26.25,27.0,28.5,30.0,30.75,32.25,33.75,35.25,36.75,37.5,39.0,40.5,42.0,43.5,44.25,45.75,47.25,48.75,50.25,51.0,52.5,54.0,54.75,56.25,57.75,58.5,59.25,60.75,61.5,63.0,63.75,65.25,66.75,67.5,68.25,69.75,70.5,5.4,6.0,7.2,7.8,8.4,9.6,10.2,10.8,12.0,12.6,13.8,14.4,15.0,16.2,16.8,17.4,18.6,19.2,19.8,21.0,21.6,22.2,23.4,24.0,24.6,25.8,26.4,27.0,28.2,28.8,29.4,30.6,31.2,31.8,32.4,33.6,34.2,34.8,35.4,36.0,36.6,37.8,38.4,39.0,39.6,40.8
Reverse-Grip Cable Curl,M,Pull,Biceps,17.25,18.0,18.75,20.25,21.0,21.75,23.25,24.0,24.75,26.25,27.0,28.5,30.0,30.75,32.25,33.75,35.25,36.75,37.5,39.0,40.5,42.0,43.5,44.25,45.75,47.25,48.75,50.25,51.0,52.5,54.0,54.75,56.25,57.75,58.5,59.25,60.75,61.5,63.0,63.75,65.25,66.75,67.5,68.25,69.75,70.5,5.4,6.0,7.2,7.8,8.4,9.6,10.2,10.8,12.0,12.6,13.8,14.4,15.0,16.2,16.8,17.4,18.6,19.2,19.8,21.0,21.6,22.2,23.4,24.0,24.6,25.8,26.4,27.0,28.2,28.8,29.4,30.6,31.2,31.8,32.4,33.6,34.2,34.8,35.4,36.0,36.6,37.8,38.4,39.0,39.6,40.8
Single-Arm Reverse Cable Curl,M,Pull,Biceps,15.0,15.75,16.5,17.25,18.75,19.5,20.25,21.0,21.75,23.25,24.0,24.75,26.25,27.0,28.5,30.0,30.75,32.25,33.0,34.5,35.25,36.75,38.25,39.0,40.5,41.25,42.75,44.25,45.0,46.5,47.25,48.75,49.5,50.25,51.75,52.5,53.25,54.75,55.5,56.25,57.75,58.5,59.25,60.75,61.5,62.25,4.8,5.4,6.0,6.6,7.8,8.4,9.0,9.6,10.2,11.4,12.0,12.6,13.2,13.8,15.0,15.6,16.2,16.8,17.4,18.6,19.2,19.8,20.4,21.0,21.6,22.8,23.4,24.0,24.6,25.2,26.4,27.0,27.6,28.2,28.8,29.4,30.0,30.6,31.2,31.8,32.4,33.0,33.6,34.2,34.8,35.4
Cable Spider Curl,M,Pull,Biceps,17.25,18.0,18.75,20.25,21.0,21.75,23.25,24.0,24.75,26.25,27.0,28.5,30.0,30.75,32.25,33.75,35.25,36.75,37.5,39.0,40.5,42.0,43.5,44.25,45.75,47.25,48.75,50.25,51.0,52.5,54.0,54.75,56.25,57.75,58.5,59.25,60.75,61.5,63.0,63.75,65.25,66.75,67.5,68.25,69.75,70.5,5.4,6.0,7.2,7.8,8.4,9.6,10.2,10.8,12.0,12.6,13.8,14.4,15.0,16.2,16.8,17.4,18.6,19.2,19.8,21.0,21.6,22.2,23.4,24.0,24.6,25.8,26.4,27.0,28.2,28.8,29.4,30.6,31.2,31.8,32.4,33.6,34.2,34.8,35.4,36.0,36.6,37.8,38.4,39.0,39.6,40.8
Dual-Cable Biceps Curl,M,Pull,Biceps,17.25,18.0,18.75,20.25,21.0,21.75,23.25,24.0,24.75,26.25,27.0,28.5,30.0,30.75,32.25,33.75,35.25,36.75,37.5,39.0,40.5,42.0,43.5,44.25,45.75,47.25,48.75,50.25,51.0,52.5,54.0,54.75,56.25,57.75,58.5,59.25,60.75,61.5,63.0,63.75,65.25,66.75,67.5,68.25,69.75,70.5,5.4,6.0,7.2,7.8,8.4,9.6,10.2,10.8,12.0,12.6,13.8,14.4,15.0,16.2,16.8,17.4,18.6,19.2,19.8,21.0,21.6,22.2,23.4,24.0,24.6,25.8,26.4,27.0,28.2,28.8,29.4,30.6,31.2,31.8,32.4,33.6,34.2,34.8,35.4,36.0,36.6,37.8,38.4,39.0,39.6,40.8
Alternating Cable Curl,M,Pull,Biceps,15.0,15.75,16.5,17.25,18.75,19.5,20.25,21.0,21.75,23.25,24.0,24.75,26.25,27.0,28.5,30.0,30.75,32.25,33.0,34.5,35.25,36.75,38.25,39.0,40.5,41.25,42.75,44.25,45.0,46.5,47.25,48.75,49.5,50.25,51.75,52.5,53.25,54.75,55.5,56.25,57.75,58.5,59.25,60.75,61.5,62.25,4.8,5.4,6.0,6.6,7.8,8.4,9.0,9.6,10.2,11.4,12.0,12.6,13.2,13.8,15.0,15.6,16.2,16.8,17.4,18.6,19.2,19.8,20.4,21.0,21.6,22.8,23.4,24.0,24.6,25.2,26.4,27.0,27.6,28.2,28.8,29.4,30.0,30.6,31.2,31.8,32.4,33.0,33.6,34.2,34.8,35.4
Cable Drag Curl,M,Pull,Biceps,17.25,18.0,18.75,20.25,21.0,21.75,23.25,24.0,24.75,26.25,27.0,28.5,30.0,30.75,32.25,33.75,35.25,36.75,37.5,39.0,40.5,42.0,43.5,44.25,45.75,47.25,48.75,50.25,51.0,52.5,54.0,54.75,56.25,57.75,58.5,59.25,60.75,61.5,63.0,63.75,65.25,66.75,67.5,68.25,69.75,70.5,5.4,6.0,7.2,7.8,8.4,9.6,10.2,10.8,12.0,12.6,13.8,14.4,15.0,16.2,16.8,17.4,18.6,19.2,19.8,21.0,21.6,22.2,23.4,24.0,24.6,25.8,26.4,27.0,28.2,28.8,29.4,30.6,31.2,31.8,32.4,33.6,34.2,34.8,35.4,36.0,36.6,37.8,38.4,39.0,39.6,40.8
Kneeling Cable Curl,M,Pull,Biceps,17.25,18.0,18.75,20.25,21.0,21.75,23.25,24.0,24.75,26.25,27.0,28.5,30.0,30.75,32.25,33.75,35.25,36.75,37.5,39.0,40.5,42.0,43.5,44.25,45.75,47.25,48.75,50.25,51.0,52.5,54.0,54.75,56.25,57.75,58.5,59.25,60.75,61.5,63.0,63.75,65.25,66.75,67.5,68.25,69.75,70.5,5.4,6.0,7.2,7.8,8.4,9.6,10.2,10.8,12.0,12.6,13.8,14.4,15.0,16.2,16.8,17.4,18.6,19.2,19.8,21.0,21.6,22.2,23.4,24.0,24.6,25.8,26.4,27.0,28.2,28.8,29.4,30.6,31.2,31.8,32.4,33.6,34.2,34.8,35.4,36.0,36.6,37.8,38.4,39.0,39.6,40.8
Cable Squat,M,Legs,Glutes,33.75,35.25,36.75,39.0,40.5,42.0,43.5,45.75,47.25,48.75,51.0,52.5,54.0,55.5,57.75,59.25,60.75,62.25,63.75,66.0,67.5,71.25,74.25,78.0,81.0,84.0,87.75,91.5,94.5,98.25,101.25,103.5,105.75,108.0,110.25,112.5,114.75,117.0,119.25,121.5,123.75,126.0,128.25,130.5,132.75,135.0,13.8,15.0,16.2,17.4,19.2,20.4,21.6,22.8,24.6,25.8,27.0,28.2,29.4,31.2,32.4,33.6,34.8,36.6,37.8,39.0,40.8,42.6,44.4,46.2,48.0,49.8,51.6,54.0,55.8,57.6,59.4,60.6,61.8,63.0,64.2,65.4,67.2,68.4,69.6,70.8,72.0,73.2,74.4,75.6,76.8,78.0
Cable Front Squat,M,Legs,Glutes,33.75,35.25,36.75,39.0,40.5,42.0,43.5,45.75,47.25,48.75,51.0,52.5,54.0,55.5,57.75,59.25,60.75,62.25,63.75,66.0,67.5,71.25,74.25,78.0,81.0,84.0,87.75,91.5,94.5,98.25,101.25,103.5,105.75,108.0,110.25,112.5,114.75,117.0,119.25,121.5,123.75,126.0,128.25,130.5,132.75,135.0,13.8,15.0,16.2,17.4,19.2,20.4,21.6,22.8,24.6,25.8,27.0,28.2,29.4,31.2,32.4,33.6,34.8,36.6,37.8,39.0,40.8,42.6,44.4,46.2,48.0,49.8,51.6,54.0,55.8,57.6,59.4,60.6,61.8,63.0,64.2,65.4,67.2,68.4,69.6,70.8,72.0,73.2,74.4,75.6,76.8,78.0
Cable Reverse Lunge,M,Legs,Glutes,33.75,35.25,36.75,39.0,40.5,42.0,43.5,45.75,47.25,48.75,51.0,52.5,54.0,55.5,57.75,59.25,60.75,62.25,63.75,66.0,67.5,71.25,74.25,78.0,81.0,84.0,87.75,91.5,94.5,98.25,101.25,103.5,105.75,108.0,110.25,112.5,114.75,117.0,119.25,121.5,123.75,126.0,128.25,130.5,132.75,135.0,13.8,15.0,16.2,17.4,19.2,20.4,21.6,22.8,24.6,25.8,27.0,28.2,29.4,31.2,32.4,33.6,34.8,36.6,37.8,39.0,40.8,42.6,44.4,46.2,48.0,49.8,51.6,54.0,55.8,57.6,59.4,60.6,61.8,63.0,64.2,65.4,67.2,68.4,69.6,70.8,72.0,73.2,74.4,75.6,76.8,78.0
Cable Split Squat,M,Legs,Glutes,33.75,35.25,36.75,39.0,40.5,42.0,43.5,45.75,47.25,48.75,51.0,52.5,54.0,55.5,57.75,59.25,60.75,62.25,63.75,66.0,67.5,71.25,74.25,78.0,81.0,84.0,87.75,91.5,94.5,98.25,101.25,103.5,105.75,108.0,110.25,112.5,114.75,117.0,119.25,121.5,123.75,126.0,128.25,130.5,132.75,135.0,13.8,15.0,16.2,17.4,19.2,20.4,21.6,22.8,24.6,25.8,27.0,28.2,29.4,31.2,32.4,33.6,34.8,36.6,37.8,39.0,40.8,42.6,44.4,46.2,48.0,49.8,51.6,54.0,55.8,57.6,59.4,60.6,61.8,63.0,64.2,65.4,67.2,68.4,69.6,70.8,72.0,73.2,74.4,75.6,76.8,78.0
Cable Bulgarian Split Squat,M,Legs,Glutes,33.75,35.25,36.75,39.0,40.5,42.0,43.5,45.75,47.25,48.75,51.0,52.5,54.0,55.5,57.75,59.25,60.75,62.25,63.75,66.0,67.5,71.25,74.25,78.0,81.0,84.0,87.75,91.5,94.5,98.25,101.25,103.5,105.75,108.0,110.25,112.5,114.75,117.0,119.25,121.5,123.75,126.0,128.25,130.5,132.75,135.0,13.8,15.0,16.2,17.4,19.2,20.4,21.6,22.8,24.6,25.8,27.0,28.2,29.4,31.2,32.4,33.6,34.8,36.6,37.8,39.0,40.8,42.6,44.4,46.2,48.0,49.8,51.6,54.0,55.8,57.6,59.4,60.6,61.8,63.0,64.2,65.4,67.2,68.4,69.6,70.8,72.0,73.2,74.4,75.6,76.8,78.0
Cable Step-Up,M,Legs,Glutes,33.75,35.25,36.75,39.0,40.5,42.0,43.5,45.75,47.25,48.75,51.0,52.5,54.0,55.5,57.75,59.25,60.75,62.25,63.75,66.0,67.5,71.25,74.25,78.0,81.0,84.0,87.75,91.5,94.5,98.25,101.25,103.5,105.75,108.0,110.25,112.5,114.75,117.0,119.25,121.5,123.75,126.0,128.25,130.5,132.75,135.0,13.8,15.0,16.2,17.4,19.2,20.4,21.6,22.8,24.6,25.8,27.0,28.2,29.4,31.2,32.4,33.6,34.8,36.6,37.8,39.0,40.8,42.6,44.4,46.2,48.0,49.8,51.6,54.0,55.8,57.6,59.4,60.6,61.8,63.0,64.2,65.4,67.2,68.4,69.6,70.8,72.0,73.2,74.4,75.6,76.8,78.0
Cable Leg Extension,M,Legs,Glutes,33.75,36.75,40.5,43.5,47.25,51.0,54.0,57.75,60.75,63.75,67.5,69.0,71.25,72.75,74.25,75.75,77.25,79.5,81.0,82.5,84.0,87.75,91.5,94.5,97.5,101.25,105.0,108.0,111.0,114.75,117.75,121.5,125.25,128.25,131.25,135.0,138.0,141.75,145.5,148.5,151.5,155.25,159.0,162.0,165.75,168.75,13.8,15.0,16.2,17.4,19.2,20.4,21.6,22.8,24.6,25.8,27.0,29.4,32.4,34.8,37.8,40.8,43.2,46.2,48.6,51.0,54.0,55.2,57.0,58.2,59.4,60.6,61.8,63.6,64.8,66.0,67.2,69.6,71.4,73.2,74.4,76.2,78.0,79.8,81.6,84.0,85.8,87.6,88.8,90.6,92.4,94.2
Seated Cable Leg Extension,M,Legs,Glutes,33.75,36.75,40.5,43.5,47.25,51.0,54.0,57.75,60.75,63.75,67.5,69.0,71.25,72.75,74.25,75.75,77.25,79.5,81.0,82.5,84.0,87.75,91.5,94.5,97.5,101.25,105.0,108.0,111.0,114.75,117.75,121.5,125.25,128.25,131.25,135.0,138.0,141.75,145.5,148.5,151.5,155.25,159.0,162.0,165.75,168.75,13.8,15.0,16.2,17.4,19.2,20.4,21.6,22.8,24.6,25.8,27.0,29.4,32.4,34.8,37.8,40.8,43.2,46.2,48.6,51.0,54.0,55.2,57.0,58.2,59.4,60.6,61.8,63.6,64.8,66.0,67.2,69.6,71.4,73.2,74.4,76.2,78.0,79.8,81.6,84.0,85.8,87.6,88.8,90.6,92.4,94.2
Standing Cable Hamstring Curl,M,Legs,Glutes,17.25,18.75,20.25,21.75,24.0,25.5,27.0,28.5,30.75,32.25,33.75,35.25,36.75,39.0,40.5,42.0,43.5,45.75,47.25,48.75,51.0,54.0,57.75,60.75,63.75,67.5,71.25,74.25,78.0,81.0,84.0,87.0,89.25,91.5,93.0,95.25,97.5,99.75,102.0,105.0,107.25,109.5,111.0,113.25,115.5,117.75,10.8,12.0,13.2,13.8,15.0,16.2,17.4,18.6,19.2,20.4,21.6,22.8,24.0,25.8,27.0,28.2,29.4,31.2,32.4,33.6,34.8,36.6,38.4,40.2,41.4,43.2,45.0,46.2,48.0,49.8,51.0,52.8,54.0,55.2,56.4,57.6,58.8,60.0,61.2,62.4,63.6,65.4,66.6,67.8,69.0,70.2
Single-Leg Cable Hamstring Curl,M,Legs,Glutes,15.0,16.5,18.0,19.5,21.0,22.5,24.0,25.5,27.0,28.5,30.0,31.5,33.0,34.5,36.0,36.75,38.25,39.75,41.25,42.75,44.25,47.25,50.25,53.25,56.25,59.25,62.25,65.25,68.25,71.25,74.25,76.5,78.0,80.25,82.5,84.0,86.25,87.75,90.0,92.25,93.75,96.0,98.25,99.75,102.0,104.25,9.6,10.2,11.4,12.6,13.2,14.4,15.0,16.2,17.4,18.0,19.2,20.4,21.6,22.8,24.0,25.2,26.4,27.6,28.8,30.0,31.2,32.4,33.6,35.4,36.6,37.8,39.6,40.8,42.0,43.8,45.0,46.2,47.4,48.6,49.8,50.4,51.6,52.8,54.0,55.2,56.4,57.6,58.2,59.4,60.6,61.8
Kneeling Cable Leg Curl,M,Legs,Glutes,17.25,18.75,20.25,21.75,24.0,25.5,27.0,28.5,30.75,32.25,33.75,35.25,36.75,39.0,40.5,42.0,43.5,45.75,47.25,48.75,51.0,54.0,57.75,60.75,63.75,67.5,71.25,74.25,78.0,81.0,84.0,87.0,89.25,91.5,93.0,95.25,97.5,99.75,102.0,105.0,107.25,109.5,111.0,113.25,115.5,117.75,10.8,12.0,13.2,13.8,15.0,16.2,17.4,18.6,19.2,20.4,21.6,22.8,24.0,25.8,27.0,28.2,29.4,31.2,32.4,33.6,34.8,36.6,38.4,40.2,41.4,43.2,45.0,46.2,48.0,49.8,51.0,52.8,54.0,55.2,56.4,57.6,58.8,60.0,61.2,62.4,63.6,65.4,66.6,67.8,69.0,70.2
Cable Hip Abduction,M,Legs,Glutes,33.75,35.25,36.75,39.0,40.5,42.0,43.5,45.75,47.25,48.75,51.0,52.5,54.0,55.5,57.75,59.25,60.75,62.25,63.75,66.0,67.5,71.25,74.25,78.0,81.0,84.0,87.75,91.5,94.5,98.25,101.25,103.5,105.75,108.0,110.25,112.5,114.75,117.0,119.25,121.5,123.75,126.0,128.25,130.5,132.75,135.0,13.8,15.0,16.2,17.4,19.2,20.4,21.6,22.8,24.6,25.8,27.0,28.2,29.4,31.2,32.4,33.6,34.8,36.6,37.8,39.0,40.8,42.6,44.4,46.2,48.0,49.8,51.6,54.0,55.8,57.6,59.4,60.6,61.8,63.0,64.2,65.4,67.2,68.4,69.6,70.8,72.0,73.2,74.4,75.6,76.8,78.0
Cable Hip Adduction,M,Legs,Glutes,33.75,35.25,36.75,39.0,40.5,42.0,43.5,45.75,47.25,48.75,51.0,52.5,54.0,55.5,57.75,59.25,60.75,62.25,63.75,66.0,67.5,71.25,74.25,78.0,81.0,84.0,87.75,91.5,94.5,98.25,101.25,103.5,105.75,108.0,110.25,112.5,114.75,117.0,119.25,121.5,123.75,126.0,128.25,130.5,132.75,135.0,13.8,15.0,16.2,17.4,19.2,20.4,21.6,22.8,24.6,25.8,27.0,28.2,29.4,31.2,32.4,33.6,34.8,36.6,37.8,39.0,40.8,42.6,44.4,46.2,48.0,49.8,51.6,54.0,55.8,57.6,59.4,60.6,61.8,63.0,64.2,65.4,67.2,68.4,69.6,70.8,72.0,73.2,74.4,75.6,76.8,78.0
Standing Cable Hip Adduction,M,Legs,Glutes,33.75,35.25,36.75,39.0,40.5,42.0,43.5,45.75,47.25,48.75,51.0,52.5,54.0,55.5,57.75,59.25,60.75,62.25,63.75,66.0,67.5,71.25,74.25,78.0,81.0,84.0,87.75,91.5,94.5,98.25,101.25,103.5,105.75,108.0,110.25,112.5,114.75,117.0,119.25,121.5,123.75,126.0,128.25,130.5,132.75,135.0,13.8,15.0,16.2,17.4,19.2,20.4,21.6,22.8,24.6,25.8,27.0,28.2,29.4,31.2,32.4,33.6,34.8,36.6,37.8,39.0,40.8,42.6,44.4,46.2,48.0,49.8,51.6,54.0,55.8,57.6,59.4,60.6,61.8,63.0,64.2,65.4,67.2,68.4,69.6,70.8,72.0,73.2,74.4,75.6,76.8,78.0
Bent-Knee Cable Glute Kickback,M,Legs,Glutes,17.25,18.0,19.5,21.0,22.5,24.0,24.75,26.25,27.75,29.25,30.75,32.25,33.75,35.25,36.75,39.0,40.5,42.0,43.5,45.75,47.25,49.5,51.75,54.0,57.0,59.25,61.5,63.75,66.0,68.25,70.5,72.75,74.25,75.75,77.25,78.75,80.25,81.75,83.25,84.75,87.0,88.5,90.0,91.5,93.0,94.5,8.4,8.41,9.0,9.6,10.2,10.8,11.4,12.0,12.6,13.2,13.8,14.4,15.6,16.8,18.0,19.2,19.8,21.0,22.2,23.4,24.6,25.8,27.0,28.2,29.4,31.2,32.4,33.6,34.8,36.6,37.8,39.0,39.6,40.8,41.4,42.0,43.2,43.8,45.0,46.2,46.8,47.4,48.6,49.2,50.4,51.0
Diagonal Cable Glute Kickback,M,Legs,Glutes,17.25,18.0,19.5,21.0,22.5,24.0,24.75,26.25,27.75,29.25,30.75,32.25,33.75,35.25,36.75,39.0,40.5,42.0,43.5,45.75,47.25,49.5,51.75,54.0,57.0,59.25,61.5,63.75,66.0,68.25,70.5,72.75,74.25,75.75,77.25,78.75,80.25,81.75,83.25,84.75,87.0,88.5,90.0,91.5,93.0,94.5,8.4,8.41,9.0,9.6,10.2,10.8,11.4,12.0,12.6,13.2,13.8,14.4,15.6,16.8,18.0,19.2,19.8,21.0,22.2,23.4,24.6,25.8,27.0,28.2,29.4,31.2,32.4,33.6,34.8,36.6,37.8,39.0,39.6,40.8,41.4,42.0,43.2,43.8,45.0,46.2,46.8,47.4,48.6,49.2,50.4,51.0
Cable Romanian Deadlift,M,Legs,Glutes,51.0,52.5,54.0,55.5,57.75,59.25,60.75,62.25,63.75,66.0,67.5,71.25,74.25,78.0,81.0,84.0,87.75,91.5,94.5,98.25,101.25,105.0,108.0,111.75,114.75,118.5,121.5,125.25,128.25,132.0,135.0,138.0,141.75,145.5,148.5,151.5,155.25,159.0,162.0,165.75,168.75,171.75,175.5,179.25,182.25,186.0,27.0,28.2,29.4,31.2,32.4,33.6,34.8,36.6,37.8,39.0,40.8,42.0,43.2,44.4,46.2,47.4,48.6,49.8,51.0,52.8,54.0,57.0,59.4,62.4,64.8,67.2,70.2,73.2,75.6,78.6,81.0,82.8,84.6,86.4,88.2,90.0,91.8,93.6,95.4,97.2,99.0,100.8,102.6,104.4,106.2,108.0
Cable Good Morning,M,Legs,Glutes,33.75,35.25,36.75,39.0,40.5,42.0,43.5,45.75,47.25,48.75,51.0,52.5,54.0,55.5,57.75,59.25,60.75,62.25,63.75,66.0,67.5,71.25,74.25,78.0,81.0,84.0,87.75,91.5,94.5,98.25,101.25,103.5,105.75,108.0,110.25,112.5,114.75,117.0,119.25,121.5,123.75,126.0,128.25,130.5,132.75,135.0,13.8,15.0,16.2,17.4,19.2,20.4,21.6,22.8,24.6,25.8,27.0,28.2,29.4,31.2,32.4,33.6,34.8,36.6,37.8,39.0,40.8,42.6,44.4,46.2,48.0,49.8,51.6,54.0,55.8,57.6,59.4,60.6,61.8,63.0,64.2,65.4,67.2,68.4,69.6,70.8,72.0,73.2,74.4,75.6,76.8,78.0
Cable Calf Raise,M,Legs,Glutes,33.75,36.75,40.5,43.5,47.25,51.0,54.0,57.75,60.75,63.75,67.5,72.75,77.25,82.5,87.75,93.0,97.5,102.75,108.0,113.25,117.75,123.0,128.25,133.5,138.0,143.25,148.5,153.75,159.0,163.5,168.75,171.75,175.5,178.5,182.25,186.0,189.0,192.0,195.75,198.75,202.5,206.25,209.25,212.25,216.0,219.0,19.2,21.0,23.4,25.2,27.6,29.4,31.8,34.2,36.0,38.4,40.8,43.2,46.2,48.6,51.0,54.0,57.0,59.4,62.4,64.8,67.2,70.2,73.2,75.6,78.0,81.0,84.0,86.4,88.8,91.8,94.2,97.2,100.2,102.6,105.0,108.0,110.4,113.4,116.4,118.8,121.2,124.2,127.2,129.6,132.6,135.0
Single-Leg Cable Calf Raise,M,Legs,Glutes,30.0,33.0,36.0,38.25,41.25,44.25,47.25,50.25,53.25,56.25,59.25,63.75,68.25,72.75,77.25,81.75,86.25,90.75,95.25,99.75,104.25,108.75,112.5,117.0,121.5,126.0,130.5,135.0,139.5,144.0,148.5,151.5,154.5,157.5,160.5,163.5,166.5,169.5,172.5,175.5,178.5,181.5,184.5,186.75,189.75,192.75,16.8,18.6,20.4,22.2,24.0,26.4,28.2,30.0,31.8,33.6,35.4,37.8,40.2,42.6,45.0,47.4,49.8,52.2,54.6,57.0,59.4,61.8,64.2,66.6,69.0,71.4,73.8,76.2,78.6,81.0,83.4,85.8,88.2,90.0,92.4,94.8,97.2,99.6,102.0,104.4,106.8,109.2,111.6,114.0,116.4,118.8
Cable Lateral Lunge,M,Legs,Glutes,33.75,35.25,36.75,39.0,40.5,42.0,43.5,45.75,47.25,48.75,51.0,52.5,54.0,55.5,57.75,59.25,60.75,62.25,63.75,66.0,67.5,71.25,74.25,78.0,81.0,84.0,87.75,91.5,94.5,98.25,101.25,103.5,105.75,108.0,110.25,112.5,114.75,117.0,119.25,121.5,123.75,126.0,128.25,130.5,132.75,135.0,13.8,15.0,16.2,17.4,19.2,20.4,21.6,22.8,24.6,25.8,27.0,28.2,29.4,31.2,32.4,33.6,34.8,36.6,37.8,39.0,40.8,42.6,44.4,46.2,48.0,49.8,51.6,54.0,55.8,57.6,59.4,60.6,61.8,63.0,64.2,65.4,67.2,68.4,69.6,70.8,72.0,73.2,74.4,75.6,76.8,78.0
Cable Curtsy Lunge,M,Legs,Glutes,33.75,35.25,36.75,39.0,40.5,42.0,43.5,45.75,47.25,48.75,51.0,52.5,54.0,55.5,57.75,59.25,60.75,62.25,63.75,66.0,67.5,71.25,74.25,78.0,81.0,84.0,87.75,91.5,94.5,98.25,101.25,103.5,105.75,108.0,110.25,112.5,114.75,117.0,119.25,121.5,123.75,126.0,128.25,130.5,132.75,135.0,13.8,15.0,16.2,17.4,19.2,20.4,21.6,22.8,24.6,25.8,27.0,28.2,29.4,31.2,32.4,33.6,34.8,36.6,37.8,39.0,40.8,42.6,44.4,46.2,48.0,49.8,51.6,54.0,55.8,57.6,59.4,60.6,61.8,63.0,64.2,65.4,67.2,68.4,69.6,70.8,72.0,73.2,74.4,75.6,76.8,78.0
Cable Reverse Step-Up,M,Legs,Glutes,33.75,35.25,36.75,39.0,40.5,42.0,43.5,45.75,47.25,48.75,51.0,52.5,54.0,55.5,57.75,59.25,60.75,62.25,63.75,66.0,67.5,71.25,74.25,78.0,81.0,84.0,87.75,91.5,94.5,98.25,101.25,103.5,105.75,108.0,110.25,112.5,114.75,117.0,119.25,121.5,123.75,126.0,128.25,130.5,132.75,135.0,13.8,15.0,16.2,17.4,19.2,20.4,21.6,22.8,24.6,25.8,27.0,28.2,29.4,31.2,32.4,33.6,34.8,36.6,37.8,39.0,40.8,42.6,44.4,46.2,48.0,49.8,51.6,54.0,55.8,57.6,59.4,60.6,61.8,63.0,64.2,65.4,67.2,68.4,69.6,70.8,72.0,73.2,74.4,75.6,76.8,78.0
Cable Hip Hinge,M,Legs,Glutes,33.75,35.25,36.75,39.0,40.5,42.0,43.5,45.75,47.25,48.75,51.0,52.5,54.0,55.5,57.75,59.25,60.75,62.25,63.75,66.0,67.5,71.25,74.25,78.0,81.0,84.0,87.75,91.5,94.5,98.25,101.25,103.5,105.75,108.0,110.25,112.5,114.75,117.0,119.25,121.5,123.75,126.0,128.25,130.5,132.75,135.0,13.8,15.0,16.2,17.4,19.2,20.4,21.6,22.8,24.6,25.8,27.0,28.2,29.4,31.2,32.4,33.6,34.8,36.6,37.8,39.0,40.8,42.6,44.4,46.2,48.0,49.8,51.6,54.0,55.8,57.6,59.4,60.6,61.8,63.0,64.2,65.4,67.2,68.4,69.6,70.8,72.0,73.2,74.4,75.6,76.8,78.0
Cable Kickstand RDL,M,Legs,Glutes,33.75,35.25,36.75,39.0,40.5,42.0,43.5,45.75,47.25,48.75,51.0,52.5,54.0,55.5,57.75,59.25,60.75,62.25,63.75,66.0,67.5,71.25,74.25,78.0,81.0,84.0,87.75,91.5,94.5,98.25,101.25,103.5,105.75,108.0,110.25,112.5,114.75,117.0,119.25,121.5,123.75,126.0,128.25,130.5,132.75,135.0,13.8,15.0,16.2,17.4,19.2,20.4,21.6,22.8,24.6,25.8,27.0,28.2,29.4,31.2,32.4,33.6,34.8,36.6,37.8,39.0,40.8,42.6,44.4,46.2,48.0,49.8,51.6,54.0,55.8,57.6,59.4,60.6,61.8,63.0,64.2,65.4,67.2,68.4,69.6,70.8,72.0,73.2,74.4,75.6,76.8,78.0
Kneeling Cable Crunch,M,Core,Abs,15.0,16.5,18.0,19.5,21.0,22.5,24.0,25.5,27.0,28.5,30.0,32.25,33.75,36.0,37.5,39.75,41.25,42.75,45.0,46.5,48.75,51.0,53.25,55.5,57.75,60.0,62.25,64.5,66.75,69.0,71.25,72.75,75.0,76.5,78.0,80.25,81.75,83.25,85.5,87.0,88.5,90.75,92.25,93.75,96.0,97.5,7.2,7.8,9.0,9.6,10.2,10.8,12.0,12.6,13.2,14.4,15.0,16.2,17.4,18.6,19.8,21.0,22.2,23.4,24.6,25.8,27.0,28.2,30.0,31.8,33.0,34.2,36.0,37.2,39.0,40.2,42.0,43.2,44.4,45.6,46.8,48.0,49.2,50.4,51.6,52.8,54.0,55.2,56.4,57.6,58.8,60.0
Standing Cable Crunch,M,Core,Abs,15.0,16.5,18.0,19.5,21.0,22.5,24.0,25.5,27.0,28.5,30.0,32.25,33.75,36.0,37.5,39.75,41.25,42.75,45.0,46.5,48.75,51.0,53.25,55.5,57.75,60.0,62.25,64.5,66.75,69.0,71.25,72.75,75.0,76.5,78.0,80.25,81.75,83.25,85.5,87.0,88.5,90.75,92.25,93.75,96.0,97.5,7.2,7.8,9.0,9.6,10.2,10.8,12.0,12.6,13.2,14.4,15.0,16.2,17.4,18.6,19.8,21.0,22.2,23.4,24.6,25.8,27.0,28.2,30.0,31.8,33.0,34.2,36.0,37.2,39.0,40.2,42.0,43.2,44.4,45.6,46.8,48.0,49.2,50.4,51.6,52.8,54.0,55.2,56.4,57.6,58.8,60.0
High-Pulley Cable Crunch,M,Core,Abs,15.0,16.5,18.0,19.5,21.0,22.5,24.0,25.5,27.0,28.5,30.0,32.25,33.75,36.0,37.5,39.75,41.25,42.75,45.0,46.5,48.75,51.0,53.25,55.5,57.75,60.0,62.25,64.5,66.75,69.0,71.25,72.75,75.0,76.5,78.0,80.25,81.75,83.25,85.5,87.0,88.5,90.75,92.25,93.75,96.0,97.5,7.2,7.8,9.0,9.6,10.2,10.8,12.0,12.6,13.2,14.4,15.0,16.2,17.4,18.6,19.8,21.0,22.2,23.4,24.6,25.8,27.0,28.2,30.0,31.8,33.0,34.2,36.0,37.2,39.0,40.2,42.0,43.2,44.4,45.6,46.8,48.0,49.2,50.4,51.6,52.8,54.0,55.2,56.4,57.6,58.8,60.0
Rope Cable Crunch,M,Core,Abs,15.0,16.5,18.0,19.5,21.0,22.5,24.0,25.5,27.0,28.5,30.0,32.25,33.75,36.0,37.5,39.75,41.25,42.75,45.0,46.5,48.75,51.0,53.25,55.5,57.75,60.0,62.25,64.5,66.75,69.0,71.25,72.75,75.0,76.5,78.0,80.25,81.75,83.25,85.5,87.0,88.5,90.75,92.25,93.75,96.0,97.5,7.2,7.8,9.0,9.6,10.2,10.8,12.0,12.6,13.2,14.4,15.0,16.2,17.4,18.6,19.8,21.0,22.2,23.4,24.6,25.8,27.0,28.2,30.0,31.8,33.0,34.2,36.0,37.2,39.0,40.2,42.0,43.2,44.4,45.6,46.8,48.0,49.2,50.4,51.6,52.8,54.0,55.2,56.4,57.6,58.8,60.0
Kneeling Rope Crunch,M,Core,Abs,15.0,16.5,18.0,19.5,21.0,22.5,24.0,25.5,27.0,28.5,30.0,32.25,33.75,36.0,37.5,39.75,41.25,42.75,45.0,46.5,48.75,51.0,53.25,55.5,57.75,60.0,62.25,64.5,66.75,69.0,71.25,72.75,75.0,76.5,78.0,80.25,81.75,83.25,85.5,87.0,88.5,90.75,92.25,93.75,96.0,97.5,7.2,7.8,9.0,9.6,10.2,10.8,12.0,12.6,13.2,14.4,15.0,16.2,17.4,18.6,19.8,21.0,22.2,23.4,24.6,25.8,27.0,28.2,30.0,31.8,33.0,34.2,36.0,37.2,39.0,40.2,42.0,43.2,44.4,45.6,46.8,48.0,49.2,50.4,51.6,52.8,54.0,55.2,56.4,57.6,58.8,60.0
Cable Woodchop High-to-Low,M,Core,Abs,13.5,15.0,16.5,17.25,18.75,20.25,21.75,23.25,24.0,25.5,27.0,28.5,30.0,32.25,33.75,35.25,36.75,39.0,40.5,42.0,43.5,45.75,48.0,50.25,51.75,54.0,56.25,57.75,60.0,62.25,63.75,66.0,67.5,69.0,70.5,72.0,73.5,75.0,76.5,78.0,79.5,81.75,83.25,84.75,86.25,87.75,6.6,7.2,7.8,8.4,9.0,10.2,10.8,11.4,12.0,12.6,13.8,14.4,15.6,16.8,18.0,19.2,19.8,21.0,22.2,23.4,24.6,25.8,27.0,28.2,29.4,31.2,32.4,33.6,34.8,36.6,37.8,39.0,40.2,40.8,42.0,43.2,44.4,45.6,46.2,47.4,48.6,49.8,51.0,51.6,52.8,54.0
Cable Woodchop Low-to-High,M,Core,Abs,13.5,15.0,16.5,17.25,18.75,20.25,21.75,23.25,24.0,25.5,27.0,28.5,30.0,32.25,33.75,35.25,36.75,39.0,40.5,42.0,43.5,45.75,48.0,50.25,51.75,54.0,56.25,57.75,60.0,62.25,63.75,66.0,67.5,69.0,70.5,72.0,73.5,75.0,76.5,78.0,79.5,81.75,83.25,84.75,86.25,87.75,6.6,7.2,7.8,8.4,9.0,10.2,10.8,11.4,12.0,12.6,13.8,14.4,15.6,16.8,18.0,19.2,19.8,21.0,22.2,23.4,24.6,25.8,27.0,28.2,29.4,31.2,32.4,33.6,34.8,36.6,37.8,39.0,40.2,40.8,42.0,43.2,44.4,45.6,46.2,47.4,48.6,49.8,51.0,51.6,52.8,54.0
Half-Kneeling Cable Chop,M,Core,Abs,13.5,15.0,16.5,17.25,18.75,20.25,21.75,23.25,24.0,25.5,27.0,28.5,30.0,32.25,33.75,35.25,36.75,39.0,40.5,42.0,43.5,45.75,48.0,50.25,51.75,54.0,56.25,57.75,60.0,62.25,63.75,66.0,67.5,69.0,70.5,72.0,73.5,75.0,76.5,78.0,79.5,81.75,83.25,84.75,86.25,87.75,6.6,7.2,7.8,8.4,9.0,10.2,10.8,11.4,12.0,12.6,13.8,14.4,15.6,16.8,18.0,19.2,19.8,21.0,22.2,23.4,24.6,25.8,27.0,28.2,29.4,31.2,32.4,33.6,34.8,36.6,37.8,39.0,40.2,40.8,42.0,43.2,44.4,45.6,46.2,47.4,48.6,49.8,51.0,51.6,52.8,54.0
Tall-Kneeling Cable Chop,M,Core,Abs,13.5,15.0,16.5,17.25,18.75,20.25,21.75,23.25,24.0,25.5,27.0,28.5,30.0,32.25,33.75,35.25,36.75,39.0,40.5,42.0,43.5,45.75,48.0,50.25,51.75,54.0,56.25,57.75,60.0,62.25,63.75,66.0,67.5,69.0,70.5,72.0,73.5,75.0,76.5,78.0,79.5,81.75,83.25,84.75,86.25,87.75,6.6,7.2,7.8,8.4,9.0,10.2,10.8,11.4,12.0,12.6,13.8,14.4,15.6,16.8,18.0,19.2,19.8,21.0,22.2,23.4,24.6,25.8,27.0,28.2,29.4,31.2,32.4,33.6,34.8,36.6,37.8,39.0,40.2,40.8,42.0,43.2,44.4,45.6,46.2,47.4,48.6,49.8,51.0,51.6,52.8,54.0
Half-Kneeling Pallof Press,M,Core,Abs,13.5,15.0,16.5,17.25,18.75,20.25,21.75,23.25,24.0,25.5,27.0,28.5,30.0,32.25,33.75,35.25,36.75,39.0,40.5,42.0,43.5,45.75,48.0,50.25,51.75,54.0,56.25,57.75,60.0,62.25,63.75,66.0,67.5,69.0,70.5,72.0,73.5,75.0,76.5,78.0,79.5,81.75,83.25,84.75,86.25,87.75,6.6,7.2,7.8,8.4,9.0,10.2,10.8,11.4,12.0,12.6,13.8,14.4,15.6,16.8,18.0,19.2,19.8,21.0,22.2,23.4,24.6,25.8,27.0,28.2,29.4,31.2,32.4,33.6,34.8,36.6,37.8,39.0,40.2,40.8,42.0,43.2,44.4,45.6,46.2,47.4,48.6,49.8,51.0,51.6,52.8,54.0
Single-Arm Pallof Press,M,Core,Abs,12.0,12.75,14.25,15.75,16.5,18.0,18.75,20.25,21.75,22.5,24.0,25.5,27.0,28.5,30.0,31.5,33.0,34.5,36.0,37.5,39.0,40.5,42.0,44.25,45.75,47.25,49.5,51.0,52.5,54.75,56.25,57.75,59.25,60.75,62.25,63.0,64.5,66.0,67.5,69.0,70.5,72.0,72.75,74.25,75.75,77.25,6.0,6.6,7.2,7.8,8.4,9.0,9.6,10.2,10.8,11.4,12.0,12.6,13.8,15.0,15.6,16.8,17.4,18.6,19.2,20.4,21.6,22.8,24.0,25.2,26.4,27.6,28.2,29.4,30.6,31.8,33.0,34.2,35.4,36.0,37.2,37.8,39.0,40.2,40.8,42.0,42.6,43.8,44.4,45.6,46.8,47.4
Standing Cable Side Bend,M,Core,Abs,13.5,15.0,16.5,17.25,18.75,20.25,21.75,23.25,24.0,25.5,27.0,28.5,30.0,32.25,33.75,35.25,36.75,39.0,40.5,42.0,43.5,45.75,48.0,50.25,51.75,54.0,56.25,57.75,60.0,62.25,63.75,66.0,67.5,69.0,70.5,72.0,73.5,75.0,76.5,78.0,79.5,81.75,83.25,84.75,86.25,87.75,6.6,7.2,7.8,8.4,9.0,10.2,10.8,11.4,12.0,12.6,13.8,14.4,15.6,16.8,18.0,19.2,19.8,21.0,22.2,23.4,24.6,25.8,27.0,28.2,29.4,31.2,32.4,33.6,34.8,36.6,37.8,39.0,40.2,40.8,42.0,43.2,44.4,45.6,46.2,47.4,48.6,49.8,51.0,51.6,52.8,54.0
Seated Cable Rotation,M,Core,Abs,13.5,15.0,16.5,17.25,18.75,20.25,21.75,23.25,24.0,25.5,27.0,28.5,30.0,32.25,33.75,35.25,36.75,39.0,40.5,42.0,43.5,45.75,48.0,50.25,51.75,54.0,56.25,57.75,60.0,62.25,63.75,66.0,67.5,69.0,70.5,72.0,73.5,75.0,76.5,78.0,79.5,81.75,83.25,84.75,86.25,87.75,6.6,7.2,7.8,8.4,9.0,10.2,10.8,11.4,12.0,12.6,13.8,14.4,15.6,16.8,18.0,19.2,19.8,21.0,22.2,23.4,24.6,25.8,27.0,28.2,29.4,31.2,32.4,33.6,34.8,36.6,37.8,39.0,40.2,40.8,42.0,43.2,44.4,45.6,46.2,47.4,48.6,49.8,51.0,51.6,52.8,54.0
Standing Cable Rotation,M,Core,Abs,13.5,15.0,16.5,17.25,18.75,20.25,21.75,23.25,24.0,25.5,27.0,28.5,30.0,32.25,33.75,35.25,36.75,39.0,40.5,42.0,43.5,45.75,48.0,50.25,51.75,54.0,56.25,57.75,60.0,62.25,63.75,66.0,67.5,69.0,70.5,72.0,73.5,75.0,76.5,78.0,79.5,81.75,83.25,84.75,86.25,87.75,6.6,7.2,7.8,8.4,9.0,10.2,10.8,11.4,12.0,12.6,13.8,14.4,15.6,16.8,18.0,19.2,19.8,21.0,22.2,23.4,24.6,25.8,27.0,28.2,29.4,31.2,32.4,33.6,34.8,36.6,37.8,39.0,40.2,40.8,42.0,43.2,44.4,45.6,46.2,47.4,48.6,49.8,51.0,51.6,52.8,54.0
Cable Lift,M,Core,Abs,13.5,15.0,16.5,17.25,18.75,20.25,21.75,23.25,24.0,25.5,27.0,28.5,30.0,32.25,33.75,35.25,36.75,39.0,40.5,42.0,43.5,45.75,48.0,50.25,51.75,54.0,56.25,57.75,60.0,62.25,63.75,66.0,67.5,69.0,70.5,72.0,73.5,75.0,76.5,78.0,79.5,81.75,83.25,84.75,86.25,87.75,6.6,7.2,7.8,8.4,9.0,10.2,10.8,11.4,12.0,12.6,13.8,14.4,15.6,16.8,18.0,19.2,19.8,21.0,22.2,23.4,24.6,25.8,27.0,28.2,29.4,31.2,32.4,33.6,34.8,36.6,37.8,39.0,40.2,40.8,42.0,43.2,44.4,45.6,46.2,47.4,48.6,49.8,51.0,51.6,52.8,54.0
Half-Kneeling Cable Lift,M,Core,Abs,13.5,15.0,16.5,17.25,18.75,20.25,21.75,23.25,24.0,25.5,27.0,28.5,30.0,32.25,33.75,35.25,36.75,39.0,40.5,42.0,43.5,45.75,48.0,50.25,51.75,54.0,56.25,57.75,60.0,62.25,63.75,66.0,67.5,69.0,70.5,72.0,73.5,75.0,76.5,78.0,79.5,81.75,83.25,84.75,86.25,87.75,6.6,7.2,7.8,8.4,9.0,10.2,10.8,11.4,12.0,12.6,13.8,14.4,15.6,16.8,18.0,19.2,19.8,21.0,22.2,23.4,24.6,25.8,27.0,28.2,29.4,31.2,32.4,33.6,34.8,36.6,37.8,39.0,40.2,40.8,42.0,43.2,44.4,45.6,46.2,47.4,48.6,49.8,51.0,51.6,52.8,54.0
Cable Reverse Crunch,M,Core,Abs,15.0,16.5,18.0,19.5,21.0,22.5,24.0,25.5,27.0,28.5,30.0,32.25,33.75,36.0,37.5,39.75,41.25,42.75,45.0,46.5,48.75,51.0,53.25,55.5,57.75,60.0,62.25,64.5,66.75,69.0,71.25,72.75,75.0,76.5,78.0,80.25,81.75,83.25,85.5,87.0,88.5,90.75,92.25,93.75,96.0,97.5,7.2,7.8,9.0,9.6,10.2,10.8,12.0,12.6,13.2,14.4,15.0,16.2,17.4,18.6,19.8,21.0,22.2,23.4,24.6,25.8,27.0,28.2,30.0,31.8,33.0,34.2,36.0,37.2,39.0,40.2,42.0,43.2,44.4,45.6,46.8,48.0,49.2,50.4,51.6,52.8,54.0,55.2,56.4,57.6,58.8,60.0
Cable Oblique Crunch,M,Core,Abs,15.0,16.5,18.0,19.5,21.0,22.5,24.0,25.5,27.0,28.5,30.0,32.25,33.75,36.0,37.5,39.75,41.25,42.75,45.0,46.5,48.75,51.0,53.25,55.5,57.75,60.0,62.25,64.5,66.75,69.0,71.25,72.75,75.0,76.5,78.0,80.25,81.75,83.25,85.5,87.0,88.5,90.75,92.25,93.75,96.0,97.5,7.2,7.8,9.0,9.6,10.2,10.8,12.0,12.6,13.2,14.4,15.0,16.2,17.4,18.6,19.8,21.0,22.2,23.4,24.6,25.8,27.0,28.2,30.0,31.8,33.0,34.2,36.0,37.2,39.0,40.2,42.0,43.2,44.4,45.6,46.8,48.0,49.2,50.4,51.6,52.8,54.0,55.2,56.4,57.6,58.8,60.0
Cable Dead Bug,M,Core,Abs,15.0,16.5,18.0,19.5,21.0,22.5,24.0,25.5,27.0,28.5,30.0,32.25,33.75,36.0,37.5,39.75,41.25,42.75,45.0,46.5,48.75,51.0,53.25,55.5,57.75,60.0,62.25,64.5,66.75,69.0,71.25,72.75,75.0,76.5,78.0,80.25,81.75,83.25,85.5,87.0,88.5,90.75,92.25,93.75,96.0,97.5,7.2,7.8,9.0,9.6,10.2,10.8,12.0,12.6,13.2,14.4,15.0,16.2,17.4,18.6,19.8,21.0,22.2,23.4,24.6,25.8,27.0,28.2,30.0,31.8,33.0,34.2,36.0,37.2,39.0,40.2,42.0,43.2,44.4,45.6,46.8,48.0,49.2,50.4,51.6,52.8,54.0,55.2,56.4,57.6,58.8,60.0
Anti-Rotation Cable Hold,M,Core,Abs,13.5,15.0,16.5,17.25,18.75,20.25,21.75,23.25,24.0,25.5,27.0,28.5,30.0,32.25,33.75,35.25,36.75,39.0,40.5,42.0,43.5,45.75,48.0,50.25,51.75,54.0,56.25,57.75,60.0,62.25,63.75,66.0,67.5,69.0,70.5,72.0,73.5,75.0,76.5,78.0,79.5,81.75,83.25,84.75,86.25,87.75,6.6,7.2,7.8,8.4,9.0,10.2,10.8,11.4,12.0,12.6,13.8,14.4,15.6,16.8,18.0,19.2,19.8,21.0,22.2,23.4,24.6,25.8,27.0,28.2,29.4,31.2,32.4,33.6,34.8,36.6,37.8,39.0,40.2,40.8,42.0,43.2,44.4,45.6,46.2,47.4,48.6,49.8,51.0,51.6,52.8,54.0
Split-Stance Pallof Press,M,Core,Abs,13.5,15.0,16.5,17.25,18.75,20.25,21.75,23.25,24.0,25.5,27.0,28.5,30.0,32.25,33.75,35.25,36.75,39.0,40.5,42.0,43.5,45.75,48.0,50.25,51.75,54.0,56.25,57.75,60.0,62.25,63.75,66.0,67.5,69.0,70.5,72.0,73.5,75.0,76.5,78.0,79.5,81.75,83.25,84.75,86.25,87.75,6.6,7.2,7.8,8.4,9.0,10.2,10.8,11.4,12.0,12.6,13.8,14.4,15.6,16.8,18.0,19.2,19.8,21.0,22.2,23.4,24.6,25.8,27.0,28.2,29.4,31.2,32.4,33.6,34.8,36.6,37.8,39.0,40.2,40.8,42.0,43.2,44.4,45.6,46.2,47.4,48.6,49.8,51.0,51.6,52.8,54.0
Tall-Kneeling Anti-Rotation Press,M,Core,Abs,13.5,15.0,16.5,17.25,18.75,20.25,21.75,23.25,24.0,25.5,27.0,28.5,30.0,32.25,33.75,35.25,36.75,39.0,40.5,42.0,43.5,45.75,48.0,50.25,51.75,54.0,56.25,57.75,60.0,62.25,63.75,66.0,67.5,69.0,70.5,72.0,73.5,75.0,76.5,78.0,79.5,81.75,83.25,84.75,86.25,87.75,6.6,7.2,7.8,8.4,9.0,10.2,10.8,11.4,12.0,12.6,13.8,14.4,15.6,16.8,18.0,19.2,19.8,21.0,22.2,23.4,24.6,25.8,27.0,28.2,29.4,31.2,32.4,33.6,34.8,36.6,37.8,39.0,40.2,40.8,42.0,43.2,44.4,45.6,46.2,47.4,48.6,49.8,51.0,51.6,52.8,54.0
Triceps Extension,M,Push,Triceps,17.25,18.0,19.5,21.0,22.5,24.0,24.75,26.25,27.75,29.25,30.75,32.25,33.75,35.25,36.75,39.0,40.5,42.0,43.5,45.75,47.25,49.5,51.75,54.0,57.0,59.25,61.5,63.75,66.0,68.25,70.5,72.75,74.25,75.75,77.25,78.75,80.25,81.75,83.25,84.75,87.0,88.5,90.0,91.5,93.0,94.5,8.4,8.41,9.0,9.6,10.2,10.8,11.4,12.0,12.6,13.2,13.8,14.4,15.6,16.8,18.0,19.2,19.8,21.0,22.2,23.4,24.6,25.8,27.0,28.2,29.4,31.2,32.4,33.6,34.8,36.6,37.8,39.0,39.6,40.8,41.4,42.0,43.2,43.8,45.0,46.2,46.8,47.4,48.6,49.2,50.4,51.0
Triceps Press,M,Push,Triceps,17.25,18.0,19.5,21.0,22.5,24.0,24.75,26.25,27.75,29.25,30.75,32.25,33.75,35.25,36.75,39.0,40.5,42.0,43.5,45.75,47.25,49.5,51.75,54.0,57.0,59.25,61.5,63.75,66.0,68.25,70.5,72.75,74.25,75.75,77.25,78.75,80.25,81.75,83.25,84.75,87.0,88.5,90.0,91.5,93.0,94.5,8.4,8.41,9.0,9.6,10.2,10.8,11.4,12.0,12.6,13.2,13.8,14.4,15.6,16.8,18.0,19.2,19.8,21.0,22.2,23.4,24.6,25.8,27.0,28.2,29.4,31.2,32.4,33.6,34.8,36.6,37.8,39.0,39.6,40.8,41.4,42.0,43.2,43.8,45.0,46.2,46.8,47.4,48.6,49.2,50.4,51.0
Cable Triceps Extension,M,Push,Triceps,17.25,18.0,19.5,21.0,22.5,24.0,24.75,26.25,27.75,29.25,30.75,32.25,33.75,35.25,36.75,39.0,40.5,42.0,43.5,45.75,47.25,49.5,51.75,54.0,57.0,59.25,61.5,63.75,66.0,68.25,70.5,72.75,74.25,75.75,77.25,78.75,80.25,81.75,83.25,84.75,87.0,88.5,90.0,91.5,93.0,94.5,8.4,8.41,9.0,9.6,10.2,10.8,11.4,12.0,12.6,13.2,13.8,14.4,15.6,16.8,18.0,19.2,19.8,21.0,22.2,23.4,24.6,25.8,27.0,28.2,29.4,31.2,32.4,33.6,34.8,36.6,37.8,39.0,39.6,40.8,41.4,42.0,43.2,43.8,45.0,46.2,46.8,47.4,48.6,49.2,50.4,51.0
Rope Triceps Extension,M,Push,Triceps,17.25,18.0,19.5,21.0,22.5,24.0,24.75,26.25,27.75,29.25,30.75,32.25,33.75,35.25,36.75,39.0,40.5,42.0,43.5,45.75,47.25,49.5,51.75,54.0,57.0,59.25,61.5,63.75,66.0,68.25,70.5,72.75,74.25,75.75,77.25,78.75,80.25,81.75,83.25,84.75,87.0,88.5,90.0,91.5,93.0,94.5,8.4,8.41,9.0,9.6,10.2,10.8,11.4,12.0,12.6,13.2,13.8,14.4,15.6,16.8,18.0,19.2,19.8,21.0,22.2,23.4,24.6,25.8,27.0,28.2,29.4,31.2,32.4,33.6,34.8,36.6,37.8,39.0,39.6,40.8,41.4,42.0,43.2,43.8,45.0,46.2,46.8,47.4,48.6,49.2,50.4,51.0
Single-Arm Triceps Extension,M,Push,Triceps,15.0,15.75,17.25,18.75,19.5,21.0,21.75,23.25,24.0,25.5,27.0,28.5,30.0,31.5,33.0,34.5,35.25,36.75,38.25,39.75,41.25,43.5,45.75,48.0,50.25,51.75,54.0,56.25,58.5,60.0,62.25,63.75,65.25,66.75,68.25,69.0,70.5,72.0,73.5,75.0,76.5,78.0,78.75,80.25,81.75,83.25,7.2,7.8,7.81,8.4,9.0,9.6,10.2,10.21,10.8,11.4,12.0,12.6,13.8,15.0,15.6,16.8,17.4,18.6,19.2,20.4,21.6,22.8,24.0,25.2,26.4,27.6,28.2,29.4,30.6,31.8,33.0,34.2,34.8,35.4,36.6,37.2,37.8,39.0,39.6,40.2,41.4,42.0,42.6,43.8,44.4,45.0
Reverse-Grip Triceps Extension,M,Push,Triceps,17.25,18.0,19.5,21.0,22.5,24.0,24.75,26.25,27.75,29.25,30.75,32.25,33.75,35.25,36.75,39.0,40.5,42.0,43.5,45.75,47.25,49.5,51.75,54.0,57.0,59.25,61.5,63.75,66.0,68.25,70.5,72.75,74.25,75.75,77.25,78.75,80.25,81.75,83.25,84.75,87.0,88.5,90.0,91.5,93.0,94.5,8.4,8.41,9.0,9.6,10.2,10.8,11.4,12.0,12.6,13.2,13.8,14.4,15.6,16.8,18.0,19.2,19.8,21.0,22.2,23.4,24.6,25.8,27.0,28.2,29.4,31.2,32.4,33.6,34.8,36.6,37.8,39.0,39.6,40.8,41.4,42.0,43.2,43.8,45.0,46.2,46.8,47.4,48.6,49.2,50.4,51.0
Cross-Body Triceps Extension,M,Push,Triceps,17.25,18.0,19.5,21.0,22.5,24.0,24.75,26.25,27.75,29.25,30.75,32.25,33.75,35.25,36.75,39.0,40.5,42.0,43.5,45.75,47.25,49.5,51.75,54.0,57.0,59.25,61.5,63.75,66.0,68.25,70.5,72.75,74.25,75.75,77.25,78.75,80.25,81.75,83.25,84.75,87.0,88.5,90.0,91.5,93.0,94.5,8.4,8.41,9.0,9.6,10.2,10.8,11.4,12.0,12.6,13.2,13.8,14.4,15.6,16.8,18.0,19.2,19.8,21.0,22.2,23.4,24.6,25.8,27.0,28.2,29.4,31.2,32.4,33.6,34.8,36.6,37.8,39.0,39.6,40.8,41.4,42.0,43.2,43.8,45.0,46.2,46.8,47.4,48.6,49.2,50.4,51.0
Machine Triceps Extension,M,Push,Triceps,15.0,16.5,18.0,18.75,20.25,21.0,22.5,24.0,24.75,26.25,27.0,29.25,30.75,32.25,33.75,35.25,36.75,38.25,39.75,41.25,42.75,45.0,46.5,48.75,51.0,53.25,55.5,57.75,59.25,61.5,63.75,65.25,66.75,68.25,69.75,71.25,72.0,73.5,75.0,76.5,78.0,79.5,81.0,82.5,84.0,84.75,7.2,7.8,8.4,9.0,9.01,9.6,10.2,10.8,11.4,11.41,12.0,13.2,14.4,15.0,16.2,16.8,18.0,19.2,19.8,21.0,21.6,23.4,24.6,25.8,27.0,28.2,29.4,30.6,31.8,33.0,34.2,34.8,35.4,36.6,37.2,37.8,39.0,39.6,40.2,41.4,42.0,43.2,43.8,44.4,45.6,46.2
Machine Triceps Press,M,Push,Triceps,15.0,16.5,18.0,18.75,20.25,21.0,22.5,24.0,24.75,26.25,27.0,29.25,30.75,32.25,33.75,35.25,36.75,38.25,39.75,41.25,42.75,45.0,46.5,48.75,51.0,53.25,55.5,57.75,59.25,61.5,63.75,65.25,66.75,68.25,69.75,71.25,72.0,73.5,75.0,76.5,78.0,79.5,81.0,82.5,84.0,84.75,7.2,7.8,8.4,9.0,9.01,9.6,10.2,10.8,11.4,11.41,12.0,13.2,14.4,15.0,16.2,16.8,18.0,19.2,19.8,21.0,21.6,23.4,24.6,25.8,27.0,28.2,29.4,30.6,31.8,33.0,34.2,34.8,35.4,36.6,37.2,37.8,39.0,39.6,40.2,41.4,42.0,43.2,43.8,44.4,45.6,46.2
Close-Grip Push-Up,U,Push,Triceps,15.0,16.5,18.0,19.5,21.0,22.5,24.0,25.5,27.0,28.5,30.0,32.25,33.75,36.0,37.5,39.75,41.25,42.75,45.0,46.5,48.75,51.0,53.25,55.5,57.75,60.0,62.25,64.5,66.75,69.0,71.25,72.75,75.0,76.5,78.0,80.25,81.75,83.25,85.5,87.0,88.5,90.75,92.25,93.75,96.0,97.5,7.2,7.8,9.0,9.6,10.2,10.8,12.0,12.6,13.2,14.4,15.0,16.2,17.4,18.6,19.8,21.0,22.2,23.4,24.6,25.8,27.0,28.2,30.0,31.8,33.0,34.2,36.0,37.2,39.0,40.2,42.0,43.2,44.4,45.6,46.8,48.0,49.2,50.4,51.6,52.8,54.0,55.2,56.4,57.6,58.8,60.0
Dip Machine,M,Push,Triceps,15.0,16.5,18.0,19.5,21.0,22.5,24.0,25.5,27.0,28.5,30.0,32.25,33.75,36.0,37.5,39.75,41.25,42.75,45.0,46.5,48.75,51.0,53.25,55.5,57.75,60.0,62.25,64.5,66.75,69.0,71.25,72.75,75.0,76.5,78.0,80.25,81.75,83.25,85.5,87.0,88.5,90.75,92.25,93.75,96.0,97.5,7.2,7.8,9.0,9.6,10.2,10.8,12.0,12.6,13.2,14.4,15.0,16.2,17.4,18.6,19.8,21.0,22.2,23.4,24.6,25.8,27.0,28.2,30.0,31.8,33.0,34.2,36.0,37.2,39.0,40.2,42.0,43.2,44.4,45.6,46.8,48.0,49.2,50.4,51.6,52.8,54.0,55.2,56.4,57.6,58.8,60.0
